LocationName,Duration,DurationDays,Date,Mean,StdDev,Skew
Blue River,1-Day,1.0,2000-01-01,3.655664847655,0.21972903605483138,-0.16325220510942134
Blue River,1-Day,1.0,2000-01-02,3.6505931435917995,0.2194390862035937,-0.14410430980733877
Blue River,1-Day,1.0,2000-01-03,3.6455059342100644,0.21916643665850474,-0.1250596215630946
Blue River,1-Day,1.0,2000-01-04,3.6404035392754186,0.2189122521465666,-0.10613264345057576
Blue River,1-Day,1.0,2000-01-05,3.6352869597876216,0.21867782654978177,-0.08734174861715728
Blue River,1-Day,1.0,2000-01-06,3.6301579542265716,0.21846481976644358,-0.06871174810223629
Blue River,1-Day,1.0,2000-01-07,3.62501895808247,0.21827503598365924,-0.05027158694297208
Blue River,1-Day,1.0,2000-01-08,3.6198727345874007,0.2181102564653106,-0.03205159925655883
Blue River,1-Day,1.0,2000-01-09,3.614721985105637,0.21797255645289115,-0.014085345672285605
Blue River,1-Day,1.0,2000-01-10,3.6095692852559313,0.21786328758508286,0.0036006651767545787
Blue River,1-Day,1.0,2000-01-11,3.6044170616912408,0.21918465426538541,0.007
Blue River,1-Day,1.0,2000-01-12,3.599267432281317,0.2208457128259298,0.007
Blue River,1-Day,1.0,2000-01-13,3.594122052850174,0.22250540051777765,0.007
Blue River,1-Day,1.0,2000-01-14,3.588981978621913,0.22416337696988142,0.007
Blue River,1-Day,1.0,2000-01-15,3.5838473599864344,0.22581959367210377,0.007
Blue River,1-Day,1.0,2000-01-16,3.578716940233803,0.22711294628962037,0.010460909633407088
Blue River,1-Day,1.0,2000-01-17,3.5735870454422467,0.22751621962376975,0.022407186800555284
Blue River,1-Day,1.0,2000-01-18,3.568449290730043,0.22797720267455068,0.033768822079847834
Blue River,1-Day,1.0,2000-01-19,3.563285220459088,0.2285043059040756,0.04451769668346297
Blue River,1-Day,1.0,2000-01-20,3.5580565067579415,0.22908480223412883,0.05489028976529483
Blue River,1-Day,1.0,2000-01-21,3.552643179690613,0.22968697493436174,0.06555510388635571
Blue River,1-Day,1.0,2000-01-22,3.54717018970545,0.23027099650778185,0.07651394008347025
Blue River,1-Day,1.0,2000-01-23,3.541645426574777,0.2307970744833866,0.08812968794202918
Blue River,1-Day,1.0,2000-01-24,3.5360839549760077,0.23123740894500477,0.10063107996024247
Blue River,1-Day,1.0,2000-01-25,3.5305062969994068,0.23159015405147598,0.11398168769030512
Blue River,1-Day,1.0,2000-01-26,3.5249351280332895,0.23188582798926,0.1278233034555662
Blue River,1-Day,1.0,2000-01-27,3.5193893251172645,0.232173119264048,0.1416265898909284
Blue River,1-Day,1.0,2000-01-28,3.5138819912720614,0.2324976824259944,0.15490229214618342
Blue River,1-Day,1.0,2000-01-29,3.5084225803917093,0.2328811750644202,0.1674042227275949
Blue River,1-Day,1.0,2000-01-30,3.503015677637329,0.2333129474477795,0.1792207896817773
Blue River,1-Day,1.0,2000-01-31,3.4976593253464086,0.2337609811189927,0.18003650970158955
Blue River,1-Day,1.0,2000-02-01,3.4923464719459525,0.2341913984802363,0.175787474456136
Blue River,1-Day,1.0,2000-02-02,3.4870671430217226,0.23458006043237958,0.16969650676422474
Blue River,1-Day,1.0,2000-02-03,3.4818096711933073,0.2349039073612111,0.162330372476947
Blue River,1-Day,1.0,2000-02-04,3.476562636771016,0.2351526252659759,0.15368499775923536
Blue River,1-Day,1.0,2000-02-05,3.4713154104852406,0.2353406700114802,0.14383329623866156
Blue River,1-Day,1.0,2000-02-06,3.466058979864579,0.23549798514182813,0.13291929676753386
Blue River,1-Day,1.0,2000-02-07,3.4607878164235797,0.23566390188616473,0.12109674383697389
Blue River,1-Day,1.0,2000-02-08,3.4555018957932893,0.235876212862667,0.10839476393825415
Blue River,1-Day,1.0,2000-02-09,3.450206014665775,0.23615774261912081,0.0946405405660167
Blue River,1-Day,1.0,2000-02-10,3.44490799990227,0.23650665872195162,0.07952578953262929
Blue River,1-Day,1.0,2000-02-11,3.4396180417606343,0.23690721049854832,0.06287688605877187
Blue River,1-Day,1.0,2000-02-12,3.4343473711148764,0.2373372005309346,0.04519433986897342
Blue River,1-Day,1.0,2000-02-13,3.4291058356222974,0.23776055858150644,0.02773746306391232
Blue River,1-Day,1.0,2000-02-14,3.4239030547736773,0.23812959616920384,0.011445582151959706
Blue River,1-Day,1.0,2000-02-15,3.418751037348517,0.23840135411943525,-0.003840032416315867
Blue River,1-Day,1.0,2000-02-16,3.413665510953193,0.2384063195280645,-0.018741144688746544
Blue River,1-Day,1.0,2000-02-17,3.408664414398102,0.23842430482305624,-0.03474441124361724
Blue River,1-Day,1.0,2000-02-18,3.403763352207305,0.23838707451983004,-0.0507622495787189
Blue River,1-Day,1.0,2000-02-19,3.398971285990938,0.2383046578734761,-0.06615166090588165
Blue River,1-Day,1.0,2000-02-20,3.394288606522873,0.23818102643155065,-0.08011760990619668
Blue River,1-Day,1.0,2000-02-21,3.3897092833697475,0.23801094008968057,-0.09228577675571037
Blue River,1-Day,1.0,2000-02-22,3.385225265782852,0.23778502542153374,-0.10263252611367288
Blue River,1-Day,1.0,2000-02-23,3.380825919280452,0.23750122056540765,-0.11135742789375391
Blue River,1-Day,1.0,2000-02-24,3.3765007214865457,0.23716001706852619,-0.11877680073965677
Blue River,1-Day,1.0,2000-02-25,3.3722398887323615,0.2367606950029373,-0.12532655727992212
Blue River,1-Day,1.0,2000-02-26,3.3680333558672255,0.2362994039931324,-0.13143369938474883
Blue River,1-Day,1.0,2000-02-27,3.3638710044499422,0.23577015619396088,-0.1373381615467996
Blue River,1-Day,1.0,2000-02-28,3.359744420336188,0.23516743474193733,-0.14311998755254648
Blue River,1-Day,1.0,2000-03-01,3.351582416568169,0.23385098568647833,-0.15384847691037895
Blue River,1-Day,1.0,2000-03-02,3.3475457339804207,0.23323077168753492,-0.15801255548344886
Blue River,1-Day,1.0,2000-03-03,3.3435414527347245,0.23269419323010465,-0.1603438099661475
Blue River,1-Day,1.0,2000-03-04,3.3395765523886505,0.23226743503283342,-0.160089422983468
Blue River,1-Day,1.0,2000-03-05,3.3356591018561077,0.23196201269191033,-0.15702132689727508
Blue River,1-Day,1.0,2000-03-06,3.3317967882452892,0.2317773486874625,-0.15154043344045418
Blue River,1-Day,1.0,2000-03-07,3.32799516083726,0.23169770443606483,-0.144493039731226
Blue River,1-Day,1.0,2000-03-08,3.324254701828386,0.23169754432615847,-0.13680998033022237
Blue River,1-Day,1.0,2000-03-09,3.3205688751280524,0.23174859249636917,-0.12919433990429008
Blue River,1-Day,1.0,2000-03-10,3.3169223491555577,0.23182708137068544,-0.12203661247282671
Blue River,1-Day,1.0,2000-03-11,3.3132901820715848,0.23191771487727955,-0.11542083847395221
Blue River,1-Day,1.0,2000-03-12,3.30963971229158,0.23201313573490448,-0.10927539387371236
Blue River,1-Day,1.0,2000-03-13,3.3059334943982726,0.23211554778421442,-0.10354171244444098
Blue River,1-Day,1.0,2000-03-14,3.3021363912548773,0.23224448484524593,-0.09713566738002144
Blue River,1-Day,1.0,2000-03-15,3.2982191021686016,0.23240841754619657,-0.09211432798726275
Blue River,1-Day,1.0,2000-03-16,3.2941576363232383,0.23263288134609494,-0.08776864584346558
Blue River,1-Day,1.0,2000-03-17,3.289934623825011,0.2329464648627782,-0.08423597112692559
Blue River,1-Day,1.0,2000-03-18,3.285540984829859,0.2333676591512692,-0.08147047661093919
Blue River,1-Day,1.0,2000-03-19,3.2809749756029647,0.2338971242879327,-0.07935413694192403
Blue River,1-Day,1.0,2000-03-20,3.276243584248456,0.23451751492679793,-0.07773554010598382
Blue River,1-Day,1.0,2000-03-21,3.2713607745790685,0.23519311761519948,-0.07649315305375312
Blue River,1-Day,1.0,2000-03-22,3.266346396698046,0.2358675094272252,-0.07559925324881854
Blue River,1-Day,1.0,2000-03-23,3.26121630357138,0.23648737734846415,-0.07505179845725629
Blue River,1-Day,1.0,2000-03-24,3.255979875879119,0.23702265260483946,-0.07473176143415733
Blue River,1-Day,1.0,2000-03-25,3.250645591889856,0.23747291256332512,-0.07429877727329172
Blue River,1-Day,1.0,2000-03-26,3.245225467958381,0.23785842025904558,-0.0732522279393419
Blue River,1-Day,1.0,2000-03-27,3.239733730168326,0.23821364300291858,-0.07111350499945275
Blue River,1-Day,1.0,2000-03-28,3.234178650424974,0.2385822590049555,-0.06756631485792067
Blue River,1-Day,1.0,2000-03-29,3.2285576158473166,0.23900219148111213,-0.06250478937903835
Blue River,1-Day,1.0,2000-03-30,3.222858788099399,0.2394989045286153,-0.055956912377360626
Blue River,1-Day,1.0,2000-03-31,3.2170667643251276,0.2400809270480592,-0.04799579041463859
Blue River,1-Day,1.0,2000-04-01,3.2111667280966434,0.24074121733073142,-0.03872988766217039
Blue River,1-Day,1.0,2000-04-02,3.20514402366261,0.24146168044333902,-0.028359936415136677
Blue River,1-Day,1.0,2000-04-03,3.1989820549649717,0.242218281317083,-0.017333080184338625
Blue River,1-Day,1.0,2000-04-04,3.1926634342536113,0.24299762015567386,-0.006566064976954802
Blue River,1-Day,1.0,2000-04-05,3.186176279014798,0.2437974206403,0.002857886146817605
Blue River,1-Day,1.0,2000-04-06,3.179517109467496,0.24464009485949112,0.009998463408316552
Blue River,1-Day,1.0,2000-04-07,3.172690400485571,0.24557385301740192,0.014372230438738746
Blue River,1-Day,1.0,2000-04-08,3.165708213058662,0.24664331136339537,0.016028802044423255
Blue River,1-Day,1.0,2000-04-09,3.1585896634654382,0.24786706339444953,0.015340119683243465
Blue River,1-Day,1.0,2000-04-10,3.1513568644619023,0.24924052055069196,0.012876234283801304
Blue River,1-Day,1.0,2000-04-11,3.1440269184030343,0.25074342895937746,0.009107010532154172
Blue River,1-Day,1.0,2000-04-12,3.136610212996144,0.25234299849936115,0.004370218110381424
Blue River,1-Day,1.0,2000-04-13,3.1291154312945975,0.25399542379108053,-0.0012570367853292344
Blue River,1-Day,1.0,2000-04-14,3.121548277231468,0.25563144551136635,-0.007965950213517323
Blue River,1-Day,1.0,2000-04-15,3.1139115941421256,0.25718401021015164,-0.015966372141996487
Blue River,1-Day,1.0,2000-04-16,3.1062053984485143,0.2586153899583716,-0.025362863827799606
Blue River,1-Day,1.0,2000-04-17,3.098428157717719,0.2599144536298102,-0.036047016768737554
Blue River,1-Day,1.0,2000-04-18,3.0905784292027954,0.26107879166965725,-0.047752844135454886
Blue River,1-Day,1.0,2000-04-19,3.0826524320184037,0.26210615187292563,-0.0601185981605219
Blue River,1-Day,1.0,2000-04-20,3.074640703831532,0.2629990362137731,-0.07270973352414428
Blue River,1-Day,1.0,2000-04-21,3.0665336492256396,0.2637910221015897,-0.08538284149358769
Blue River,1-Day,1.0,2000-04-22,3.0583224988123203,0.2645649560830374,-0.09819785409188168
Blue River,1-Day,1.0,2000-04-23,3.0500022115023184,0.2654197393560876,-0.11093873152082923
Blue River,1-Day,1.0,2000-04-24,3.0415738531270313,0.26642494725670185,-0.12335774323687378
Blue River,1-Day,1.0,2000-04-25,3.03304250226933,0.2675931371952549,-0.1355692522660623
Blue River,1-Day,1.0,2000-04-26,3.0244144894589855,0.2688829702896146,-0.14831027881122244
Blue River,1-Day,1.0,2000-04-27,3.015504534690592,0.27023885185400043,-0.1630171679237883
Blue River,1-Day,1.0,2000-04-28,3.006554297799749,0.27162584988584443,-0.18116076098761522
Blue River,1-Day,1.0,2000-04-29,2.9975853677103785,0.2730387165736579,-0.20310011533066596
Blue River,1-Day,1.0,2000-04-30,2.988605801350874,0.2745058871652677,-0.22732988300336918
Blue River,1-Day,1.0,2000-05-01,2.9796186219176035,0.27606813464191343,-0.2514300223113549
Blue River,1-Day,1.0,2000-05-02,2.970625323207856,0.27775730233142093,-0.27422453663663454
Blue River,1-Day,1.0,2000-05-03,2.961626642796122,0.279874879621447,-0.293390407926399
Blue River,1-Day,1.0,2000-05-04,2.9526229268911255,0.28208730296715545,-0.31219876339453473
Blue River,1-Day,1.0,2000-05-05,2.943614228979542,0.2843409693366747,-0.3313782816824093
Blue River,1-Day,1.0,2000-05-06,2.9346004661403424,0.2866192916325322,-0.35084771361717276
Blue River,1-Day,1.0,2000-05-07,2.9255814085622007,0.2889153573222054,-0.3705024476310167
Blue River,1-Day,1.0,2000-05-08,2.9165566112245798,0.2912247356828894,-0.3902749378483105
Blue River,1-Day,1.0,2000-05-09,2.907525428230659,0.29354494068693227,-0.41010709487182
Blue River,1-Day,1.0,2000-05-10,2.898487202831157,0.2958751456330911,-0.42992484447260276
Blue River,1-Day,1.0,2000-05-11,2.8894413408349138,0.29821564773216214,-0.44963762569155025
Blue River,1-Day,1.0,2000-05-12,2.8803874122991884,0.3005677165771766,-0.46914906344734564
Blue River,1-Day,1.0,2000-05-13,2.8713252408029293,0.30293298316912776,-0.4883729647970737
Blue River,1-Day,1.0,2000-05-14,2.862254874295698,0.3053127150608965,-0.5072515689554313
Blue River,1-Day,1.0,2000-05-15,2.8531765484177845,0.3077073947417909,-0.5257630375751323
Blue River,5-Day,5.0,2000-01-01,3.442381268528621,0.17884213254093212,-0.07479016590108283
Blue River,5-Day,5.0,2000-01-02,3.4386973358764634,0.17799519603270042,-0.050172326081727454
Blue River,5-Day,5.0,2000-01-03,3.434990696483631,0.17717766359827747,-0.025639404421761217
Blue River,5-Day,5.0,2000-01-04,3.4312615757677998,0.1772722793949154,-0.012
Blue River,5-Day,5.0,2000-01-05,3.427511013662298,0.17849271212518955,-0.012
Blue River,5-Day,5.0,2000-01-06,3.4237409435823047,0.17971949274943289,-0.012
Blue River,5-Day,5.0,2000-01-07,3.4199541385918186,0.18095171891275244,-0.012
Blue River,5-Day,5.0,2000-01-08,3.416153863520705,0.1821883282396659,-0.012
Blue River,5-Day,5.0,2000-01-09,3.4123433132851875,0.1834282811045863,-0.012
Blue River,5-Day,5.0,2000-01-10,3.408525455191481,0.184670611946213,-0.012
Blue River,5-Day,5.0,2000-01-11,3.404703224910196,0.18591436549746918,-0.012
Blue River,5-Day,5.0,2000-01-12,3.400879481792904,0.1871586113254899,-0.012
Blue River,5-Day,5.0,2000-01-13,3.3970568004027744,0.18840251166754268,-0.012
Blue River,5-Day,5.0,2000-01-14,3.393237393167936,0.18964534659961965,-0.012
Blue River,5-Day,5.0,2000-01-15,3.3894229052422875,0.19088658078872106,-0.012
Blue River,5-Day,5.0,2000-01-16,3.3856138409736163,0.19212605012010053,-0.012
Blue River,5-Day,5.0,2000-01-17,3.3818082063731323,0.19336440343761546,-0.012
Blue River,5-Day,5.0,2000-01-18,3.377997621807071,0.19460436747369322,-0.012
Blue River,5-Day,5.0,2000-01-19,3.374156324096012,0.1958543255656886,-0.012
Blue River,5-Day,5.0,2000-01-20,3.370218182392397,0.19713579668824338,-0.012
Blue River,5-Day,5.0,2000-01-21,3.365915834729511,0.1985357804127719,-0.012
Blue River,5-Day,5.0,2000-01-22,3.3615035050414894,0.199971552282283,-0.012
Blue River,5-Day,5.0,2000-01-23,3.356992979413682,0.20143927710671095,-0.012
Blue River,5-Day,5.0,2000-01-24,3.3524008574187314,0.20293355338497945,-0.012
Blue River,5-Day,5.0,2000-01-25,3.347747787360567,0.20444766216003454,-0.012
Blue River,5-Day,5.0,2000-01-26,3.3430576472818947,0.20597383351846696,-0.012
Blue River,5-Day,5.0,2000-01-27,3.338350626875898,0.20661851638869613,-0.0027362865545182496
Blue River,5-Day,5.0,2000-01-28,3.333641031426072,0.20680204341274394,0.011319175172941414
Blue River,5-Day,5.0,2000-01-29,3.328942624146961,0.20707797107768117,0.024320011681381624
Blue River,5-Day,5.0,2000-01-30,3.324273067448434,0.20749341723444403,0.035697490484517036
Blue River,5-Day,5.0,2000-01-31,3.319647785338474,0.2080351631000048,0.04553097211018442
Blue River,5-Day,5.0,2000-02-01,3.315075496504705,0.20866217717516677,0.05422404336716737
Blue River,5-Day,5.0,2000-02-02,3.3105565974253848,0.20932886762465516,0.06226077264227552
Blue River,5-Day,5.0,2000-02-03,3.3060842514809377,0.20996452431352963,0.07041688817587474
Blue River,5-Day,5.0,2000-02-04,3.3016468898942115,0.2105046295978348,0.07941830921582818
Blue River,5-Day,5.0,2000-02-05,3.297228811717517,0.21092479987337967,0.0895808970918512
Blue River,5-Day,5.0,2000-02-06,3.2928121127384418,0.2112378820421474,0.1008350467067857
Blue River,5-Day,5.0,2000-02-07,3.288380062273048,0.21148052882089208,0.11285357804148793
Blue River,5-Day,5.0,2000-02-08,3.283922021580999,0.21170081280894837,0.1227329853640782
Blue River,5-Day,5.0,2000-02-09,3.2794370399712673,0.21194050243564935,0.11425828375854895
Blue River,5-Day,5.0,2000-02-10,3.2749317059066314,0.21222505733747707,0.10632763465370344
Blue River,5-Day,5.0,2000-02-11,3.270417585230715,0.21256107114439718,0.09873139010719996
Blue River,5-Day,5.0,2000-02-12,3.2659085235136356,0.21293576174022294,0.0908616612501836
Blue River,5-Day,5.0,2000-02-13,3.261418243436265,0.21331642938256967,0.08243570036400526
Blue River,5-Day,5.0,2000-02-14,3.2569574276718307,0.21363983838345812,0.07331785985158584
Blue River,5-Day,5.0,2000-02-15,3.2525329302265193,0.21382473975646926,0.06340031866616676
Blue River,5-Day,5.0,2000-02-16,3.2481517126936805,0.2135965626444285,0.05493551214908012
Blue River,5-Day,5.0,2000-02-17,3.243822551905061,0.21339458523463115,0.04341939705280997
Blue River,5-Day,5.0,2000-02-18,3.2395561350277324,0.21304147802316603,0.031236946776913167
Blue River,5-Day,5.0,2000-02-19,3.2353641904163006,0.21255371551790347,0.018862188652767325
Blue River,5-Day,5.0,2000-02-20,3.231258041509537,0.21195829910748543,0.006846415087400996
Blue River,5-Day,5.0,2000-02-21,3.227245153726884,0.21127648426745096,-0.004730215665522789
Blue River,5-Day,5.0,2000-02-22,3.2233303597504652,0.21051343823173338,-0.01586758223527074
Blue River,5-Day,5.0,2000-02-23,3.2195146371843877,0.20967898742788824,-0.026514000463317963
Blue River,5-Day,5.0,2000-02-24,3.215794937789562,0.20878856285497127,-0.03655888466862739
Blue River,5-Day,5.0,2000-02-25,3.212165527890873,0.20785646208728145,-0.045917199050965564
Blue River,5-Day,5.0,2000-02-26,3.2086178300377637,0.20690681957042353,-0.054450218610401044
Blue River,5-Day,5.0,2000-02-27,3.205139825817201,0.20595478728421077,-0.06202853761432916
Blue River,5-Day,5.0,2000-02-28,3.2017183031105727,0.20498887540835395,-0.06893977719494973
Blue River,5-Day,5.0,2000-03-01,3.1950120515528577,0.20301668540855447,-0.08174559031627118
Blue River,5-Day,5.0,2000-03-02,3.191719557224857,0.20204137800563163,-0.0880493139768447
Blue River,5-Day,5.0,2000-03-03,3.188466746815648,0.2011069810895799,-0.09397700799535212
Blue River,5-Day,5.0,2000-03-04,3.185258642820028,0.20024403461911597,-0.09868291151437562
Blue River,5-Day,5.0,2000-03-05,3.1821019828479287,0.19948034020821176,-0.10134439658536888
Blue River,5-Day,5.0,2000-03-06,3.179006778962812,0.1988390429068387,-0.10149672719955478
Blue River,5-Day,5.0,2000-03-07,3.175983860508645,0.1983241140900413,-0.09908919044982273
Blue River,5-Day,5.0,2000-03-08,3.1730410260070334,0.19791437100676876,-0.09448803218673006
Blue River,5-Day,5.0,2000-03-09,3.1701778165779166,0.1975769139308231,-0.08833563072621489
Blue River,5-Day,5.0,2000-03-10,3.167384311686528,0.19727100871377384,-0.08196882259291861
Blue River,5-Day,5.0,2000-03-11,3.1646432044590744,0.19696006146588477,-0.0767408547430871
Blue River,5-Day,5.0,2000-03-12,3.161933289447925,0.19662338840565885,-0.07342947181200382
Blue River,5-Day,5.0,2000-03-13,3.159227475314306,0.19624859848795517,-0.07227014348134891
Blue River,5-Day,5.0,2000-03-14,3.156496698724574,0.19595686201478585,-0.06689373652430532
Blue River,5-Day,5.0,2000-03-15,3.153714279573405,0.19550415447675093,-0.06954859650235251
Blue River,5-Day,5.0,2000-03-16,3.1508534532773047,0.195050457952003,-0.07450662927770871
Blue River,5-Day,5.0,2000-03-17,3.1478857685146155,0.1946632645801581,-0.08164550832076593
Blue River,5-Day,5.0,2000-03-18,3.144783358426356,0.1943958249446495,-0.09027153349077012
Blue River,5-Day,5.0,2000-03-19,3.141521919553551,0.19425043568574948,-0.09921541852621484
Blue River,5-Day,5.0,2000-03-20,3.138083597817058,0.194210624653214,-0.10737879058191026
Blue River,5-Day,5.0,2000-03-21,3.134459952178927,0.1942785022187212,-0.11393017293882926
Blue River,5-Day,5.0,2000-03-22,3.130658854726836,0.1944768482931666,-0.1187678216655371
Blue River,5-Day,5.0,2000-03-23,3.126696594590425,0.19478515617649986,-0.12290631458886825
Blue River,5-Day,5.0,2000-03-24,3.122585689674138,0.19512673309496742,-0.12794547225352026
Blue River,5-Day,5.0,2000-03-25,3.118336005208289,0.19541917679353674,-0.13489964029657653
Blue River,5-Day,5.0,2000-03-26,3.11396012619727,0.1956321066731079,-0.1436565753810527
Blue River,5-Day,5.0,2000-03-27,3.1094757700715077,0.19580129071523378,-0.15324497510791452
Blue River,5-Day,5.0,2000-03-28,3.1048989913039162,0.196006772038311,-0.16204892277388974
Blue River,5-Day,5.0,2000-03-29,3.100237056095227,0.1963223773942363,-0.1685770777247365
Blue River,5-Day,5.0,2000-03-30,3.0954873259452365,0.19678285354939715,-0.17196612481854506
Blue River,5-Day,5.0,2000-03-31,3.0906417164056297,0.19737501539247612,-0.17195868350582233
Blue River,5-Day,5.0,2000-04-01,3.0856909949767517,0.19805551797830057,-0.168850768757664
Blue River,5-Day,5.0,2000-04-02,3.080629335725247,0.1987803454654698,-0.16345560452349164
Blue River,5-Day,5.0,2000-04-03,3.0754512642081244,0.1995114641813205,-0.15699308285054198
Blue River,5-Day,5.0,2000-04-04,3.070145863035196,0.20021793345307845,-0.1502437183692018
Blue River,5-Day,5.0,2000-04-05,3.0647013055667216,0.2008675605497881,-0.1440427653397915
Blue River,5-Day,5.0,2000-04-06,3.0591099017309036,0.2014697227313993,-0.1390927028543641
Blue River,5-Day,5.0,2000-04-07,3.0533687231018347,0.20211133676594778,-0.13582310049787355
Blue River,5-Day,5.0,2000-04-08,3.047479842132546,0.20293579636324388,-0.13440383025962305
Blue River,5-Day,5.0,2000-04-09,3.041454317849815,0.2040337328989429,-0.13456966003831566
Blue River,5-Day,5.0,2000-04-10,3.0353137288193763,0.20539367098528574,-0.13557017271033853
Blue River,5-Day,5.0,2000-04-11,3.029079168613549,0.20695532138829784,-0.13665845201660096
Blue River,5-Day,5.0,2000-04-12,3.022764674706304,0.20865738077518592,-0.13732937558209551
Blue River,5-Day,5.0,2000-04-13,3.016381202970313,0.21048409129556347,-0.13747224215625264
Blue River,5-Day,5.0,2000-04-14,3.009936825945149,0.21241642170843367,-0.13781742359976482
Blue River,5-Day,5.0,2000-04-15,3.0034362733420314,0.21440761533623004,-0.13948600073437442
Blue River,5-Day,5.0,2000-04-16,2.996881540741263,0.21639731291247505,-0.14293312965320795
Blue River,5-Day,5.0,2000-04-17,2.9902756653386664,0.2183535011695989,-0.148234799713282
Blue River,5-Day,5.0,2000-04-18,2.983624389288121,0.22027144823223432,-0.15563325347490403
Blue River,5-Day,5.0,2000-04-19,2.976929560742089,0.22216632490022245,-0.16521219955900915
Blue River,5-Day,5.0,2000-04-20,2.970181601082512,0.22404513607798146,-0.17644028576917087
Blue River,5-Day,5.0,2000-04-21,2.9633636234175,0.2259097523536333,-0.18830662640917198
Blue River,5-Day,5.0,2000-04-22,2.956455882564102,0.22778574725697337,-0.199855546871506
Blue River,5-Day,5.0,2000-04-23,2.949442068467432,0.22970717279235855,-0.21096865532704703
Blue River,5-Day,5.0,2000-04-24,2.9423144184547967,0.2316995400812911,-0.22234999289713048
Blue River,5-Day,5.0,2000-04-25,2.935072115121089,0.23378039463675035,-0.23505757912158626
Blue River,5-Day,5.0,2000-04-26,2.92771677374383,0.23593833715587262,-0.24994871406756233
Blue River,5-Day,5.0,2000-04-27,2.9199988033036646,0.23812565065800434,-0.2672640762501787
Blue River,5-Day,5.0,2000-04-28,2.9121939142057993,0.24029780807541098,-0.2868268826258182
Blue River,5-Day,5.0,2000-04-29,2.9043510614181005,0.24242945183571163,-0.30856007566292876
Blue River,5-Day,5.0,2000-04-30,2.8964903898754004,0.2445336020913476,-0.331987036144464
Blue River,5-Day,5.0,2000-05-01,2.888619590714585,0.2466581660531351,-0.3564180811055656
Blue River,5-Day,5.0,2000-05-02,2.880742042123004,0.24885556232372213,-0.3813814404043451
Blue River,5-Day,5.0,2000-05-03,2.8728591818495137,0.25133960247119397,-0.40744202668701957
Blue River,5-Day,5.0,2000-05-04,2.8649714288958896,0.25389101410883147,-0.4311018687283711
Blue River,5-Day,5.0,2000-05-05,2.857078539778505,0.25647209996145226,-0.4543866373969589
Blue River,5-Day,5.0,2000-05-06,2.8491798526357814,0.2590711329159099,-0.4778637531323152
Blue River,5-Day,5.0,2000-05-07,2.841274294384522,0.2616835964896684,-0.5016178504538501
Blue River,5-Day,5.0,2000-05-08,2.8333603265525693,0.26430605554129716,-0.52560252037965
Blue River,5-Day,5.0,2000-05-09,2.825436037283656,0.2669359112183628,-0.5497261388875723
Blue River,5-Day,5.0,2000-05-10,2.817499436757621,0.26957214254388956,-0.5738774240705992
Blue River,5-Day,5.0,2000-05-11,2.809548678229281,0.2722146120154555,-0.597931343056565
Blue River,5-Day,5.0,2000-05-12,2.801582245390075,0.2748641349193703,-0.6217568188816374
Blue River,5-Day,5.0,2000-05-13,2.793598954059975,0.27752215524925805,-0.6452368914617499
Blue River,5-Day,5.0,2000-05-14,2.7855980390270902,0.2801900356237493,-0.668294003362869
Blue River,5-Day,5.0,2000-05-15,2.7775793267672118,0.2828683411060734,-0.6908861152625424
Goshen,1-Day,1.0,2000-01-01,4.170651899742291,0.24122407241565808,-0.28027600444847495
Goshen,1-Day,1.0,2000-01-02,4.1660049944595965,0.24072310320192825,-0.26226035333682823
Goshen,1-Day,1.0,2000-01-03,4.161345772989858,0.24023147179975568,-0.24425675867572133
Goshen,1-Day,1.0,2000-01-04,4.15667494801794,0.23974927161946605,-0.22626826086170254
Goshen,1-Day,1.0,2000-01-05,4.1519937971409755,0.23927604723109788,-0.20829507764868407
Goshen,1-Day,1.0,2000-01-06,4.147304083516744,0.23881139965472134,-0.19033927971449838
Goshen,1-Day,1.0,2000-01-07,4.142607979576487,0.23835548420715563,-0.17240882184617495
Goshen,1-Day,1.0,2000-01-08,4.137907869292198,0.23790919591334395,-0.15451874641381524
Goshen,1-Day,1.0,2000-01-09,4.13320611815445,0.23747467031022582,-0.1366951114319286
Goshen,1-Day,1.0,2000-01-10,4.1285049785017875,0.2370551865433041,-0.11897432229251177
Goshen,1-Day,1.0,2000-01-11,4.123806541745187,0.23781229579004085,-0.1115601144369988
Goshen,1-Day,1.0,2000-01-12,4.119112710045343,0.23740551196279638,-0.09400001078208682
Goshen,1-Day,1.0,2000-01-13,4.114425059584972,0.2369559992525207,-0.07604873451956373
Goshen,1-Day,1.0,2000-01-14,4.109744764030845,0.236422812369575,-0.057330980493439966
Goshen,1-Day,1.0,2000-01-15,4.105072214325577,0.23564586910211666,-0.036373129111548066
Goshen,1-Day,1.0,2000-01-16,4.100406357815468,0.23480162688308245,-0.02114596664422746
Goshen,1-Day,1.0,2000-01-17,4.09574354458312,0.23400386976214993,-0.008283145351397075
Goshen,1-Day,1.0,2000-01-18,4.091074895531892,0.23338425828582762,0.0030747443739797976
Goshen,1-Day,1.0,2000-01-19,4.086379816788523,0.2330021129101505,0.012390427856042387
Goshen,1-Day,1.0,2000-01-20,4.081614921767188,0.2328224112206601,0.01922266237486953
Goshen,1-Day,1.0,2000-01-21,4.076819659829806,0.23277264999008676,0.02343595548043887
Goshen,1-Day,1.0,2000-01-22,4.07200537148864,0.23279763222734717,0.025378115476701192
Goshen,1-Day,1.0,2000-01-23,4.0671853331834145,0.23286913589746694,0.02590614915685464
Goshen,1-Day,1.0,2000-01-24,4.062375908871192,0.23297828772363935,0.026022002977945106
Goshen,1-Day,1.0,2000-01-25,4.0575942942981875,0.2331248070303801,0.02653185888220052
Goshen,1-Day,1.0,2000-01-26,4.052854842973364,0.23332007011665387,0.027885700812915314
Goshen,1-Day,1.0,2000-01-27,4.048165481008564,0.2335954947931098,0.03031700254080211
Goshen,1-Day,1.0,2000-01-28,4.043527109138604,0.23402145288157725,0.03391360477741992
Goshen,1-Day,1.0,2000-01-29,4.038935463691009,0.2347203662251733,0.03858936176121898
Goshen,1-Day,1.0,2000-01-30,4.03438253878696,0.23580715235089297,0.04195640700871296
Goshen,1-Day,1.0,2000-01-31,4.0298563171270105,0.23726347516686153,0.04177547674018903
Goshen,1-Day,1.0,2000-02-01,4.025342472028662,0.23889105557687937,0.039980598846974934
Goshen,1-Day,1.0,2000-02-02,4.0208266559091514,0.24044881836875,0.03885456409114756
Goshen,1-Day,1.0,2000-02-03,4.016295062539054,0.2418179814111028,0.03950467729351804
Goshen,1-Day,1.0,2000-02-04,4.011735984058149,0.24298297368126853,0.042077146456178785
Goshen,1-Day,1.0,2000-02-05,4.007140126845697,0.2439585968039256,0.046442575307358326
Goshen,1-Day,1.0,2000-02-06,4.002500296578051,0.24476536475700506,0.052423160614151185
Goshen,1-Day,1.0,2000-02-07,3.997811086081103,0.2454242170941306,0.059839462419201454
Goshen,1-Day,1.0,2000-02-08,3.9930693166635427,0.24595551796107581,0.06851595620973559
Goshen,1-Day,1.0,2000-02-09,3.9882750710097263,0.246383232086845,0.07341459726998176
Goshen,1-Day,1.0,2000-02-10,3.983431693409156,0.24672687885383712,0.06823634312748074
Goshen,1-Day,1.0,2000-02-11,3.9785457002980786,0.2469935725479387,0.06130605402498941
Goshen,1-Day,1.0,2000-02-12,3.973626106336512,0.24717739084619714,0.05268868252749935
Goshen,1-Day,1.0,2000-02-13,3.968684754027061,0.24725619219587128,0.04237593977695559
Goshen,1-Day,1.0,2000-02-14,3.9637370007704007,0.24721054337726725,0.030521577776968106
Goshen,1-Day,1.0,2000-02-15,3.958799302704378,0.24703587292846213,0.01755853373783144
Goshen,1-Day,1.0,2000-02-16,3.9538853273059233,0.2466585693645194,0.006718728128485623
Goshen,1-Day,1.0,2000-02-17,3.9490042552052076,0.2462702071457516,-0.0052053516537921415
Goshen,1-Day,1.0,2000-02-18,3.944162276785387,0.24582443398271286,-0.016482493805494706
Goshen,1-Day,1.0,2000-02-19,3.9393643298785586,0.24536301763459653,-0.026341088041557156
Goshen,1-Day,1.0,2000-02-20,3.934614744064718,0.2449217078103446,-0.03425358300580749
Goshen,1-Day,1.0,2000-02-21,3.929916653419653,0.24451053296179498,-0.040262906266085925
Goshen,1-Day,1.0,2000-02-22,3.9252726622523024,0.2441197098538549,-0.044871606774157365
Goshen,1-Day,1.0,2000-02-23,3.920686042220635,0.24373324004149866,-0.04864816581660033
Goshen,1-Day,1.0,2000-02-24,3.9161613741136447,0.24333541423737798,-0.051969371115983765
Goshen,1-Day,1.0,2000-02-25,3.9117036334658706,0.24291333797133322,-0.05490127989577793
Goshen,1-Day,1.0,2000-02-26,3.907317177480632,0.24246337877452406,-0.05729032079336518
Goshen,1-Day,1.0,2000-02-27,3.903002626645349,0.24199577343765144,-0.05903324864818072
Goshen,1-Day,1.0,2000-02-28,3.898754907615834,0.24151596044568457,-0.06007267145425532
Goshen,1-Day,1.0,2000-03-01,3.8904137451297696,0.24049632900379467,-0.05960704052188291
Goshen,1-Day,1.0,2000-03-02,3.8862831446171215,0.23996802809536721,-0.05788335069263461
Goshen,1-Day,1.0,2000-03-03,3.882142302948126,0.23945018651137426,-0.054923799125673786
Goshen,1-Day,1.0,2000-03-04,3.8779592081505925,0.23895424644766172,-0.050581465145965655
Goshen,1-Day,1.0,2000-03-05,3.873705722040651,0.2384774675125997,-0.04476840386384288
Goshen,1-Day,1.0,2000-03-06,3.8693627913569357,0.23800781951309444,-0.037330125911027016
Goshen,1-Day,1.0,2000-03-07,3.8649184060002875,0.2375310208029321,-0.027943054889594417
Goshen,1-Day,1.0,2000-03-08,3.86036133584802,0.2370346207846842,-0.016132010910998924
Goshen,1-Day,1.0,2000-03-09,3.8556748502503027,0.23651226614945442,-0.0015461079349083802
Goshen,1-Day,1.0,2000-03-10,3.8508368583565082,0.23597983247353332,0.015880745886427343
Goshen,1-Day,1.0,2000-03-11,3.8458218715345844,0.23547229137753029,0.03549863997523262
Goshen,1-Day,1.0,2000-03-12,3.8406046350432663,0.23503057339386196,0.05515561533992012
Goshen,1-Day,1.0,2000-03-13,3.835163780598839,0.2346827148415804,0.0746337920793296
Goshen,1-Day,1.0,2000-03-14,3.8294873437686237,0.23423444262470408,0.0958118335374918
Goshen,1-Day,1.0,2000-03-15,3.823577139169232,0.23405039248812987,0.11517938674272113
Goshen,1-Day,1.0,2000-03-16,3.8174460965228953,0.23395106929621798,0.13438682772384244
Goshen,1-Day,1.0,2000-03-17,3.811112364729402,0.23393788756081163,0.15334705172229357
Goshen,1-Day,1.0,2000-03-18,3.8045942811198303,0.23403832348651413,0.17171444987380702
Goshen,1-Day,1.0,2000-03-19,3.7979044744929635,0.23429249642803027,0.18902859959240956
Goshen,1-Day,1.0,2000-03-20,3.7910410133508043,0.23473485692671767,0.20492317578224817
Goshen,1-Day,1.0,2000-03-21,3.7839818343590625,0.23538238406906586,0.21926603416487758
Goshen,1-Day,1.0,2000-03-22,3.7767197147312546,0.23622385105950877,0.2280325978119501
Goshen,1-Day,1.0,2000-03-23,3.769258899369598,0.23722345413742985,0.22994498274883
Goshen,1-Day,1.0,2000-03-24,3.7616088972512327,0.2383435165910776,0.2283507529919347
Goshen,1-Day,1.0,2000-03-25,3.753789023202157,0.23954838784977578,0.22326644066022958
Goshen,1-Day,1.0,2000-03-26,3.745829593267016,0.2408078498107615,0.21479745224316457
Goshen,1-Day,1.0,2000-03-27,3.7377665913043887,0.2421033538981921,0.2033837767236433
Goshen,1-Day,1.0,2000-03-28,3.729634720778913,0.24344353198338414,0.18981503089859797
Goshen,1-Day,1.0,2000-03-29,3.721463058463952,0.24485973686857004,0.17482470837426645
Goshen,1-Day,1.0,2000-03-30,3.7132728042881595,0.2463883061081438,0.15886872078309378
Goshen,1-Day,1.0,2000-03-31,3.7050773127067727,0.2480497832948823,0.14203288551931384
Goshen,1-Day,1.0,2000-04-01,3.6968857430810265,0.2498371678122731,0.12428774665560272
Goshen,1-Day,1.0,2000-04-02,3.688702092713557,0.25172705126799355,0.10569078946503661
Goshen,1-Day,1.0,2000-04-03,3.6805253333067123,0.2536921416142606,0.08652126136395125
Goshen,1-Day,1.0,2000-04-04,3.6723546296388343,0.2557198216627946,0.06715510335321741
Goshen,1-Day,1.0,2000-04-05,3.664191375023079,0.25781688600193936,0.0477174847616937
Goshen,1-Day,1.0,2000-04-06,3.65603900574759,0.25996880417986046,0.028054009358580125
Goshen,1-Day,1.0,2000-04-07,3.647900870692994,0.26214402962702893,0.007801277762155896
Goshen,1-Day,1.0,2000-04-08,3.6397760736664146,0.26432865535862166,-0.01342979925369705
Goshen,1-Day,1.0,2000-04-09,3.631658324263589,0.2665435771960589,-0.035867484124340536
Goshen,1-Day,1.0,2000-04-10,3.6235369646895763,0.26881477783547425,-0.059540589177809855
Goshen,1-Day,1.0,2000-04-11,3.615397029272426,0.27115491626,-0.08408933505332533
Goshen,1-Day,1.0,2000-04-12,3.60721992606416,0.273557611145968,-0.10883515960548969
Goshen,1-Day,1.0,2000-04-13,3.5989873169188034,0.2760047107419975,-0.13286706457806094
Goshen,1-Day,1.0,2000-04-14,3.5906849807589265,0.2784807766541163,-0.15518952070716233
Goshen,1-Day,1.0,2000-04-15,3.5823027891353822,0.2809770855305504,-0.17480874158213242
Goshen,1-Day,1.0,2000-04-16,3.573832700177823,0.2834889237921069,-0.19099224843173257
Goshen,1-Day,1.0,2000-04-17,3.565269434051306,0.2860072566511476,-0.2033019347705249
Goshen,1-Day,1.0,2000-04-18,3.5566102668141943,0.28850774863283946,-0.21163260125840844
Goshen,1-Day,1.0,2000-04-19,3.5478535066856454,0.2909620066575931,-0.21609162446793617
Goshen,1-Day,1.0,2000-04-20,3.5389926064497015,0.29335897655553994,-0.21681768461864176
Goshen,1-Day,1.0,2000-04-21,3.530016145272135,0.2957164317069707,-0.2140208730115301
Goshen,1-Day,1.0,2000-04-22,3.520912582259921,0.2980664157388854,-0.20788371883142984
Goshen,1-Day,1.0,2000-04-23,3.5116733237241484,0.29996980121565253,-0.1985327250293415
Goshen,1-Day,1.0,2000-04-24,3.5022953494278415,0.30144787126223027,-0.1861340229096471
Goshen,1-Day,1.0,2000-04-25,3.492778295273432,0.30252657777432124,-0.17086721727518045
Goshen,1-Day,1.0,2000-04-26,3.4831227134288127,0.3032879061174101,-0.1532722003466814
Goshen,1-Day,1.0,2000-04-27,3.4730025762387826,0.30401398252718653,-0.1344755231771981
Goshen,1-Day,1.0,2000-04-28,3.4628145247771833,0.3047926249197799,-0.11600633671599098
Goshen,1-Day,1.0,2000-04-29,3.4525926100467537,0.3082854600621078,-0.116
Goshen,1-Day,1.0,2000-04-30,3.442349769878704,0.31178637820851896,-0.116
Goshen,1-Day,1.0,2000-05-01,3.432090895665405,0.31529277665912825,-0.116
Goshen,1-Day,1.0,2000-05-02,3.421818587894421,0.31880376658877047,-0.116
Goshen,1-Day,1.0,2000-05-03,3.411534583785854,0.32231875422996764,-0.116
Goshen,1-Day,1.0,2000-05-04,3.401239954059647,0.3258373736194882,-0.116
Goshen,1-Day,1.0,2000-05-05,3.3909352052514334,0.32935945162763847,-0.116
Goshen,1-Day,1.0,2000-05-06,3.38062041874169,0.33288496043924304,-0.116
Goshen,1-Day,1.0,2000-05-07,3.3702953090677688,0.3364139976230774,-0.116
Goshen,1-Day,1.0,2000-05-08,3.359959288633739,0.3399467640145753,-0.116
Goshen,1-Day,1.0,2000-05-09,3.349611489888242,0.3434835561356241,-0.116
Goshen,1-Day,1.0,2000-05-10,3.339250996548513,0.34702468716410295,-0.116
Goshen,1-Day,1.0,2000-05-11,3.328877059976067,0.35057041297807856,-0.116
Goshen,1-Day,1.0,2000-05-12,3.3184891714000875,0.35412090747260183,-0.116
Goshen,1-Day,1.0,2000-05-13,3.308087046139759,0.3576762679474279,-0.116
Goshen,1-Day,1.0,2000-05-14,3.297670542515524,0.36148071732961917,-0.11740161885559489
Goshen,1-Day,1.0,2000-05-15,3.2872398295278353,0.36603921395493977,-0.12438285631718565
Goshen,5-Day,5.0,2000-01-01,3.9763047916794814,0.21399060559708274,-0.36806077444192714
Goshen,5-Day,5.0,2000-01-02,3.972445057192248,0.21247359176302838,-0.34126859683401894
Goshen,5-Day,5.0,2000-01-03,3.9685680226696802,0.2109929020968007,-0.3144881660183206
Goshen,5-Day,5.0,2000-01-04,3.9646736580673703,0.20955195710026234,-0.2877565668999666
Goshen,5-Day,5.0,2000-01-05,3.960762455780036,0.20888534025230618,-0.268
Goshen,5-Day,5.0,2000-01-06,3.956835516677965,0.21033262065722408,-0.268
Goshen,5-Day,5.0,2000-01-07,3.952894676101145,0.2117850244759552,-0.268
Goshen,5-Day,5.0,2000-01-08,3.948942346231688,0.21324166269380868,-0.268
Goshen,5-Day,5.0,2000-01-09,3.9449811472247034,0.21470156964807546,-0.268
Goshen,5-Day,5.0,2000-01-10,3.941013607115834,0.21561400118864757,-0.2630013481631811
Goshen,5-Day,5.0,2000-01-11,3.9370421165117047,0.21573831880831798,-0.25084924175756207
Goshen,5-Day,5.0,2000-01-12,3.933069159495183,0.21585354713960428,-0.23864360737949167
Goshen,5-Day,5.0,2000-01-13,3.9290971555861423,0.21596377234921543,-0.226428508672959
Goshen,5-Day,5.0,2000-01-14,3.9251283817122222,0.21605002596457584,-0.2140346522840327
Goshen,5-Day,5.0,2000-01-15,3.921164857817778,0.215684930749847,-0.19748447731486377
Goshen,5-Day,5.0,2000-01-16,3.9172078750517136,0.21514759685532645,-0.17931358099377187
Goshen,5-Day,5.0,2000-01-17,3.9132569433539803,0.21441052837399782,-0.15921179046312664
Goshen,5-Day,5.0,2000-01-18,3.9093066295501657,0.21347996449160533,-0.13715616846626932
Goshen,5-Day,5.0,2000-01-19,3.90533779163883,0.2124140314730623,-0.11357669676376193
Goshen,5-Day,5.0,2000-01-20,3.901299005669038,0.2112964714542442,-0.08907145988918624
Goshen,5-Day,5.0,2000-01-21,3.8970523492542415,0.21020020186075863,-0.06388138955714713
Goshen,5-Day,5.0,2000-01-22,3.8927421274249436,0.20917713946522457,-0.03901982566958338
Goshen,5-Day,5.0,2000-01-23,3.888378165628268,0.2082430770797359,-0.014708003508037476
Goshen,5-Day,5.0,2000-01-24,3.883974233775955,0.20739800893243926,-0.02970860649398732
Goshen,5-Day,5.0,2000-01-25,3.8795482387670384,0.20662129714591426,-0.04817669609314904
Goshen,5-Day,5.0,2000-01-26,3.875120900501754,0.20592689752676438,-0.06820448280634303
Goshen,5-Day,5.0,2000-01-27,3.870712586635042,0.2053547427800473,-0.08687225404622649
Goshen,5-Day,5.0,2000-01-28,3.866340209755312,0.20494404134485905,-0.10154863811942956
Goshen,5-Day,5.0,2000-01-29,3.862016659165486,0.20474204268130428,-0.11102351722603476
Goshen,5-Day,5.0,2000-01-30,3.8577527316058,0.20480162891952203,-0.11605739835473407
Goshen,5-Day,5.0,2000-01-31,3.8535580809624244,0.2051727238331039,-0.11772879281246933
Goshen,5-Day,5.0,2000-02-01,3.8494357069677516,0.2059050424601397,-0.11599905006028545
Goshen,5-Day,5.0,2000-02-02,3.8453814458216704,0.2070151750116733,-0.11323741572684348
Goshen,5-Day,5.0,2000-02-03,3.8413866352996267,0.20841323100537804,-0.11358102792951003
Goshen,5-Day,5.0,2000-02-04,3.8374410380516837,0.20991856995753747,-0.11514758812552625
Goshen,5-Day,5.0,2000-02-05,3.83353278377683,0.2113800510844794,-0.1163870054171528
Goshen,5-Day,5.0,2000-02-06,3.8296459685071707,0.21271477937026556,-0.11644551265257547
Goshen,5-Day,5.0,2000-02-07,3.8257623711403594,0.21390900313531797,-0.11515147529799742
Goshen,5-Day,5.0,2000-02-08,3.8218656752038482,0.21497513678764998,-0.112591605312782
Goshen,5-Day,5.0,2000-02-09,3.8179441748808167,0.21591486683094685,-0.10875892624041028
Goshen,5-Day,5.0,2000-02-10,3.813990942545333,0.21673316527836084,-0.10368995988059744
Goshen,5-Day,5.0,2000-02-11,3.8100053716841793,0.21743736958217819,-0.09746059599499995
Goshen,5-Day,5.0,2000-02-12,3.8059921258904934,0.2180219656321672,-0.09003657001394103
Goshen,5-Day,5.0,2000-02-13,3.8019599029659044,0.2184681571748828,-0.08126510175952567
Goshen,5-Day,5.0,2000-02-14,3.7979211080649953,0.21874652219071974,-0.07089726829704442
Goshen,5-Day,5.0,2000-02-15,3.7938877633283843,0.21883302636740182,-0.05872564353148368
Goshen,5-Day,5.0,2000-02-16,3.7898670689194156,0.21850883164998805,-0.04261435049652169
Goshen,5-Day,5.0,2000-02-17,3.7858609607483906,0.21821855211224048,-0.026858311803390416
Goshen,5-Day,5.0,2000-02-18,3.781870276419247,0.21779352581312653,-0.009794642667338066
Goshen,5-Day,5.0,2000-02-19,3.777898925914616,0.21729976124421388,0.007938204143015831
Goshen,5-Day,5.0,2000-02-20,3.773953824653408,0.21681838650604746,0.020186409221778594
Goshen,5-Day,5.0,2000-02-21,3.770042634917553,0.21639642996133707,0.01431969546441832
Goshen,5-Day,5.0,2000-02-22,3.7661695558369055,0.2160391995723417,0.008140390689413043
Goshen,5-Day,5.0,2000-02-23,3.7623373667098328,0.2157315186504155,0.0017019536351861352
Goshen,5-Day,5.0,2000-02-24,3.758549433059658,0.21544439281074865,-0.005076504858706739
Goshen,5-Day,5.0,2000-02-25,3.7548091409667133,0.21514401157966626,-0.012126566053405563
Goshen,5-Day,5.0,2000-02-26,3.751119395108322,0.21481413779336522,-0.019036502573747095
Goshen,5-Day,5.0,2000-02-27,3.7474813848394457,0.21447681362826998,-0.025243282941345386
Goshen,5-Day,5.0,2000-02-28,3.74389330705905,0.21415621300429225,-0.030601003989117727
Goshen,5-Day,5.0,2000-03-01,3.7368598105830353,0.2135526069185152,-0.04044152227222048
Goshen,5-Day,5.0,2000-03-02,3.7334134120432676,0.21326489234256818,-0.045592212891521613
Goshen,5-Day,5.0,2000-03-03,3.730006071746124,0.21301452523761677,-0.05074103457094227
Goshen,5-Day,5.0,2000-03-04,3.726623569201176,0.21282206162406772,-0.055490936170271066
Goshen,5-Day,5.0,2000-03-05,3.7232507349346817,0.21268021676881418,-0.059336277001444976
Goshen,5-Day,5.0,2000-03-06,3.7198772017279222,0.2125750176277056,-0.06139712643448658
Goshen,5-Day,5.0,2000-03-07,3.7164970657829244,0.21248782320992174,-0.060943705412204396
Goshen,5-Day,5.0,2000-03-08,3.7131070687535783,0.21239317400482213,-0.05759544891813333
Goshen,5-Day,5.0,2000-03-09,3.709702392768555,0.2122541756381039,-0.05102628438388392
Goshen,5-Day,5.0,2000-03-10,3.7062661856555166,0.21204678365462581,-0.040891214452032566
Goshen,5-Day,5.0,2000-03-11,3.7027645859760567,0.21178788807768795,-0.027052837289579263
Goshen,5-Day,5.0,2000-03-12,3.699151976137278,0.2115192711525924,-0.012323975576195786
Goshen,5-Day,5.0,2000-03-13,3.6953836658322494,0.2112788261595802,0.0026526917730060893
Goshen,5-Day,5.0,2000-03-14,3.6914213191687244,0.2110302988678701,0.018374382163698626
Goshen,5-Day,5.0,2000-03-15,3.687236444113462,0.2108771782390807,0.03385966211443418
Goshen,5-Day,5.0,2000-03-16,3.6828130554909975,0.21074011297950188,0.04997380711358489
Goshen,5-Day,5.0,2000-03-17,3.678149361343582,0.21058051436567385,0.06712687717952796
Goshen,5-Day,5.0,2000-03-18,3.6732524772270674,0.21039949815901376,0.08528883995387761
Goshen,5-Day,5.0,2000-03-19,3.668128178965859,0.2102441595902968,0.10394075487508327
Goshen,5-Day,5.0,2000-03-20,3.6627714534991114,0.2101727877153521,0.12246242402495258
Goshen,5-Day,5.0,2000-03-21,3.657160558199326,0.21025310292036928,0.14016747607752902
Goshen,5-Day,5.0,2000-03-22,3.651279897450334,0.21053004474605747,0.1565813844072297
Goshen,5-Day,5.0,2000-03-23,3.645127656133602,0.21098292857936243,0.1719003252503268
Goshen,5-Day,5.0,2000-03-24,3.6387136664420137,0.21154163787865485,0.1868361426430495
Goshen,5-Day,5.0,2000-03-25,3.6320591357633836,0.21213483646978532,0.20208974606197214
Goshen,5-Day,5.0,2000-03-26,3.6251940565870715,0.21271133705027967,0.2181209774685159
Goshen,5-Day,5.0,2000-03-27,3.6181538538894693,0.21324486318252198,0.23135720734201307
Goshen,5-Day,5.0,2000-03-28,3.6109744445877014,0.21375340882927987,0.22278658315412875
Goshen,5-Day,5.0,2000-03-29,3.603686200903881,0.21430323304829557,0.20968774079049401
Goshen,5-Day,5.0,2000-03-30,3.5963093179478935,0.21498738558066266,0.19321577929681424
Goshen,5-Day,5.0,2000-03-31,3.5888543512402853,0.2158760974243432,0.17470241126804098
Goshen,5-Day,5.0,2000-04-01,3.581329695943327,0.21697272404119541,0.1548807811184691
Goshen,5-Day,5.0,2000-04-02,3.5737370034333944,0.21823951814583062,0.1337398981409508
Goshen,5-Day,5.0,2000-04-03,3.5660728865533238,0.21963899340843435,0.11152566291968091
Goshen,5-Day,5.0,2000-04-04,3.5583378295869035,0.2211602029540403,0.08926719141908046
Goshen,5-Day,5.0,2000-04-05,3.5505359906572322,0.22281753136425753,0.06778787927562015
Goshen,5-Day,5.0,2000-04-06,3.5426752808069577,0.2245959540925627,0.04678778355616506
Goshen,5-Day,5.0,2000-04-07,3.534768147689261,0.2264406760225793,0.025081362160327907
Goshen,5-Day,5.0,2000-04-08,3.5268276495796185,0.22830721069547022,0.0014697461690283242
Goshen,5-Day,5.0,2000-04-09,3.518868500691594,0.2302030137849584,-0.02463785783724044
Goshen,5-Day,5.0,2000-04-10,3.5109098764580797,0.23216763906601895,-0.05321068208354316
Goshen,5-Day,5.0,2000-04-11,3.5029696700989317,0.23425606150039066,-0.08341188193960013
Goshen,5-Day,5.0,2000-04-12,3.495053616545012,0.23649020382563415,-0.11408069542963548
Goshen,5-Day,5.0,2000-04-13,3.4871562644805008,0.2388619560269633,-0.1440619561309741
Goshen,5-Day,5.0,2000-04-14,3.4792683988861124,0.24136379818929743,-0.1723006738087524
Goshen,5-Day,5.0,2000-04-15,3.4713807490100286,0.24395093020787237,-0.1980801437071976
Goshen,5-Day,5.0,2000-04-16,3.4634833542504153,0.24657254807178347,-0.22095430652768058
Goshen,5-Day,5.0,2000-04-17,3.4555645282966765,0.2492049582188894,-0.24051847045385144
Goshen,5-Day,5.0,2000-04-18,3.447611504316479,0.2518182604089006,-0.2567901990568048
Goshen,5-Day,5.0,2000-04-19,3.4396119213997434,0.25436868086289094,-0.27011329276739343
Goshen,5-Day,5.0,2000-04-20,3.4315479232655295,0.2568315956910192,-0.2806501183133523
Goshen,5-Day,5.0,2000-04-21,3.4233950445190993,0.2592241106492409,-0.28805209796963427
Goshen,5-Day,5.0,2000-04-22,3.415131519313263,0.2615992999834014,-0.2914170698134516
Goshen,5-Day,5.0,2000-04-23,3.406745146611182,0.26400352252248205,-0.28924754816935877
Goshen,5-Day,5.0,2000-04-24,3.3982337521013393,0.26595962154080394,-0.2803629780201115
Goshen,5-Day,5.0,2000-04-25,3.389598611228596,0.26746691578833653,-0.268
Goshen,5-Day,5.0,2000-04-26,3.3808412668133805,0.2706944506812134,-0.268
Goshen,5-Day,5.0,2000-04-27,3.3716747936154103,0.27407277071618363,-0.268
Goshen,5-Day,5.0,2000-04-28,3.362424155244706,0.2774821099756062,-0.268
Goshen,5-Day,5.0,2000-04-29,3.3531318331122537,0.2808377493288188,-0.26751777946085664
Goshen,5-Day,5.0,2000-04-30,3.3438154595001492,0.28405262603533343,-0.2660137666542055
Goshen,5-Day,5.0,2000-05-01,3.3344819373580528,0.2873018884700217,-0.2647356186446593
Goshen,5-Day,5.0,2000-05-02,3.325134684154182,0.2905667729414735,-0.2635577613365941
Goshen,5-Day,5.0,2000-05-03,3.3157757882891743,0.2940352761395069,-0.26373855035555616
Goshen,5-Day,5.0,2000-05-04,3.3064064954349353,0.2974361408736713,-0.2634432965609373
Goshen,5-Day,5.0,2000-05-05,3.2970273988538588,0.30080271055134145,-0.2629072272848595
Goshen,5-Day,5.0,2000-05-06,3.287638536850835,0.30416412869235687,-0.2623266000184717
Goshen,5-Day,5.0,2000-05-07,3.27823942230663,0.3075363490375101,-0.26180367728204856
Goshen,5-Day,5.0,2000-05-08,3.2688290636687456,0.31092706091705036,-0.2613829355715548
Goshen,5-Day,5.0,2000-05-09,3.2594060158391316,0.31433794897760253,-0.26106834214522645
Goshen,5-Day,5.0,2000-05-10,3.2499686673658217,0.3177678671794976,-0.2608457732056141
Goshen,5-Day,5.0,2000-05-11,3.240515525436296,0.32121528923681014,-0.2606996142951047
Goshen,5-Day,5.0,2000-05-12,3.2310453509408132,0.3246784328952942,-0.260613901951217
Goshen,5-Day,5.0,2000-05-13,3.221557191847475,0.32815404183603986,-0.2605651265103769
Goshen,5-Day,5.0,2000-05-14,3.2120503526692192,0.33163749675630444,-0.2605232293126416
Goshen,5-Day,5.0,2000-05-15,3.2025246493691246,0.3351244468350075,-0.2604620737817821
Cottage Grove,1-Day,1.0,2000-01-01,3.418021731994887,0.24043206408950685,-0.5801705421257046
Cottage Grove,1-Day,1.0,2000-01-02,3.4129896713088463,0.2395246301289973,-0.5573702204813497
Cottage Grove,1-Day,1.0,2000-01-03,3.4079406164899027,0.23862053548653142,-0.5345020276563626
Cottage Grove,1-Day,1.0,2000-01-04,3.40287497406264,0.23772268597072835,-0.5115845050161065
Cottage Grove,1-Day,1.0,2000-01-05,3.397793818861054,0.2368339070525297,-0.4886387735967735
Cottage Grove,1-Day,1.0,2000-01-06,3.3926988139670033,0.2359567670827349,-0.46568691130878787
Cottage Grove,1-Day,1.0,2000-01-07,3.3875921156662843,0.2350940233943334,-0.44275507780146056
Cottage Grove,1-Day,1.0,2000-01-08,3.382476123808606,0.2342487178265239,-0.41987360146237246
Cottage Grove,1-Day,1.0,2000-01-09,3.377353220763231,0.23342452466092728,-0.39707911247856437
Cottage Grove,1-Day,1.0,2000-01-10,3.372225747443351,0.23262440947188318,-0.3744039054247995
Cottage Grove,1-Day,1.0,2000-01-11,3.367095999660572,0.23184891664621668,-0.35186157696674525
Cottage Grove,1-Day,1.0,2000-01-12,3.361966162625718,0.23109348547914557,-0.32942344204179413
Cottage Grove,1-Day,1.0,2000-01-13,3.3568382426194265,0.23034177004082385,-0.30695986715891166
Cottage Grove,1-Day,1.0,2000-01-14,3.3517140026600627,0.22955927417372415,-0.28418031666708676
Cottage Grove,1-Day,1.0,2000-01-15,3.34659461994894,0.2289584089730883,-0.2628992069088299
Cottage Grove,1-Day,1.0,2000-01-16,3.3414802004505546,0.22837012358601633,-0.24169690178427586
Cottage Grove,1-Day,1.0,2000-01-17,3.3363687567989135,0.22780092868135446,-0.22062434860452063
Cottage Grove,1-Day,1.0,2000-01-18,3.33125342285064,0.2272666165290788,-0.19980173570403206
Cottage Grove,1-Day,1.0,2000-01-19,3.326115258124759,0.2267937902975007,-0.17941355204348025
Cottage Grove,1-Day,1.0,2000-01-20,3.3209096666591025,0.22642265036951154,-0.15969527260252073
Cottage Grove,1-Day,1.0,2000-01-21,3.3155976950032207,0.2261925654695141,-0.14090514177785135
Cottage Grove,1-Day,1.0,2000-01-22,3.3102673828790676,0.226081333763974,-0.12314649886020487
Cottage Grove,1-Day,1.0,2000-01-23,3.304932054415135,0.22606595051740666,-0.10627128017883757
Cottage Grove,1-Day,1.0,2000-01-24,3.2996083276183534,0.22610329931620649,-0.08994773560019018
Cottage Grove,1-Day,1.0,2000-01-25,3.294313915792465,0.22614865683917654,-0.07382172336736752
Cottage Grove,1-Day,1.0,2000-01-26,3.2890635362517697,0.22616696472942024,-0.057610056149803045
Cottage Grove,1-Day,1.0,2000-01-27,3.283866400092558,0.2261330979672308,-0.04109787933581446
Cottage Grove,1-Day,1.0,2000-01-28,3.2787268479299794,0.22603873655211576,-0.02420835557988117
Cottage Grove,1-Day,1.0,2000-01-29,3.2736463107436884,0.22589337959785857,-0.007023393484956683
Cottage Grove,1-Day,1.0,2000-01-30,3.268622778171923,0.2257224196309118,0.01023040838394991
Cottage Grove,1-Day,1.0,2000-01-31,3.2636506103930687,0.22589450690138738,0.024
Cottage Grove,1-Day,1.0,2000-02-01,3.2587224050914023,0.22747180451082338,0.024
Cottage Grove,1-Day,1.0,2000-02-02,3.2538310568495015,0.22903730582755139,0.024
Cottage Grove,1-Day,1.0,2000-02-03,3.248971266536336,0.23059270686588118,0.024
Cottage Grove,1-Day,1.0,2000-02-04,3.244139541664658,0.23213912541443138,0.024
Cottage Grove,1-Day,1.0,2000-02-05,3.2393315621895633,0.23367794412592996,0.024
Cottage Grove,1-Day,1.0,2000-02-06,3.2345402163346724,0.23521143916120885,0.024
Cottage Grove,1-Day,1.0,2000-02-07,3.2297566661153727,0.2367424391629771,0.024
Cottage Grove,1-Day,1.0,2000-02-08,3.224973192349986,0.23827341469527477,0.024
Cottage Grove,1-Day,1.0,2000-02-09,3.2201852216766262,0.2398058294862389,0.024
Cottage Grove,1-Day,1.0,2000-02-10,3.215390469162254,0.2413404148405126,0.024
Cottage Grove,1-Day,1.0,2000-02-11,3.210589142623525,0.2428771042452998,0.024
Cottage Grove,1-Day,1.0,2000-02-12,3.2057831648233353,0.24441528231038584,0.024
Cottage Grove,1-Day,1.0,2000-02-13,3.2009763083775553,0.24595374159053932,0.024
Cottage Grove,1-Day,1.0,2000-02-14,3.196174653883495,0.2474905359591254,0.024
Cottage Grove,1-Day,1.0,2000-02-15,3.1913864495069055,0.2490230255480127,0.024
Cottage Grove,1-Day,1.0,2000-02-16,3.1866195391065375,0.2505486998894809,0.024
Cottage Grove,1-Day,1.0,2000-02-17,3.1818806264284105,0.2520654134153358,0.024
Cottage Grove,1-Day,1.0,2000-02-18,3.1771748502079293,0.2515583314572469,0.041506061700657425
Cottage Grove,1-Day,1.0,2000-02-19,3.1725067431820873,0.25052476174158916,0.06361866820380646
Cottage Grove,1-Day,1.0,2000-02-20,3.1678806568043316,0.24952771976324764,0.08543739579981559
Cottage Grove,1-Day,1.0,2000-02-21,3.163300617056214,0.24858632389272434,0.08189892003197555
Cottage Grove,1-Day,1.0,2000-02-22,3.1587706146351904,0.2476967041954594,0.07878426795089262
Cottage Grove,1-Day,1.0,2000-02-23,3.1542948996396634,0.24684767825970483,0.0761022878499955
Cottage Grove,1-Day,1.0,2000-02-24,3.1498787903299084,0.24602290143788264,0.07381670440909605
Cottage Grove,1-Day,1.0,2000-02-25,3.145528454789197,0.24520551834079368,0.07187411675107448
Cottage Grove,1-Day,1.0,2000-02-26,3.141247912352807,0.24438841652130633,0.07025816986583801
Cottage Grove,1-Day,1.0,2000-02-27,3.137036536484209,0.24357838930708886,0.0690655417863389
Cottage Grove,1-Day,1.0,2000-02-28,3.132888234275591,0.24278419706715115,0.06845601116830044
Cottage Grove,1-Day,1.0,2000-03-01,3.1247358173862265,0.24128904045521796,0.0699370863801789
Cottage Grove,1-Day,1.0,2000-03-02,3.12069127073082,0.24061746976811,0.07234970761441513
Cottage Grove,1-Day,1.0,2000-03-03,3.1166219512351936,0.24002457131447727,0.0759885863647679
Cottage Grove,1-Day,1.0,2000-03-04,3.1124811474594867,0.23952074278587593,0.08083061786971615
Cottage Grove,1-Day,1.0,2000-03-05,3.108216650292379,0.2390919298499644,0.08682649089653102
Cottage Grove,1-Day,1.0,2000-03-06,3.1037713606299073,0.23870965459681515,0.09398323830338122
Cottage Grove,1-Day,1.0,2000-03-07,3.099094738591537,0.23834785259627295,0.10233387417651357
Cottage Grove,1-Day,1.0,2000-03-08,3.094156296289887,0.23799231616584934,0.11190530730084353
Cottage Grove,1-Day,1.0,2000-03-09,3.0889463719827748,0.2376467474247101,0.1225822505362851
Cottage Grove,1-Day,1.0,2000-03-10,3.0834712008491363,0.23733075238669862,0.13397697499026137
Cottage Grove,1-Day,1.0,2000-03-11,3.0777498338471676,0.23706695002075578,0.14529457650401914
Cottage Grove,1-Day,1.0,2000-03-12,3.0718066524214533,0.2368791427874032,0.15563887150307149
Cottage Grove,1-Day,1.0,2000-03-13,3.0656576337691637,0.2367879540532126,0.16409657661999774
Cottage Grove,1-Day,1.0,2000-03-14,3.059312262407305,0.2365818614927607,0.17521674150112618
Cottage Grove,1-Day,1.0,2000-03-15,3.052781132872222,0.23667112627665463,0.1801556474767619
Cottage Grove,1-Day,1.0,2000-03-16,3.0460813346552413,0.2368734557935638,0.182775661254413
Cottage Grove,1-Day,1.0,2000-03-17,3.039234753726398,0.237207478434406,0.1834993896092496
Cottage Grove,1-Day,1.0,2000-03-18,3.0322612126048294,0.23770619395172254,0.182548501906314
Cottage Grove,1-Day,1.0,2000-03-19,3.025175066000792,0.23840113931324783,0.18011886700155255
Cottage Grove,1-Day,1.0,2000-03-20,3.0179716730578074,0.23932045638311428,0.1763163643753439
Cottage Grove,1-Day,1.0,2000-03-21,3.0106048148799864,0.240494657522888,0.17116091777474887
Cottage Grove,1-Day,1.0,2000-03-22,3.003033415665048,0.24192844579549166,0.16459726933845767
Cottage Grove,1-Day,1.0,2000-03-23,2.995216651273664,0.24355880231601718,0.15627675135497804
Cottage Grove,1-Day,1.0,2000-03-24,2.98711193409428,0.24526763491957626,0.1454375034660033
Cottage Grove,1-Day,1.0,2000-03-25,2.9786991291178424,0.24693747745972305,0.13129048511165706
Cottage Grove,1-Day,1.0,2000-03-26,2.970001211709896,0.2484890644352285,0.11397039353707773
Cottage Grove,1-Day,1.0,2000-03-27,2.9610841095109994,0.24989752365476,0.09522536611082195
Cottage Grove,1-Day,1.0,2000-03-28,2.9520345113328377,0.25118243238430027,0.07729198055913344
Cottage Grove,1-Day,1.0,2000-03-29,2.942931387746585,0.2523941467937659,0.061484644026349795
Cottage Grove,1-Day,1.0,2000-03-30,2.933831972489479,0.25359539696696304,0.047963610658960876
Cottage Grove,1-Day,1.0,2000-03-31,2.9247715091197533,0.25483751402743104,0.03630390868957599
Cottage Grove,1-Day,1.0,2000-04-01,2.9157657839016897,0.25614521023829606,0.026105263928423283
Cottage Grove,1-Day,1.0,2000-04-02,2.906811262362921,0.25750752743490735,0.017199225511358805
Cottage Grove,1-Day,1.0,2000-04-03,2.897895587778273,0.2588902193816101,0.00949985012999027
Cottage Grove,1-Day,1.0,2000-04-04,2.889005687643379,0.2602502433666969,0.0028092549435798086
Cottage Grove,1-Day,1.0,2000-04-05,2.880130305742521,0.2615507583170719,-0.0032127316151625094
Cottage Grove,1-Day,1.0,2000-04-06,2.871263043891851,0.26277528192792265,-0.008775617950933795
Cottage Grove,1-Day,1.0,2000-04-07,2.862402178773189,0.2639560928919399,-0.014083344028851577
Cottage Grove,1-Day,1.0,2000-04-08,2.853549334358909,0.26517120121993054,-0.01943914361818047
Cottage Grove,1-Day,1.0,2000-04-09,2.8447087303671177,0.2665037498602041,-0.025308333193899343
Cottage Grove,1-Day,1.0,2000-04-10,2.8358849850859458,0.26798926140677154,-0.03222345174200989
Cottage Grove,1-Day,1.0,2000-04-11,2.8270807373777096,0.2696328161932211,-0.04074314450595702
Cottage Grove,1-Day,1.0,2000-04-12,2.818295871323062,0.2714351084400705,-0.051346271800718546
Cottage Grove,1-Day,1.0,2000-04-13,2.80952790346331,0.27339942649184634,-0.06381784771740709
Cottage Grove,1-Day,1.0,2000-04-14,2.8007696510725855,0.27551628214742374,-0.07656942980324823
Cottage Grove,1-Day,1.0,2000-04-15,2.7920055390697214,0.2777441756535405,-0.08687400406353996
Cottage Grove,1-Day,1.0,2000-04-16,2.783213264600862,0.28002941619786464,-0.09281929217851799
Cottage Grove,1-Day,1.0,2000-04-17,2.7743705154494456,0.28232417563169376,-0.09449202918931308
Cottage Grove,1-Day,1.0,2000-04-18,2.765458118059693,0.284586448935015,-0.09296133037420629
Cottage Grove,1-Day,1.0,2000-04-19,2.7564614440663893,0.28678304399553484,-0.08926656196675306
Cottage Grove,1-Day,1.0,2000-04-20,2.7473699632783997,0.28889698388423957,-0.08421396194167007
Cottage Grove,1-Day,1.0,2000-04-21,2.738176247532987,0.290938083259567,-0.07841103960499561
Cottage Grove,1-Day,1.0,2000-04-22,2.728876409309884,0.2929437429423623,-0.0719799601081825
Cottage Grove,1-Day,1.0,2000-04-23,2.7194696434109,0.29495292005263296,-0.06461889093938812
Cottage Grove,1-Day,1.0,2000-04-24,2.709957736414276,0.29685801984297927,-0.05559104285576598
Cottage Grove,1-Day,1.0,2000-04-25,2.7003436716096436,0.298382750627485,-0.04372908677140339
Cottage Grove,1-Day,1.0,2000-04-26,2.6906324988137977,0.2993258898992227,-0.027609884569453187
Cottage Grove,1-Day,1.0,2000-04-27,2.6807014860610128,0.2996606245975685,-0.006715331463714005
Cottage Grove,1-Day,1.0,2000-04-28,2.6707139188712627,0.299592260000148,0.017164420849170598
Cottage Grove,1-Day,1.0,2000-04-29,2.660698101435612,0.3018624931819876,0.024
Cottage Grove,1-Day,1.0,2000-04-30,2.6506678130571193,0.3050727388825954,0.024
Cottage Grove,1-Day,1.0,2000-05-01,2.6406297084848425,0.3082854861964714,0.024
Cottage Grove,1-Day,1.0,2000-05-02,2.6305873294435185,0.311499601576202,0.024
Cottage Grove,1-Day,1.0,2000-05-03,2.6205424514567452,0.3147145167565221,0.024
Cottage Grove,1-Day,1.0,2000-05-04,2.6104957137156424,0.31698853798554527,0.03049952334730641
Cottage Grove,1-Day,1.0,2000-05-05,2.60044710777786,0.31857393668649264,0.04166177494670563
Cottage Grove,1-Day,1.0,2000-05-06,2.590396242124096,0.3201647333823638,0.05267275477456662
Cottage Grove,1-Day,1.0,2000-05-07,2.580342369427807,0.3217617075658769,0.0635308641958697
Cottage Grove,1-Day,1.0,2000-05-08,2.5702845529286864,0.32336302872784045,0.07425285613573285
Cottage Grove,1-Day,1.0,2000-05-09,2.560221738314492,0.3249654763323917,0.08486518507037549
Cottage Grove,1-Day,1.0,2000-05-10,2.550152790742197,0.32656513176108787,0.09539911253484745
Cottage Grove,1-Day,1.0,2000-05-11,2.540076586367779,0.3281581020631369,0.10588550801504953
Cottage Grove,1-Day,1.0,2000-05-12,2.529992126234921,0.3297407216609083,0.11635323082048762
Cottage Grove,1-Day,1.0,2000-05-13,2.519898586532005,0.3313101094988273,0.12682522149408978
Cottage Grove,1-Day,1.0,2000-05-14,2.5097952848434137,0.3328646155691096,0.13731554941681795
Cottage Grove,1-Day,1.0,2000-05-15,2.499681844377635,0.33440367079453537,0.14783014967829766
Cottage Grove,5-Day,5.0,2000-01-01,3.210234696671199,0.21366552733887467,-0.5442742262719
Cottage Grove,5-Day,5.0,2000-01-02,3.206477199356166,0.21281879216619645,-0.5237526650226557
Cottage Grove,5-Day,5.0,2000-01-03,3.20269829539379,0.21197141310468504,-0.5030881974619273
Cottage Grove,5-Day,5.0,2000-01-04,3.1988976565998404,0.21112741083111478,-0.48230998065472547
Cottage Grove,5-Day,5.0,2000-01-05,3.195075514267047,0.2102887006428886,-0.46143227579503643
Cottage Grove,5-Day,5.0,2000-01-06,3.191232696722708,0.20945511574524237,-0.44045385700331796
Cottage Grove,5-Day,5.0,2000-01-07,3.1873707262827353,0.2086253296005532,-0.41936559349658675
Cottage Grove,5-Day,5.0,2000-01-08,3.183491610019178,0.20779935894213009,-0.39817168010506876
Cottage Grove,5-Day,5.0,2000-01-09,3.179597445530602,0.20698116993785273,-0.3769126551347056
Cottage Grove,5-Day,5.0,2000-01-10,3.175690282211383,0.20617580197849686,-0.3556404578786661
Cottage Grove,5-Day,5.0,2000-01-11,3.1717722961888972,0.2053869581995961,-0.3343972267880682
Cottage Grove,5-Day,5.0,2000-01-12,3.1678457747552082,0.20461547016417486,-0.31320013240944755
Cottage Grove,5-Day,5.0,2000-01-13,3.1639129667985366,0.20385791046305354,-0.2920261241029867
Cottage Grove,5-Day,5.0,2000-01-14,3.1599761983297983,0.20311755224248865,-0.27091574666222185
Cottage Grove,5-Day,5.0,2000-01-15,3.1560377170436675,0.20329217423091892,-0.2586017896027599
Cottage Grove,5-Day,5.0,2000-01-16,3.152099395852762,0.2039249805935118,-0.2507735773706382
Cottage Grove,5-Day,5.0,2000-01-17,3.1481618936747866,0.20490346373881227,-0.24634455890344875
Cottage Grove,5-Day,5.0,2000-01-18,3.1442215046734785,0.20610102122764476,-0.24405488091939195
Cottage Grove,5-Day,5.0,2000-01-19,3.140260660427538,0.20741941018913018,-0.24287478776078333
Cottage Grove,5-Day,5.0,2000-01-20,3.13622699061447,0.2088339274670158,-0.2423700925283714
Cottage Grove,5-Day,5.0,2000-01-21,3.1318601632387746,0.208655548674459,-0.2429722513876119
Cottage Grove,5-Day,5.0,2000-01-22,3.127420463889521,0.20745891642517392,-0.24513394136619143
Cottage Grove,5-Day,5.0,2000-01-23,3.1229198967622955,0.2064142488131035,-0.24921975021278897
Cottage Grove,5-Day,5.0,2000-01-24,3.1183721567457185,0.20552448634524942,-0.2556420138774244
Cottage Grove,5-Day,5.0,2000-01-25,3.113792685005386,0.20474924613830553,-0.2646925559911234
Cottage Grove,5-Day,5.0,2000-01-26,3.1091974377163765,0.20406649365257082,-0.27572971039132654
Cottage Grove,5-Day,5.0,2000-01-27,3.1046019797061617,0.20349056387981515,-0.28656869962305875
Cottage Grove,5-Day,5.0,2000-01-28,3.100020072158776,0.20307839933657792,-0.2943345882432491
Cottage Grove,5-Day,5.0,2000-01-29,3.0954657704559616,0.2029190785625786,-0.29694289225788667
Cottage Grove,5-Day,5.0,2000-01-30,3.0909545569171564,0.20306865711839892,-0.29467370123516634
Cottage Grove,5-Day,5.0,2000-01-31,3.086501176694115,0.20353344584191266,-0.2884024638134736
Cottage Grove,5-Day,5.0,2000-02-01,3.0821162550693595,0.204084641956014,-0.2780919650642518
Cottage Grove,5-Day,5.0,2000-02-02,3.077805907629214,0.2041567376021337,-0.26351602283120085
Cottage Grove,5-Day,5.0,2000-02-03,3.073571310622754,0.203807394580867,-0.24516690047461934
Cottage Grove,5-Day,5.0,2000-02-04,3.0694110552856286,0.20318653436994932,-0.22440501186229989
Cottage Grove,5-Day,5.0,2000-02-05,3.065320461858897,0.20298815902920522,-0.208
Cottage Grove,5-Day,5.0,2000-02-06,3.06128962996358,0.2044294438602615,-0.208
Cottage Grove,5-Day,5.0,2000-02-07,3.057304880584788,0.20585425119144446,-0.208
Cottage Grove,5-Day,5.0,2000-02-08,3.05335217865233,0.2072675994741045,-0.208
Cottage Grove,5-Day,5.0,2000-02-09,3.0494181388616823,0.2086742748260635,-0.208
Cottage Grove,5-Day,5.0,2000-02-10,3.045490157784963,0.2100787837933386,-0.208
Cottage Grove,5-Day,5.0,2000-02-11,3.041561546122503,0.21148351823607056,-0.208
Cottage Grove,5-Day,5.0,2000-02-12,3.0376304397796323,0.21288914468946607,-0.208
Cottage Grove,5-Day,5.0,2000-02-13,3.033697678928578,0.2142953627373542,-0.208
Cottage Grove,5-Day,5.0,2000-02-14,3.0297658847720097,0.2157012351285698,-0.208
Cottage Grove,5-Day,5.0,2000-02-15,3.0258383904527277,0.21710557004859776,-0.208
Cottage Grove,5-Day,5.0,2000-02-16,3.0219171801727303,0.2185076580152606,-0.208
Cottage Grove,5-Day,5.0,2000-02-17,3.018003516768474,0.21916925283719949,-0.20125475068495305
Cottage Grove,5-Day,5.0,2000-02-18,3.0140997292666047,0.21855561695018644,-0.18284169627170893
Cottage Grove,5-Day,5.0,2000-02-19,3.0102116745346774,0.21787715384451067,-0.16381175985100185
Cottage Grove,5-Day,5.0,2000-02-20,3.006347688756191,0.21722880989716098,-0.14506883633329112
Cottage Grove,5-Day,5.0,2000-02-21,3.0025159342625614,0.2166535597327012,-0.1270560800105685
Cottage Grove,5-Day,5.0,2000-02-22,2.9987204098831373,0.21614630536627588,-0.10975553468825586
Cottage Grove,5-Day,5.0,2000-02-23,2.994962920745222,0.21568807412716118,-0.0930050044575763
Cottage Grove,5-Day,5.0,2000-02-24,2.9912451947498946,0.21524484822790235,-0.07648818588954841
Cottage Grove,5-Day,5.0,2000-02-25,2.9875697469481564,0.2147836633198951,-0.059890649297195585
Cottage Grove,5-Day,5.0,2000-02-26,2.9839376525544377,0.21429660607236276,-0.043131637284063
Cottage Grove,5-Day,5.0,2000-02-27,2.9803463201358453,0.21380527006165218,-0.02641178665311575
Cottage Grove,5-Day,5.0,2000-02-28,2.9767888896264,0.21333498505093076,-0.009962957771845941
Cottage Grove,5-Day,5.0,2000-03-01,2.9697538424421936,0.21253032690946172,-0.0015784717156738658
Cottage Grove,5-Day,5.0,2000-03-02,2.9662699735233153,0.21223013838146976,-0.0029335399676245788
Cottage Grove,5-Day,5.0,2000-03-03,2.9628026209743927,0.21204559742492488,-0.0035230782736006805
Cottage Grove,5-Day,5.0,2000-03-04,2.9593453238111835,0.211981514577937,-0.003073196449600786
Cottage Grove,5-Day,5.0,2000-03-05,2.9558913738706467,0.21199598003875916,-0.001521874741584992
Cottage Grove,5-Day,5.0,2000-03-06,2.952432167220353,0.21204735295774044,0.0013612089712462792
Cottage Grove,5-Day,5.0,2000-03-07,2.9489543967064042,0.21211250873144127,0.005377359637875708
Cottage Grove,5-Day,5.0,2000-03-08,2.945440210684487,0.2121807698469634,0.01042977122271879
Cottage Grove,5-Day,5.0,2000-03-09,2.9418671858846923,0.21223365726091442,0.016898945266308606
Cottage Grove,5-Day,5.0,2000-03-10,2.938205577473136,0.2122746129615775,0.02538357285576025
Cottage Grove,5-Day,5.0,2000-03-11,2.9344169072343655,0.21233476494733952,0.036336199676588625
Cottage Grove,5-Day,5.0,2000-03-12,2.930456609031741,0.2124504013154468,0.04818188924012301
Cottage Grove,5-Day,5.0,2000-03-13,2.9262832020158274,0.21264016073884973,0.05993206786827856
Cottage Grove,5-Day,5.0,2000-03-14,2.9218644500782567,0.21277375035812968,0.07304614852550556
Cottage Grove,5-Day,5.0,2000-03-15,2.9171825837218526,0.2131186415988047,0.08477166399849499
Cottage Grove,5-Day,5.0,2000-03-16,2.9122402736376993,0.2134772620489728,0.0971570849758598
Cottage Grove,5-Day,5.0,2000-03-17,2.907054267414293,0.21382000913449975,0.11045432583510087
Cottage Grove,5-Day,5.0,2000-03-18,2.9016422470889194,0.21415655990951246,0.124500023099135
Cottage Grove,5-Day,5.0,2000-03-19,2.8960151767945788,0.21453575262351754,0.13546500310811044
Cottage Grove,5-Day,5.0,2000-03-20,2.890167952476311,0.21500986872963207,0.13917460999026054
Cottage Grove,5-Day,5.0,2000-03-21,2.884067237980717,0.2156331604450399,0.14252604451184916
Cottage Grove,5-Day,5.0,2000-03-22,2.8776845181135777,0.21644605503978287,0.1462378958914026
Cottage Grove,5-Day,5.0,2000-03-23,2.871007953909556,0.21745098462118842,0.14980664191325083
Cottage Grove,5-Day,5.0,2000-03-24,2.864041075554119,0.21858373742631237,0.15217594699796144
Cottage Grove,5-Day,5.0,2000-03-25,2.856803549138258,0.21973586004738704,0.1520690240586164
Cottage Grove,5-Day,5.0,2000-03-26,2.8493284727653796,0.22080346020353095,0.14785952431217964
Cottage Grove,5-Day,5.0,2000-03-27,2.841655745566652,0.2217304644448789,0.13847738145762462
Cottage Grove,5-Day,5.0,2000-03-28,2.833825478570382,0.22252442749061999,0.1243076770437203
Cottage Grove,5-Day,5.0,2000-03-29,2.825872397510968,0.22324756666207268,0.10705274009536932
Cottage Grove,5-Day,5.0,2000-03-30,2.817820455959951,0.22398337623278322,0.08888296401978121
Cottage Grove,5-Day,5.0,2000-03-31,2.809686088313933,0.22479303309340448,0.07138410663797908
Cottage Grove,5-Day,5.0,2000-04-01,2.801481727488423,0.22570239846294332,0.05522444943579168
Cottage Grove,5-Day,5.0,2000-04-02,2.793209121540005,0.22671853954777024,0.040845885305774716
Cottage Grove,5-Day,5.0,2000-04-03,2.7848682672333727,0.22784892522135997,0.028606334029260178
Cottage Grove,5-Day,5.0,2000-04-04,2.77646804999105,0.22910234939105156,0.018636197528734914
Cottage Grove,5-Day,5.0,2000-04-05,2.7680206104279073,0.23046251903293194,0.010429954649500608
Cottage Grove,5-Day,5.0,2000-04-06,2.759539710903084,0.23187420284164895,0.0025785985922254133
Cottage Grove,5-Day,5.0,2000-04-07,2.7510374948088985,0.23327620706804716,-0.0065164249191990535
Cottage Grove,5-Day,5.0,2000-04-08,2.742522910906137,0.23466064292896174,-0.01797016554133058
Cottage Grove,5-Day,5.0,2000-04-09,2.734006453140237,0.23607668397918102,-0.032243014628549574
Cottage Grove,5-Day,5.0,2000-04-10,2.7255014607223944,0.2375708109986322,-0.049198507335911315
Cottage Grove,5-Day,5.0,2000-04-11,2.7170186751802134,0.2391618261474969,-0.06803013299866409
Cottage Grove,5-Day,5.0,2000-04-12,2.708564304482965,0.24085612173619447,-0.0877701105985742
Cottage Grove,5-Day,5.0,2000-04-13,2.7001444430275288,0.24266346796659963,-0.10751355384201768
Cottage Grove,5-Day,5.0,2000-04-14,2.691765365002292,0.24460357867380558,-0.12652286316853892
Cottage Grove,5-Day,5.0,2000-04-15,2.6834281950506353,0.2466724311880681,-0.1442499294077663
Cottage Grove,5-Day,5.0,2000-04-16,2.6751257785069154,0.248843417429711,-0.1601744988525368
Cottage Grove,5-Day,5.0,2000-04-17,2.666843694708549,0.2510697364385513,-0.17378446740624984
Cottage Grove,5-Day,5.0,2000-04-18,2.6585610824786388,0.25329429757316435,-0.18508061902034637
Cottage Grove,5-Day,5.0,2000-04-19,2.650254247638874,0.25545851116594154,-0.1942232719652946
Cottage Grove,5-Day,5.0,2000-04-20,2.6418986273394585,0.25752891726832533,-0.2010858936005118
Cottage Grove,5-Day,5.0,2000-04-21,2.633471388496307,0.25951709890979047,-0.20520932132868286
Cottage Grove,5-Day,5.0,2000-04-22,2.6249567893105406,0.26146683214679317,-0.20569697874083015
Cottage Grove,5-Day,5.0,2000-04-23,2.61634919930872,0.26341550601270214,-0.20097573741565503
Cottage Grove,5-Day,5.0,2000-04-24,2.6076506765336753,0.2654018243852551,-0.19255090540812542
Cottage Grove,5-Day,5.0,2000-04-25,2.598864415714152,0.2674802478077511,-0.18472185122837784
Cottage Grove,5-Day,5.0,2000-04-26,2.5899926620686564,0.2696932937593982,-0.17780675822958925
Cottage Grove,5-Day,5.0,2000-04-27,2.5809122543146104,0.2720402490254397,-0.17146300859151817
Cottage Grove,5-Day,5.0,2000-04-28,2.5717642007179986,0.2744829806913162,-0.16576741827869196
Cottage Grove,5-Day,5.0,2000-04-29,2.5625816585511307,0.27696531832211135,-0.16037907827763942
Cottage Grove,5-Day,5.0,2000-04-30,2.553381183085331,0.2794230345548853,-0.15486387428283507
Cottage Grove,5-Day,5.0,2000-05-01,2.5441709138357838,0.28180028027283177,-0.14883844045946848
Cottage Grove,5-Day,5.0,2000-05-02,2.534955461078762,0.2840550887741372,-0.1420195698781499
Cottage Grove,5-Day,5.0,2000-05-03,2.5257374842517515,0.28602770654134596,-0.13327494140900872
Cottage Grove,5-Day,5.0,2000-05-04,2.5165183156701136,0.28781397597969277,-0.12331638584860202
Cottage Grove,5-Day,5.0,2000-05-05,2.5072984752403493,0.2895467993176471,-0.11310598990824369
Cottage Grove,5-Day,5.0,2000-05-06,2.4980779067768677,0.29126971815836605,-0.10295496997086723
Cottage Grove,5-Day,5.0,2000-05-07,2.4888559310082083,0.2929959197828146,-0.09295357340938036
Cottage Grove,5-Day,5.0,2000-05-08,2.4796313680015207,0.2947286587147634,-0.08311937539904775
Cottage Grove,5-Day,5.0,2000-05-09,2.4704027082027644,0.2964660881648614,-0.0734328368601481
Cottage Grove,5-Day,5.0,2000-05-10,2.461168384230019,0.29820372572453646,-0.0638558620579298
Cottage Grove,5-Day,5.0,2000-05-11,2.4519269534021153,0.2999359082864306,-0.05434273544170444
Cottage Grove,5-Day,5.0,2000-05-12,2.442677245658142,0.3016559395820427,-0.044841575592465925
Cottage Grove,5-Day,5.0,2000-05-13,2.433418299076997,0.3033567504327233,-0.035298865357151134
Cottage Grove,5-Day,5.0,2000-05-14,2.424149190420302,0.30503239670935417,-0.02566956359774607
Cottage Grove,5-Day,5.0,2000-05-15,2.4148692725013663,0.3066795679129992,-0.015928110548798276
Cougar,1-Day,1.0,2000-01-01,3.7348556318774127,0.22461009831314144,-0.05629397568040224
Cougar,1-Day,1.0,2000-01-02,3.730513538611572,0.22496313391170056,-0.04602038150924846
Cougar,1-Day,1.0,2000-01-03,3.726161227499234,0.22531105275521357,-0.03570762443628379
Cougar,1-Day,1.0,2000-01-04,3.721798290341492,0.22565158745381003,-0.025332236084924385
Cougar,1-Day,1.0,2000-01-05,3.717424682084599,0.2259829428982561,-0.014876173927563572
Cougar,1-Day,1.0,2000-01-06,3.713040968842461,0.22630378409708357,-0.00432750291658486
Cougar,1-Day,1.0,2000-01-07,3.7086484486461906,0.22661330103182226,0.006318585256250188
Cougar,1-Day,1.0,2000-01-08,3.7042489788266573,0.2269113866675421,0.017058557419003917
Cougar,1-Day,1.0,2000-01-09,3.699844574465933,0.22719891393648073,0.027879028767583674
Cougar,1-Day,1.0,2000-01-10,3.695437298633183,0.22747814622801885,0.038752989166742115
Cougar,1-Day,1.0,2000-01-11,3.691029233146643,0.22775315980064556,0.049635580065240006
Cougar,1-Day,1.0,2000-01-12,3.6866222832702555,0.22803079842058724,0.060455119697202825
Cougar,1-Day,1.0,2000-01-13,3.682218054917336,0.22832107953832206,0.07110910863276748
Cougar,1-Day,1.0,2000-01-14,3.677817773540791,0.22862149104011895,0.08161780295012414
Cougar,1-Day,1.0,2000-01-15,3.6734222536443037,0.2286661798154235,0.09459064586499069
Cougar,1-Day,1.0,2000-01-16,3.6690320500294744,0.2286471436571234,0.10816258641562702
Cougar,1-Day,1.0,2000-01-17,3.6646473392642727,0.22859308075685425,0.1197603237558831
Cougar,1-Day,1.0,2000-01-18,3.6602673244243067,0.2285336318765648,0.1253528104874088
Cougar,1-Day,1.0,2000-01-19,3.6558881908368592,0.22849110684573115,0.13058542114980973
Cougar,1-Day,1.0,2000-01-20,3.651497221046223,0.2284784164053314,0.1353253210435283
Cougar,1-Day,1.0,2000-01-21,3.6469535911125712,0.22849919367225727,0.13963659491341343
Cougar,1-Day,1.0,2000-01-22,3.642375222224239,0.22854401178268116,0.1438480327245792
Cougar,1-Day,1.0,2000-01-23,3.6377647087410785,0.22859393761289876,0.1485457836826
Cougar,1-Day,1.0,2000-01-24,3.6331316676203986,0.22863341808538812,0.15448407933629188
Cougar,1-Day,1.0,2000-01-25,3.6284969292141818,0.22866245318245806,0.1623720983280241
Cougar,1-Day,1.0,2000-01-26,3.623890417885872,0.22870046763582638,0.1726546635207776
Cougar,1-Day,1.0,2000-01-27,3.6193410208916688,0.22877413127777127,0.1853393021290216
Cougar,1-Day,1.0,2000-01-28,3.614866983365474,0.2289050938405282,0.1975728556974585
Cougar,1-Day,1.0,2000-01-29,3.6104733325172718,0.22910345707387672,0.20885124549442677
Cougar,1-Day,1.0,2000-01-30,3.606152737031072,0.2293615689700567,0.21926938620541608
Cougar,1-Day,1.0,2000-01-31,3.601890110416339,0.22964193897471838,0.22925556958507926
Cougar,1-Day,1.0,2000-02-01,3.597669094932653,0.2298894980052397,0.23942818324972298
Cougar,1-Day,1.0,2000-02-02,3.5934756976764817,0.23005468428672776,0.25034772099838026
Cougar,1-Day,1.0,2000-02-03,3.5893012342779103,0.23009577535532882,0.2624850900294298
Cougar,1-Day,1.0,2000-02-04,3.585142949397662,0.2299874299169235,0.27613243624866135
Cougar,1-Day,1.0,2000-02-05,3.580998538190659,0.22972225321499512,0.29140230919090565
Cougar,1-Day,1.0,2000-02-06,3.5768635862789577,0.22930920485056444,0.30824817031080387
Cougar,1-Day,1.0,2000-02-07,3.5727326886552175,0.22876966660432185,0.3264964343159387
Cougar,1-Day,1.0,2000-02-08,3.5686037984809724,0.22813330372053506,0.34587050527303187
Cougar,1-Day,1.0,2000-02-09,3.56448113393921,0.2274336326161798,0.3548315602787988
Cougar,1-Day,1.0,2000-02-10,3.5603730886800866,0.22669709941486846,0.36152973227677965
Cougar,1-Day,1.0,2000-02-11,3.556288822247176,0.22593697992166617,0.3670853696804605
Cougar,1-Day,1.0,2000-02-12,3.552234179635528,0.2251458940291609,0.37155375838557847
Cougar,1-Day,1.0,2000-02-13,3.548209968735293,0.22429388653166313,0.3748809767018921
Cougar,1-Day,1.0,2000-02-14,3.544215068042184,0.2233474730572226,0.3768100612283564
Cougar,1-Day,1.0,2000-02-15,3.5402493974084632,0.2222868878526136,0.37705533260734087
Cougar,1-Day,1.0,2000-02-16,3.5363178490125313,0.22108015333765735,0.37270826735439827
Cougar,1-Day,1.0,2000-02-17,3.532432093732253,0.21985877410062024,0.36935831655407647
Cougar,1-Day,1.0,2000-02-18,3.5286070707617276,0.21860810118069143,0.3648287262216136
Cougar,1-Day,1.0,2000-02-19,3.5248549045829165,0.21739970116189739,0.3590413279896129
Cougar,1-Day,1.0,2000-02-20,3.521181395468899,0.21629060306700185,0.3520397668763994
Cougar,1-Day,1.0,2000-02-21,3.517585854331464,0.21529503638150926,0.3439168283410125
Cougar,1-Day,1.0,2000-02-22,3.514061894790709,0.21439255101970706,0.33468436907533056
Cougar,1-Day,1.0,2000-02-23,3.510600260407869,0.21355678638834516,0.324260640660382
Cougar,1-Day,1.0,2000-02-24,3.507194354847293,0.2127671786762141,0.3125630430375225
Cougar,1-Day,1.0,2000-02-25,3.503841882842053,0.2120109091676693,0.2996194531359792
Cougar,1-Day,1.0,2000-02-26,3.5005441844907716,0.2112816221855182,0.2856511233560676
Cougar,1-Day,1.0,2000-02-27,3.4973044189251037,0.21057346333425792,0.27101062461785147
Cougar,1-Day,1.0,2000-02-28,3.494125162262607,0.20987408510615072,0.2560444694519066
Cougar,1-Day,1.0,2000-03-01,3.487951979625616,0.20847513109720017,0.2266516951981981
Cougar,1-Day,1.0,2000-03-02,3.4849569016953628,0.20779611827342082,0.2131377336467483
Cougar,1-Day,1.0,2000-03-03,3.4820207425984675,0.20716679624019285,0.20108114438777466
Cougar,1-Day,1.0,2000-03-04,3.4791429615334404,0.20661750404929424,0.19075835019186155
Cougar,1-Day,1.0,2000-03-05,3.476325851325481,0.2061635519224786,0.1821179880933395
Cougar,1-Day,1.0,2000-03-06,3.47357682494126,0.20579639493147675,0.17491270340460568
Cougar,1-Day,1.0,2000-03-07,3.4709092845507508,0.20548876233650246,0.16886777284485488
Cougar,1-Day,1.0,2000-03-08,3.468340176703566,0.20520390901430058,0.16384295921832714
Cougar,1-Day,1.0,2000-03-09,3.4658820527570002,0.20490988196503998,0.16008878124301934
Cougar,1-Day,1.0,2000-03-10,3.463533578532955,0.20458928782756533,0.15782063549114742
Cougar,1-Day,1.0,2000-03-11,3.4612748221503833,0.20423258716266013,0.1571065542436572
Cougar,1-Day,1.0,2000-03-12,3.4590707923338324,0.20383738543138746,0.15776336267946825
Cougar,1-Day,1.0,2000-03-13,3.4568822138806206,0.2034098220518225,0.1595629278651842
Cougar,1-Day,1.0,2000-03-14,3.4546763153506825,0.2030261202011549,0.16232191881028885
Cougar,1-Day,1.0,2000-03-15,3.4524323418393736,0.20257522975796652,0.1666438083641337
Cougar,1-Day,1.0,2000-03-16,3.450137457474746,0.2021106629047748,0.17171900159618972
Cougar,1-Day,1.0,2000-03-17,3.4477822968570493,0.20164365302686393,0.17747320022692678
Cougar,1-Day,1.0,2000-03-18,3.445359628640098,0.20119711686422354,0.1840549494604095
Cougar,1-Day,1.0,2000-03-19,3.4428645638138167,0.20079794380706903,0.19155053128408173
Cougar,1-Day,1.0,2000-03-20,3.4402953642575085,0.20046304048765903,0.19992637036389416
Cougar,1-Day,1.0,2000-03-21,3.4376533067722557,0.2001944279516825,0.2091520589708923
Cougar,1-Day,1.0,2000-03-22,3.4349427961234014,0.19997883101892103,0.21923612626468175
Cougar,1-Day,1.0,2000-03-23,3.4321673176972913,0.19978870853121908,0.2302056664838199
Cougar,1-Day,1.0,2000-03-24,3.429327141306807,0.19960155609118382,0.24210341060738755
Cougar,1-Day,1.0,2000-03-25,3.4264209295723527,0.19941661514390963,0.25440691585280345
Cougar,1-Day,1.0,2000-03-26,3.4234480059902346,0.19925593323775184,0.2666677785400929
Cougar,1-Day,1.0,2000-03-27,3.420410054235873,0.1991518841249376,0.2784831636139877
Cougar,1-Day,1.0,2000-03-28,3.4173096011268305,0.19913724067870384,0.28943489139770173
Cougar,1-Day,1.0,2000-03-29,3.414146010763044,0.19923580221979645,0.2992202368838281
Cougar,1-Day,1.0,2000-03-30,3.4109154008077907,0.199458073764234,0.30770999900942236
Cougar,1-Day,1.0,2000-03-31,3.407613117226371,0.1998040022051547,0.31491031497492006
Cougar,1-Day,1.0,2000-04-01,3.4042364126201767,0.20026238698265852,0.3209619947084878
Cougar,1-Day,1.0,2000-04-02,3.400783571409371,0.20081492279586546,0.3260933704963445
Cougar,1-Day,1.0,2000-04-03,3.397253316621236,0.20144469470547754,0.33051644352702275
Cougar,1-Day,1.0,2000-04-04,3.393645484509957,0.2021414508491973,0.33435869579333666
Cougar,1-Day,1.0,2000-04-05,3.3899616275041065,0.20289085597763282,0.3377917764759722
Cougar,1-Day,1.0,2000-04-06,3.3862052629008548,0.2036661038812891,0.34113139697321004
Cougar,1-Day,1.0,2000-04-07,3.382381186248418,0.2044386136192811,0.34470760740386225
Cougar,1-Day,1.0,2000-04-08,3.3784934459873264,0.20519162902716304,0.3487068971779041
Cougar,1-Day,1.0,2000-04-09,3.3745465192342494,0.2059211863652948,0.3531585249438121
Cougar,1-Day,1.0,2000-04-10,3.37054755071127,0.2066376719323203,0.3579100201429209
Cougar,1-Day,1.0,2000-04-11,3.3665015039669783,0.207362481740773,0.36182454015358306
Cougar,1-Day,1.0,2000-04-12,3.3624079394172197,0.2081147966241786,0.3499291518756454
Cougar,1-Day,1.0,2000-04-13,3.358261977257342,0.2089007362704524,0.3383667472958408
Cougar,1-Day,1.0,2000-04-14,3.3540558992786957,0.2097079900819587,0.3271019998580569
Cougar,1-Day,1.0,2000-04-15,3.3497802064179756,0.2105111562934978,0.31583971620586493
Cougar,1-Day,1.0,2000-04-16,3.34542483332577,0.21128262152032568,0.3043989286824124
Cougar,1-Day,1.0,2000-04-17,3.3409798780437443,0.21200282456883274,0.29300669783661637
Cougar,1-Day,1.0,2000-04-18,3.3364387452760136,0.2126552732982456,0.28212164481196916
Cougar,1-Day,1.0,2000-04-19,3.331800586698812,0.21322989221112668,0.27172500305479175
Cougar,1-Day,1.0,2000-04-20,3.327067835365906,0.21372588433592785,0.26120630002817735
Cougar,1-Day,1.0,2000-04-21,3.3222441391933306,0.2141644965614412,0.24991035868628717
Cougar,1-Day,1.0,2000-04-22,3.317334443251993,0.2146062708933376,0.23754275743847839
Cougar,1-Day,1.0,2000-04-23,3.3123449494734283,0.21512680345056273,0.22432425251472607
Cougar,1-Day,1.0,2000-04-24,3.3072836706520006,0.21577778680791057,0.21050118710944385
Cougar,1-Day,1.0,2000-04-25,3.3021589861369702,0.21656609426887627,0.19564899273442685
Cougar,1-Day,1.0,2000-04-26,3.2969787273260924,0.2174707818841553,0.17890974087809536
Cougar,1-Day,1.0,2000-04-27,3.2915657314759144,0.21847099673633388,0.15982334443469423
Cougar,1-Day,1.0,2000-04-28,3.2861477011964197,0.21954231744525599,0.1386430968180434
Cougar,1-Day,1.0,2000-04-29,3.2807292355935433,0.2206616949441506,0.11606349721914665
Cougar,1-Day,1.0,2000-04-30,3.2753084676420716,0.22182548058059473,0.09245418944398062
Cougar,1-Day,1.0,2000-05-01,3.2698826544775,0.2230490422096635,0.06768648425591724
Cougar,1-Day,1.0,2000-05-02,3.2644497604803164,0.22434981912943755,0.04133691546423935
Cougar,1-Day,1.0,2000-05-03,3.2590085821550487,0.22607978081113714,0.011096832936339968
Cougar,1-Day,1.0,2000-05-04,3.253558519924638,0.2278863172348978,-0.01810507873556555
Cougar,1-Day,1.0,2000-05-05,3.248099562960203,0.229713722978777,-0.046798688486724103
Cougar,1-Day,1.0,2000-05-06,3.2426321214078024,0.23155536615266123,-0.07523601041288198
Cougar,1-Day,1.0,2000-05-07,3.2371568035187215,0.23341284865356046,-0.10352237426143526
Cougar,1-Day,1.0,2000-05-08,3.2316742008494415,0.23528797861506762,-0.13169284591698818
Cougar,1-Day,1.0,2000-05-09,3.2261847570084363,0.23718223465975558,-0.15974684413687545
Cougar,1-Day,1.0,2000-05-10,3.2206887944779017,0.23909665161332005,-0.18766641166815354
Cougar,1-Day,1.0,2000-05-11,3.2151865749357573,0.2410323518319671,-0.21542239901931254
Cougar,1-Day,1.0,2000-05-12,3.209678333088999,0.242990742804012,-0.24297771667542492
Cougar,1-Day,1.0,2000-05-13,3.204164333403675,0.24497296564240603,-0.27029208829120543
Cougar,1-Day,1.0,2000-05-14,3.1986449296306776,0.24697922037549713,-0.2973295734279338
Cougar,1-Day,1.0,2000-05-15,3.1931205419511945,0.24900871156052787,-0.324069476874771
Cougar,5-Day,5.0,2000-01-01,3.564022453647112,0.18533935878615906,-0.068
Cougar,5-Day,5.0,2000-01-02,3.56107892650193,0.18632262998060808,-0.068
Cougar,5-Day,5.0,2000-01-03,3.5581211416953478,0.18731066387870904,-0.068
Cougar,5-Day,5.0,2000-01-04,3.555149111884533,0.18830345625267178,-0.068
Cougar,5-Day,5.0,2000-01-05,3.5521634322406257,0.188881856801029,-0.06331428710254493
Cougar,5-Day,5.0,2000-01-06,3.5491653809382284,0.18935476507571652,-0.05743178367474722
Cougar,5-Day,5.0,2000-01-07,3.5461569647142284,0.1898260668797609,-0.051525193153953625
Cougar,5-Day,5.0,2000-01-08,3.5431407353817996,0.19029542957518653,-0.04560028042280342
Cougar,5-Day,5.0,2000-01-09,3.5401192297287536,0.19076222665927306,-0.03965935258775641
Cougar,5-Day,5.0,2000-01-10,3.5370947777148483,0.1912260654032519,-0.033706465745308
Cougar,5-Day,5.0,2000-01-11,3.5340696095498307,0.19168819612092677,-0.027763603918343045
Cougar,5-Day,5.0,2000-01-12,3.53104576885247,0.19215244628813408,-0.021880811812266178
Cougar,5-Day,5.0,2000-01-13,3.528025071000276,0.192626397769962,-0.016149198179086954
Cougar,5-Day,5.0,2000-01-14,3.525009029344181,0.19312458575359084,-0.010736350790932058
Cougar,5-Day,5.0,2000-01-15,3.521998790313867,0.19341896244987308,-0.003094389165745339
Cougar,5-Day,5.0,2000-01-16,3.518995309841758,0.19360919681639396,0.005663878469428133
Cougar,5-Day,5.0,2000-01-17,3.515999152322031,0.1937140837730749,0.015333444595105189
Cougar,5-Day,5.0,2000-01-18,3.5130091443315226,0.19377310602763564,0.02548172365886616
Cougar,5-Day,5.0,2000-01-19,3.5100171887910943,0.19382464220694354,0.035708435505028384
Cougar,5-Day,5.0,2000-01-20,3.506994662907191,0.19389258823176778,0.04584594369143481
Cougar,5-Day,5.0,2000-01-21,3.503699152191881,0.19397340061544208,0.056806194429857626
Cougar,5-Day,5.0,2000-01-22,3.5003293842684764,0.1940455436003743,0.06811627907356059
Cougar,5-Day,5.0,2000-01-23,3.4968837465106337,0.1940789471100608,0.08012914653721367
Cougar,5-Day,5.0,2000-01-24,3.493365635524062,0.1940396037226577,0.09323213337436972
Cougar,5-Day,5.0,2000-01-25,3.4897858896964915,0.19390172489187893,0.10770023305067018
Cougar,5-Day,5.0,2000-01-26,3.4861645963464576,0.19367546586043918,0.12336418490503877
Cougar,5-Day,5.0,2000-01-27,3.4825248473395773,0.19340297802389453,0.13966533159800631
Cougar,5-Day,5.0,2000-01-28,3.4788854916427985,0.19313452845811335,0.15594979950065455
Cougar,5-Day,5.0,2000-01-29,3.4752621240399275,0.19291913676862077,0.17157219458392206
Cougar,5-Day,5.0,2000-01-30,3.4716659976011286,0.19278424057339769,0.18614723405782507
Cougar,5-Day,5.0,2000-01-31,3.4680992633874417,0.19272138871568983,0.19975195167916926
Cougar,5-Day,5.0,2000-02-01,3.46455800383935,0.19271169687589879,0.21261697758256184
Cougar,5-Day,5.0,2000-02-02,3.461035701787068,0.19273993272829884,0.22494339683189243
Cougar,5-Day,5.0,2000-02-03,3.4575255134550624,0.19277775708893746,0.23709918445078643
Cougar,5-Day,5.0,2000-02-04,3.4540242267318346,0.19279173341451972,0.2495088596539283
Cougar,5-Day,5.0,2000-02-05,3.4505303524514233,0.19274360307634683,0.2626587874201869
Cougar,5-Day,5.0,2000-02-06,3.4470402051896283,0.19261006514434864,0.2768669877714544
Cougar,5-Day,5.0,2000-02-07,3.443548259078619,0.1923965817868365,0.28554027048003355
Cougar,5-Day,5.0,2000-02-08,3.4400498133711372,0.1921271408390841,0.28698350274540657
Cougar,5-Day,5.0,2000-02-09,3.4365437713889575,0.19183396093848004,0.2865586550142379
Cougar,5-Day,5.0,2000-02-10,3.43303417341297,0.19154668353288096,0.28468266133872056
Cougar,5-Day,5.0,2000-02-11,3.429528818897734,0.19128714248385437,0.2816727125259319
Cougar,5-Day,5.0,2000-02-12,3.426036044605266,0.19105735252493497,0.27724499976268996
Cougar,5-Day,5.0,2000-02-13,3.4225639392117673,0.19083032257572463,0.2710727035697075
Cougar,5-Day,5.0,2000-02-14,3.41912125725478,0.1905569500370362,0.26286629808702555
Cougar,5-Day,5.0,2000-02-15,3.415716094832167,0.19018449791170217,0.252343772137656
Cougar,5-Day,5.0,2000-02-16,3.412357380065824,0.1895452471028856,0.2379811267331471
Cougar,5-Day,5.0,2000-02-17,3.4090579486329684,0.18892864915619928,0.22263493717128496
Cougar,5-Day,5.0,2000-02-18,3.405833106010952,0.18821707770383247,0.2049118205615503
Cougar,5-Day,5.0,2000-02-19,3.4026955416202864,0.18745645315838513,0.1857054903992948
Cougar,5-Day,5.0,2000-02-20,3.3996521982305823,0.18670230290895468,0.1660241529699982
Cougar,5-Day,5.0,2000-02-21,3.396703995995394,0.1859896029717151,0.1462751961966279
Cougar,5-Day,5.0,2000-02-22,3.393846800213985,0.18532127309365015,0.12629837460510515
Cougar,5-Day,5.0,2000-02-23,3.3910719138852246,0.18469203736090517,0.10585150345721347
Cougar,5-Day,5.0,2000-02-24,3.388369588470535,0.18409437212893334,0.08489123110305298
Cougar,5-Day,5.0,2000-02-25,3.3857315273399733,0.18351372971146843,0.06360071366802997
Cougar,5-Day,5.0,2000-02-26,3.3831526627667348,0.1829461243902873,0.04255482084065449
Cougar,5-Day,5.0,2000-02-27,3.380631805225515,0.18240174305060214,0.022432358136764755
Cougar,5-Day,5.0,2000-02-28,3.378169898606949,0.18188262889379156,0.003147667632152821
Cougar,5-Day,5.0,2000-03-01,3.3734327172684084,0.18089548713020073,-0.03539920651175774
Cougar,5-Day,5.0,2000-03-02,3.3711599557318483,0.18041499636173938,-0.055249189300163586
Cougar,5-Day,5.0,2000-03-03,3.368950476335164,0.17995195432163533,-0.07481991135147482
Cougar,5-Day,5.0,2000-03-04,3.3668033217829483,0.17952314329983618,-0.09310187282325359
Cougar,5-Day,5.0,2000-03-05,3.3647169338031295,0.17914616135803751,-0.10930285905845846
Cougar,5-Day,5.0,2000-03-06,3.362693174992195,0.1788337867948516,-0.12330501620108555
Cougar,5-Day,5.0,2000-03-07,3.3607375997404954,0.17858524518319194,-0.13528545643422968
Cougar,5-Day,5.0,2000-03-08,3.3588587967566492,0.1783754306959874,-0.14512197372515748
Cougar,5-Day,5.0,2000-03-09,3.35706506472305,0.17816088610891986,-0.15262070113053922
Cougar,5-Day,5.0,2000-03-10,3.3553563080848288,0.17789744421651862,-0.15827054143451844
Cougar,5-Day,5.0,2000-03-11,3.353721494056268,0.17755754666260523,-0.16317500674233842
Cougar,5-Day,5.0,2000-03-12,3.352140723185195,0.17713259184246194,-0.1685622313811908
Cougar,5-Day,5.0,2000-03-13,3.35058663417824,0.17662737040153179,-0.17516284460592352
Cougar,5-Day,5.0,2000-03-14,3.349032060441731,0.17619505510201447,-0.17835117253279525
Cougar,5-Day,5.0,2000-03-15,3.3474580873903514,0.175588681221546,-0.18640878993708618
Cougar,5-Day,5.0,2000-03-16,3.3458536647640265,0.17494590410510907,-0.19504068513793993
Cougar,5-Day,5.0,2000-03-17,3.344210376911551,0.1742759613514339,-0.2035602799280492
Cougar,5-Day,5.0,2000-03-18,3.3425201600324335,0.17359684805625733,-0.21135335592494384
Cougar,5-Day,5.0,2000-03-19,3.3407758934964344,0.17294771398013079,-0.2178336234462298
Cougar,5-Day,5.0,2000-03-20,3.3389726206562256,0.17236556531581063,-0.22269239249313127
Cougar,5-Day,5.0,2000-03-21,3.3371086932258436,0.17187714425084297,-0.2259528225363833
Cougar,5-Day,5.0,2000-03-22,3.3351878478771204,0.17149697392044752,-0.2278283534832505
Cougar,5-Day,5.0,2000-03-23,3.3332161409740637,0.1712106886027957,-0.22876341392658553
Cougar,5-Day,5.0,2000-03-24,3.3311970631346517,0.17097591246854538,-0.22937515733653993
Cougar,5-Day,5.0,2000-03-25,3.3291308509795274,0.17075761454333277,-0.2296744750805364
Cougar,5-Day,5.0,2000-03-26,3.327016778328277,0.17055910955413328,-0.22871043531348245
Cougar,5-Day,5.0,2000-03-27,3.324856764961299,0.17040848375304032,-0.2253097239628878
Cougar,5-Day,5.0,2000-03-28,3.322654254403464,0.17034390231408447,-0.21887304046325307
Cougar,5-Day,5.0,2000-03-29,3.320408542704298,0.17036306786978303,-0.2096413193244336
Cougar,5-Day,5.0,2000-03-30,3.3181144457519913,0.17021534401797705,-0.198248457182176
Cougar,5-Day,5.0,2000-03-31,3.3157649152610413,0.16995249963532053,-0.18525060900869106
Cougar,5-Day,5.0,2000-04-01,3.3133541261142074,0.16961117797061687,-0.17103565434881443
Cougar,5-Day,5.0,2000-04-02,3.310878200873939,0.1692279277628175,-0.156007037793547
Cougar,5-Day,5.0,2000-04-03,3.308334027111403,0.16886957826011495,-0.14095187442650647
Cougar,5-Day,5.0,2000-04-04,3.3057181871577224,0.16858458475752153,-0.126455527436007
Cougar,5-Day,5.0,2000-04-05,3.303027533618599,0.1684342320147056,-0.11327892034648053
Cougar,5-Day,5.0,2000-04-06,3.3002602472518623,0.16849338485256657,-0.10237040963074721
Cougar,5-Day,5.0,2000-04-07,3.297416220386994,0.16882886163815397,-0.09458800976988044
Cougar,5-Day,5.0,2000-04-08,3.294496349325996,0.16947734515369137,-0.09040116552118904
Cougar,5-Day,5.0,2000-04-09,3.2915048453986326,0.17043023546958094,-0.08969922959106755
Cougar,5-Day,5.0,2000-04-10,3.2884516128890016,0.171612288129474,-0.09155018113497163
Cougar,5-Day,5.0,2000-04-11,3.2853462810664977,0.17289734491342268,-0.09440971170086378
Cougar,5-Day,5.0,2000-04-12,3.28219481432863,0.17416382721208368,-0.09681749359620997
Cougar,5-Day,5.0,2000-04-13,3.279000211467888,0.17532702729207653,-0.09778694215008343
Cougar,5-Day,5.0,2000-04-14,3.2757638299563254,0.17636632658327592,-0.0971089774995864
Cougar,5-Day,5.0,2000-04-15,3.272481840928439,0.17732981147224994,-0.09536337619381847
Cougar,5-Day,5.0,2000-04-16,3.2691455083159546,0.17829166294795412,-0.09340210511807612
Cougar,5-Day,5.0,2000-04-17,3.265745138433278,0.17931521759970626,-0.09193026159756987
Cougar,5-Day,5.0,2000-04-18,3.262276595578232,0.18041545547913396,-0.09109852337940173
Cougar,5-Day,5.0,2000-04-19,3.258740341383678,0.18158181176167432,-0.09077608354970257
Cougar,5-Day,5.0,2000-04-20,3.2551361355320823,0.18277688533446565,-0.09052396082028018
Cougar,5-Day,5.0,2000-04-21,3.251460440073192,0.1839317869585597,-0.08954263111872632
Cougar,5-Day,5.0,2000-04-22,3.2477094705407614,0.18498924231189956,-0.0871815924918723
Cougar,5-Day,5.0,2000-04-23,3.2438818995018197,0.1859856925926337,-0.0838681504926809
Cougar,5-Day,5.0,2000-04-24,3.2399807265387817,0.18704847883652337,-0.08105878197461515
Cougar,5-Day,5.0,2000-04-25,3.236011530648,0.1883172353318962,-0.08032891894528904
Cougar,5-Day,5.0,2000-04-26,3.231980774612795,0.189856684150543,-0.08237947250295026
Cougar,5-Day,5.0,2000-04-27,3.2277437616798723,0.19169743634502465,-0.08693758053015259
Cougar,5-Day,5.0,2000-04-28,3.2234713505773396,0.19375631259936932,-0.09363957588976884
Cougar,5-Day,5.0,2000-04-29,3.2191849241727613,0.19606172682838735,-0.10277928626950973
Cougar,5-Day,5.0,2000-04-30,3.214891833853064,0.19864232453049474,-0.11457029065123774
Cougar,5-Day,5.0,2000-05-01,3.210593838788491,0.20044217200463602,-0.1289526727786413
Cougar,5-Day,5.0,2000-05-02,3.20629102385991,0.20211008495388164,-0.14572218064607337
Cougar,5-Day,5.0,2000-05-03,3.201983008376715,0.20410634270862152,-0.170327226604688
Cougar,5-Day,5.0,2000-05-04,3.1976692492415864,0.2061663563643236,-0.19428020931320394
Cougar,5-Day,5.0,2000-05-05,3.1933493772073156,0.2082356149474848,-0.21817334068468405
Cougar,5-Day,5.0,2000-05-06,3.189023244535258,0.21031058923203158,-0.24229843909923882
Cougar,5-Day,5.0,2000-05-07,3.1846907362794132,0.21239575977986905,-0.26672209342279485
Cougar,5-Day,5.0,2000-05-08,3.180351566514182,0.21449524511411877,-0.2914293619121366
Cougar,5-Day,5.0,2000-05-09,3.1760052184358236,0.2166120070094917,-0.3163870181576592
Cougar,5-Day,5.0,2000-05-10,3.1716510369837576,0.2187478686502462,-0.34156450538028055
Cougar,5-Day,5.0,2000-05-11,3.167288393171153,0.2209045249581295,-0.36692661365502
Cougar,5-Day,5.0,2000-05-12,3.1629167086150494,0.2230838163805466,-0.39242013961379807
Cougar,5-Day,5.0,2000-05-13,3.158535494631619,0.22528707780645235,-0.41797761676071327
Cougar,5-Day,5.0,2000-05-14,3.1541444894565984,0.22751450535287854,-0.4435309976012297
Cougar,5-Day,5.0,2000-05-15,3.149743734326856,0.22976510988674237,-0.4690277945712434
Detroit,1-Day,1.0,2000-01-01,4.146367875961355,0.2155682059826668,-0.1248316983662448
Detroit,1-Day,1.0,2000-01-02,4.141864026724907,0.21531829007680978,-0.10759965287711658
Detroit,1-Day,1.0,2000-01-03,4.137349097707354,0.21508551635592318,-0.09048840443032023
Detroit,1-Day,1.0,2000-01-04,4.132823157677062,0.21487201860496194,-0.07352169292461443
Detroit,1-Day,1.0,2000-01-05,4.128286877914008,0.2146801158666712,-0.05672771626755016
Detroit,1-Day,1.0,2000-01-06,4.123741674101807,0.21451204572331808,-0.04013697641781021
Detroit,1-Day,1.0,2000-01-07,4.1191896575312015,0.21436984326209974,-0.023780836189865224
Detroit,1-Day,1.0,2000-01-08,4.11463329400285,0.21488222245273478,-0.014
Detroit,1-Day,1.0,2000-01-09,4.110075001144773,0.21636686610093894,-0.014
Detroit,1-Day,1.0,2000-01-10,4.105517109539948,0.21785137906027094,-0.014
Detroit,1-Day,1.0,2000-01-11,4.1009619666679376,0.21820926770594773,-0.0028766739040583566
Detroit,1-Day,1.0,2000-01-12,4.096411698629319,0.2185145603252508,0.008708694882882234
Detroit,1-Day,1.0,2000-01-13,4.091868042791593,0.21881982435035224,0.020230841931246336
Detroit,1-Day,1.0,2000-01-14,4.087332260363865,0.2191460064891242,0.031476604386983874
Detroit,1-Day,1.0,2000-01-15,4.082805127275847,0.21952687910093854,0.04210330243523626
Detroit,1-Day,1.0,2000-01-16,4.078286937722352,0.2198990184786707,0.05274502483614047
Detroit,1-Day,1.0,2000-01-17,4.073777033344015,0.22028149564042085,0.06321281451671125
Detroit,1-Day,1.0,2000-01-18,4.0692721820533375,0.22068791412841748,0.07337934601594323
Detroit,1-Day,1.0,2000-01-19,4.064762232039673,0.22111701711949544,0.08328848831758434
Detroit,1-Day,1.0,2000-01-20,4.060219467972238,0.22155623860382154,0.09315404443657926
Detroit,1-Day,1.0,2000-01-21,4.055534217308261,0.22198665197004552,0.10351190852097417
Detroit,1-Day,1.0,2000-01-22,4.050791952173947,0.22238043643178618,0.11437558663169932
Detroit,1-Day,1.0,2000-01-23,4.04599558322462,0.22270517093762746,0.12606938213365815
Detroit,1-Day,1.0,2000-01-24,4.041159511836035,0.22293858786880452,0.13878284512788047
Detroit,1-Day,1.0,2000-01-25,4.03630969479659,0.22307638846164357,0.15249019565881478
Detroit,1-Day,1.0,2000-01-26,4.031476320604652,0.22313862195132214,0.1669038075987291
Detroit,1-Day,1.0,2000-01-27,4.026683679953823,0.22316043201626243,0.18159482267731664
Detroit,1-Day,1.0,2000-01-28,4.021945307690246,0.22317522986943084,0.19617873890113496
Detroit,1-Day,1.0,2000-01-29,4.017265985056024,0.22319717432455843,0.21049354562711503
Detroit,1-Day,1.0,2000-01-30,4.012643858227254,0.22321501282085837,0.22466388108478774
Detroit,1-Day,1.0,2000-01-31,4.008072468437469,0.22320792262091674,0.2389331892198189
Detroit,1-Day,1.0,2000-02-01,4.003546234172635,0.2231586821451517,0.2535085119665593
Detroit,1-Day,1.0,2000-02-02,3.999062090132247,0.22304131963930712,0.2686880866386644
Detroit,1-Day,1.0,2000-02-03,3.994619406498873,0.22282336548053394,0.2848413219762279
Detroit,1-Day,1.0,2000-02-04,3.990218384458306,0.22249291630135745,0.30022192639413414
Detroit,1-Day,1.0,2000-02-05,3.985856394582916,0.22207901492004462,0.29852484037706056
Detroit,1-Day,1.0,2000-02-06,3.981526934274654,0.22163479942040776,0.2958086201879491
Detroit,1-Day,1.0,2000-02-07,3.977221787618093,0.22120923419215224,0.2924446485146039
Detroit,1-Day,1.0,2000-02-08,3.9729345670667606,0.22083263961268423,0.2884829004766647
Detroit,1-Day,1.0,2000-02-09,3.96866176872518,0.22051389803188448,0.2837405425867005
Detroit,1-Day,1.0,2000-02-10,3.9644036099573574,0.22024106156757137,0.2779101331463052
Detroit,1-Day,1.0,2000-02-11,3.9601644046445887,0.2199883161372331,0.27094469113562664
Detroit,1-Day,1.0,2000-02-12,3.9559523913173136,0.21972228857025058,0.2633751170438468
Detroit,1-Day,1.0,2000-02-13,3.9517767934653207,0.21940045031021657,0.25623536676990105
Detroit,1-Day,1.0,2000-02-14,3.947647526733287,0.21898028401905456,0.25042573532907964
Detroit,1-Day,1.0,2000-02-15,3.943575978234126,0.21844188616732904,0.24642234053046094
Detroit,1-Day,1.0,2000-02-16,3.9395738986087436,0.21768104113615527,0.2472811570901228
Detroit,1-Day,1.0,2000-02-17,3.9356518802116556,0.216944169938064,0.24590612091604708
Detroit,1-Day,1.0,2000-02-18,3.9318175853599286,0.2161528631507106,0.24596745861086233
Detroit,1-Day,1.0,2000-02-19,3.928074653263883,0.21530479641225928,0.2473115664162188
Detroit,1-Day,1.0,2000-02-20,3.9244221353101767,0.21439138614630518,0.24981717579407065
Detroit,1-Day,1.0,2000-02-21,3.9208553639765715,0.21341151994893348,0.2533880700464139
Detroit,1-Day,1.0,2000-02-22,3.917366899618816,0.2123845601841752,0.25779818904292673
Detroit,1-Day,1.0,2000-02-23,3.9139461911872724,0.21135046608638378,0.2626585479203825
Detroit,1-Day,1.0,2000-02-24,3.9105826588505184,0.21034427801710415,0.26767828207551353
Detroit,1-Day,1.0,2000-02-25,3.9072666103155247,0.20937628638460046,0.2727431675796182
Detroit,1-Day,1.0,2000-02-26,3.9039889400702603,0.20843496729386302,0.27784703151813067
Detroit,1-Day,1.0,2000-02-27,3.9007421540784217,0.20750224471286782,0.2830086209627155
Detroit,1-Day,1.0,2000-02-28,3.8975213614112256,0.2065851003163589,0.2881980848822636
Detroit,1-Day,1.0,2000-03-01,3.891148949100743,0.20494056200503682,0.29821637001555207
Detroit,1-Day,1.0,2000-03-02,3.887993672184486,0.20427699170044458,0.3028679102943361
Detroit,1-Day,1.0,2000-03-03,3.8848561776323134,0.2037419774369951,0.30730640911432894
Detroit,1-Day,1.0,2000-03-04,3.881736206681308,0.20335507042707687,0.3116360203205384
Detroit,1-Day,1.0,2000-03-05,3.8786370734493745,0.2031495912551497,0.3159470271034766
Detroit,1-Day,1.0,2000-03-06,3.8755667207913316,0.20316397676784365,0.32018661203178983
Detroit,1-Day,1.0,2000-03-07,3.8725359581203658,0.2034162230684569,0.3241533566092708
Detroit,1-Day,1.0,2000-03-08,3.8695546151027136,0.20388421466125198,0.3275484221952984
Detroit,1-Day,1.0,2000-03-09,3.866626679958783,0.20449812003132897,0.33000492354332933
Detroit,1-Day,1.0,2000-03-10,3.8637482491434225,0.20516556457646046,0.33131799723346655
Detroit,1-Day,1.0,2000-03-11,3.86090690002235,0.2058145582987224,0.3315080572280181
Detroit,1-Day,1.0,2000-03-12,3.858084396778518,0.20640492154292733,0.33077285840123777
Detroit,1-Day,1.0,2000-03-13,3.855258532083124,0.20691829232438888,0.32939671527979586
Detroit,1-Day,1.0,2000-03-14,3.8524071155893544,0.20753371999772682,0.3290662157709205
Detroit,1-Day,1.0,2000-03-15,3.8495099547873974,0.20790601558555927,0.3262063361539307
Detroit,1-Day,1.0,2000-03-16,3.84654866458879,0.2081986164009035,0.32313216166094466
Detroit,1-Day,1.0,2000-03-17,3.8435083437753748,0.20843390863526082,0.32018375774535296
Detroit,1-Day,1.0,2000-03-18,3.8403790357447827,0.2086362389954867,0.31763764211935497
Detroit,1-Day,1.0,2000-03-19,3.8371553816116566,0.20882219454247267,0.31570015737937074
Detroit,1-Day,1.0,2000-03-20,3.8338364866282784,0.20899550630474054,0.3145767011110818
Detroit,1-Day,1.0,2000-03-21,3.8304263474282476,0.20915101648173745,0.31438658513263035
Detroit,1-Day,1.0,2000-03-22,3.82693519972342,0.20927256069314631,0.31501486041725246
Detroit,1-Day,1.0,2000-03-23,3.823375109693177,0.20933599878924494,0.31607215872159433
Detroit,1-Day,1.0,2000-03-24,3.8197565851864814,0.2093178391322907,0.3171803644544326
Detroit,1-Day,1.0,2000-03-25,3.816088404210789,0.209197034835066,0.31812130120397103
Detroit,1-Day,1.0,2000-03-26,3.81237889248936,0.20896333198111486,0.3188638325002819
Detroit,1-Day,1.0,2000-03-27,3.808636566631729,0.20862873922202665,0.31951333140950094
Detroit,1-Day,1.0,2000-03-28,3.8048673158850064,0.2082304738865875,0.32022046978943924
Detroit,1-Day,1.0,2000-03-29,3.801071116856166,0.20781657860922959,0.321079914331499
Detroit,1-Day,1.0,2000-03-30,3.7972434891807683,0.20743269010750143,0.3220929568357041
Detroit,1-Day,1.0,2000-03-31,3.7933787359793594,0.20711678766138325,0.3231372987249392
Detroit,1-Day,1.0,2000-04-01,3.789472370134465,0.2068851125499225,0.32402743194804584
Detroit,1-Day,1.0,2000-04-02,3.7855207469185,0.2067231451678143,0.32460087957832817
Detroit,1-Day,1.0,2000-04-03,3.7815186982577598,0.20659882437494714,0.3246440128251315
Detroit,1-Day,1.0,2000-04-04,3.7774606248939273,0.20649057352257225,0.32378745330033554
Detroit,1-Day,1.0,2000-04-05,3.7733432524423973,0.20637930837337923,0.3216154330801535
Detroit,1-Day,1.0,2000-04-06,3.7691669781753974,0.20625098035509573,0.3177699052988785
Detroit,1-Day,1.0,2000-04-07,3.7649356536292986,0.20610732016374836,0.3119640051244281
Detroit,1-Day,1.0,2000-04-08,3.7606560284400414,0.20596831555753828,0.30408790069199493
Detroit,1-Day,1.0,2000-04-09,3.756338357936568,0.20586370068248924,0.29442110557488055
Detroit,1-Day,1.0,2000-04-10,3.7519956163544506,0.20581689491327448,0.2835257766445329
Detroit,1-Day,1.0,2000-04-11,3.747640516364525,0.2058360543904461,0.27191849200362667
Detroit,1-Day,1.0,2000-04-12,3.7432839500990056,0.20591624787247392,0.2601122501274633
Detroit,1-Day,1.0,2000-04-13,3.7389361894192903,0.2060382537501159,0.2484996548383831
Detroit,1-Day,1.0,2000-04-14,3.7346065408699296,0.20615636228744788,0.23702068779892865
Detroit,1-Day,1.0,2000-04-15,3.7303019520746417,0.20621527126433742,0.22535534610944666
Detroit,1-Day,1.0,2000-04-16,3.7260254257054264,0.20617844002061475,0.2131529044611301
Detroit,1-Day,1.0,2000-04-17,3.7217764274186664,0.20603070364988263,0.2001356508679456
Detroit,1-Day,1.0,2000-04-18,3.717551727991728,0.2057584879382919,0.1861427665959057
Detroit,1-Day,1.0,2000-04-19,3.7133450852019165,0.205348306526742,0.17124681884480422
Detroit,1-Day,1.0,2000-04-20,3.7091456991146394,0.20479525088124867,0.15582743524247597
Detroit,1-Day,1.0,2000-04-21,3.7049400109746045,0.2041194259121601,0.1404663307176493
Detroit,1-Day,1.0,2000-04-22,3.700713955224229,0.20337451205985635,0.1256918463816325
Detroit,1-Day,1.0,2000-04-23,3.6964556564704663,0.20263059706235675,0.11169290096608364
Detroit,1-Day,1.0,2000-04-24,3.692156834181157,0.2019442619891319,0.0983856972460257
Detroit,1-Day,1.0,2000-04-25,3.687812155364819,0.2013418441526774,0.08538658001326561
Detroit,1-Day,1.0,2000-04-26,3.6834184302088855,0.20083331358743461,0.07207285084653953
Detroit,1-Day,1.0,2000-04-27,3.678883988948997,0.200430432212381,0.05783550369066159
Detroit,1-Day,1.0,2000-04-28,3.6742999781434804,0.2001407240530218,0.042396541663980894
Detroit,1-Day,1.0,2000-04-29,3.669697560779868,0.1999698349488483,0.02608277516003458
Detroit,1-Day,1.0,2000-04-30,3.6650899043437466,0.19993077096378076,0.009613892375229003
Detroit,1-Day,1.0,2000-05-01,3.660482178853537,0.20003866189119343,-0.006339578948318805
Detroit,1-Day,1.0,2000-05-02,3.655876446617967,0.20030610715436772,-0.02138370527354155
Detroit,1-Day,1.0,2000-05-03,3.6512733372143855,0.20116426236145368,-0.03264361708729776
Detroit,1-Day,1.0,2000-05-04,3.646672688919024,0.20212132114733186,-0.042966331818008664
Detroit,1-Day,1.0,2000-05-05,3.642073830578445,0.20311693859073782,-0.05342684915823161
Detroit,1-Day,1.0,2000-05-06,3.637475771294334,0.20413803046416215,-0.06407653808709575
Detroit,1-Day,1.0,2000-05-07,3.632877265710056,0.20518306832955974,-0.07482017071889048
Detroit,1-Day,1.0,2000-05-08,3.628276856135727,0.20625258762929716,-0.08556804569628906
Detroit,1-Day,1.0,2000-05-09,3.623672954521362,0.20734755812807937,-0.09624326582183043
Detroit,1-Day,1.0,2000-05-10,3.6190640466279356,0.20846884456375042,-0.10677415871209374
Detroit,1-Day,1.0,2000-05-11,3.6144488004056976,0.2096175864480004,-0.11709223877892828
Detroit,1-Day,1.0,2000-05-12,3.6098260872482446,0.21079519551458378,-0.12713885521708262
Detroit,1-Day,1.0,2000-05-13,3.605194993085387,0.212002984245663,-0.13687270217541692
Detroit,1-Day,1.0,2000-05-14,3.600554877997297,0.2132417579987308,-0.14627449651328778
Detroit,1-Day,1.0,2000-05-15,3.595905465579183,0.21451114640090793,-0.15534553798946577
Detroit,5-Day,5.0,2000-01-01,3.964815488681827,0.18738570237812804,-0.09355477505989784
Detroit,5-Day,5.0,2000-01-02,3.9618107778519343,0.18676098898454585,-0.07518810667705964
Detroit,5-Day,5.0,2000-01-03,3.9587904730181234,0.18612520745244573,-0.056544838596998735
Detroit,5-Day,5.0,2000-01-04,3.9557547371568673,0.1854848477239186,-0.03769383006370854
Detroit,5-Day,5.0,2000-01-05,3.9527043201957035,0.18484579703492926,-0.01870216948207801
Detroit,5-Day,5.0,2000-01-06,3.9496405422305765,0.1842120532574659,0.0003802382050544551
Detroit,5-Day,5.0,2000-01-07,3.9465652438740526,0.18358589119988605,0.01951994979784985
Detroit,5-Day,5.0,2000-01-08,3.9434805290895425,0.18296855469415008,0.03869366520667945
Detroit,5-Day,5.0,2000-01-09,3.940388403044803,0.1823616026618906,0.0578738722783324
Detroit,5-Day,5.0,2000-01-10,3.9372907261410512,0.18176432416015886,0.07706057663304221
Detroit,5-Day,5.0,2000-01-11,3.934189470990184,0.18117132441541808,0.09631178635121951
Detroit,5-Day,5.0,2000-01-12,3.931086720604668,0.1805710046364594,0.11576575355859066
Detroit,5-Day,5.0,2000-01-13,3.927984507683435,0.1799400708909376,0.13571576235604157
Detroit,5-Day,5.0,2000-01-14,3.9248847597992946,0.17929174616194873,0.156
Detroit,5-Day,5.0,2000-01-15,3.921789161920886,0.1802259363926091,0.156
Detroit,5-Day,5.0,2000-01-16,3.918698995187954,0.18115848761095446,0.156
Detroit,5-Day,5.0,2000-01-17,3.9156146791649755,0.18208927320072127,0.156
Detroit,5-Day,5.0,2000-01-18,3.9125337123201596,0.1830190480747417,0.156
Detroit,5-Day,5.0,2000-01-19,3.9094441917390013,0.1839514042972579,0.156
Detroit,5-Day,5.0,2000-01-20,3.9063097053443814,0.18489733031317082,0.156
Detroit,5-Day,5.0,2000-01-21,3.9029606043473066,0.1859080227725449,0.156
Detroit,5-Day,5.0,2000-01-22,3.899549080523642,0.18693755320670166,0.156
Detroit,5-Day,5.0,2000-01-23,3.8960787473783403,0.18798483113141534,0.156
Detroit,5-Day,5.0,2000-01-24,3.8925575717016097,0.1890474523262868,0.156
Detroit,5-Day,5.0,2000-01-25,3.8889980314494523,0.19012165119207322,0.156
Detroit,5-Day,5.0,2000-01-26,3.885415580386313,0.19120276408742043,0.156
Detroit,5-Day,5.0,2000-01-27,3.8818231483312804,0.19228688904872152,0.156
Detroit,5-Day,5.0,2000-01-28,3.8782293030902166,0.19293132020203557,0.16125415312829366
Detroit,5-Day,5.0,2000-01-29,3.874643591334005,0.1928945151016158,0.17460958197770027
Detroit,5-Day,5.0,2000-01-30,3.871077922856114,0.19295201922830782,0.18675038158768192
Detroit,5-Day,5.0,2000-01-31,3.8675399143971103,0.1930910589112859,0.19778951005278841
Detroit,5-Day,5.0,2000-02-01,3.8640323467602906,0.1932772891407651,0.208124696579769
Detroit,5-Day,5.0,2000-02-02,3.8605547853165634,0.1934657397073194,0.21830139315612176
Detroit,5-Day,5.0,2000-02-03,3.8571045079782187,0.19359844096394715,0.22903916099321356
Detroit,5-Day,5.0,2000-02-04,3.853678018563558,0.19362123234006254,0.24102397047266585
Detroit,5-Day,5.0,2000-02-05,3.850269824121343,0.19351027284992542,0.25458908173268996
Detroit,5-Day,5.0,2000-02-06,3.84687034487834,0.19327725762375803,0.2696524258090582
Detroit,5-Day,5.0,2000-02-07,3.8434680538905948,0.19296435335695863,0.2857584993193841
Detroit,5-Day,5.0,2000-02-08,3.840053038530271,0.19263455942652213,0.29763617498538636
Detroit,5-Day,5.0,2000-02-09,3.8366194425858198,0.19234548844336732,0.2848267755971964
Detroit,5-Day,5.0,2000-02-10,3.8331665331960796,0.19213101443039288,0.27123282081532907
Detroit,5-Day,5.0,2000-02-11,3.829698459189692,0.19199891081842127,0.2565597423020769
Detroit,5-Day,5.0,2000-02-12,3.826221031687544,0.19193566511965782,0.24060468523081466
Detroit,5-Day,5.0,2000-02-13,3.822740418564651,0.19189887360744265,0.2236223292582249
Detroit,5-Day,5.0,2000-02-14,3.8192629821765296,0.19182067316928134,0.2058657479355772
Detroit,5-Day,5.0,2000-02-15,3.8157955611121954,0.1916269366330671,0.18782852250789098
Detroit,5-Day,5.0,2000-02-16,3.8123472873929902,0.19114748338516266,0.17731719266808812
Detroit,5-Day,5.0,2000-02-17,3.8089312432840567,0.19062097250391133,0.1627427017337174
Detroit,5-Day,5.0,2000-02-18,3.8055623757866184,0.18996122173969687,0.15008919939969018
Detroit,5-Day,5.0,2000-02-19,3.8022545709914644,0.18918236499571187,0.13923473622682114
Detroit,5-Day,5.0,2000-02-20,3.7990185533831307,0.18830031833157987,0.12956326443018176
Detroit,5-Day,5.0,2000-02-21,3.7958575566671136,0.18732875825301662,0.12046915743855631
Detroit,5-Day,5.0,2000-02-22,3.792772834272633,0.18628150634100846,0.11180899130648769
Detroit,5-Day,5.0,2000-02-23,3.789766372452797,0.18519029512441815,0.10353480675363193
Detroit,5-Day,5.0,2000-02-24,3.786839860525619,0.18409103228834867,0.09548879393207066
Detroit,5-Day,5.0,2000-02-25,3.783993667692484,0.18300029506740847,0.08755211206250751
Detroit,5-Day,5.0,2000-02-26,3.7812248426315787,0.18192206077726633,0.07984118869734741
Detroit,5-Day,5.0,2000-02-27,3.77852620296716,0.18084956270181676,0.07272329605062822
Detroit,5-Day,5.0,2000-02-28,3.7758890872114503,0.17976875548529697,0.06638035396152862
Detroit,5-Day,5.0,2000-03-01,3.7707695160157315,0.17760920675684064,0.05557791237381076
Detroit,5-Day,5.0,2000-03-02,3.7682732812952753,0.17658737088598261,0.050760411427087204
Detroit,5-Day,5.0,2000-03-03,3.765811357998058,0.17564010210886716,0.04620896617916464
Detroit,5-Day,5.0,2000-03-04,3.7633806452356535,0.1747924560706519,0.04225004652435954
Detroit,5-Day,5.0,2000-03-05,3.7609817051154875,0.1740750624976139,0.03933262138586235
Detroit,5-Day,5.0,2000-03-06,3.7586202989522497,0.17352501916645569,0.03800390718759955
Detroit,5-Day,5.0,2000-03-07,3.7563071974038142,0.1731748529227461,0.039017350980780616
Detroit,5-Day,5.0,2000-03-08,3.7540538008171445,0.17303178249990533,0.04269483574049342
Detroit,5-Day,5.0,2000-03-09,3.75186799100446,0.1730684102541106,0.04869409542283879
Detroit,5-Day,5.0,2000-03-10,3.749752302925336,0.17317283865204,0.05590391479915861
Detroit,5-Day,5.0,2000-03-11,3.747701006133992,0.1732733545400909,0.06289219412258697
Detroit,5-Day,5.0,2000-03-12,3.7457015030475302,0.17346631644777458,0.06847334950392342
Detroit,5-Day,5.0,2000-03-13,3.7437347654945814,0.173649933880577,0.07196370652293332
Detroit,5-Day,5.0,2000-03-14,3.741778941401872,0.17365166725026798,0.0798045068437845
Detroit,5-Day,5.0,2000-03-15,3.7398138658058846,0.17367180449934638,0.07884405806592722
Detroit,5-Day,5.0,2000-03-16,3.737820930212689,0.17346040216121264,0.07540257054561073
Detroit,5-Day,5.0,2000-03-17,3.7357813565213545,0.17319142222671577,0.07041725699131483
Detroit,5-Day,5.0,2000-03-18,3.7336773364888773,0.17291652741024124,0.06478121926247658
Detroit,5-Day,5.0,2000-03-19,3.7314946239301254,0.17267322843492194,0.059280832708256084
Detroit,5-Day,5.0,2000-03-20,3.7292232544631854,0.17246757073256205,0.054208007645833445
Detroit,5-Day,5.0,2000-03-21,3.7268585762790396,0.17229156157123265,0.049590912451029215
Detroit,5-Day,5.0,2000-03-22,3.7244040320658787,0.17214831398020258,0.04523296316472405
Detroit,5-Day,5.0,2000-03-23,3.7218677431027203,0.17203343742398286,0.04047577637556129
Detroit,5-Day,5.0,2000-03-24,3.7192573131406954,0.1719175375555449,0.03460496196360744
Detroit,5-Day,5.0,2000-03-25,3.716579083125343,0.17176064075287076,0.027553323923478527
Detroit,5-Day,5.0,2000-03-26,3.7138400604471538,0.17154708654512588,0.019910422713845514
Detroit,5-Day,5.0,2000-03-27,3.711050782229406,0.17129542033775125,0.012590214849297728
Detroit,5-Day,5.0,2000-03-28,3.708223411220761,0.1710486088215736,0.00681137632930088
Detroit,5-Day,5.0,2000-03-29,3.7053655879976497,0.17084495111843556,0.0035143412980617574
Detroit,5-Day,5.0,2000-03-30,3.7024784020453145,0.17071213116201417,0.0029749913484640933
Detroit,5-Day,5.0,2000-03-31,3.6995595972013273,0.170663803317521,0.005085452483726503
Detroit,5-Day,5.0,2000-04-01,3.696607131012677,0.17070565662510728,0.009456057310904674
Detroit,5-Day,5.0,2000-04-02,3.693621884585814,0.17083722445982882,0.015250161549175661
Detroit,5-Day,5.0,2000-04-03,3.690603028757203,0.17104305332856581,0.021306338472464315
Detroit,5-Day,5.0,2000-04-04,3.6875452128272665,0.17130618468078154,0.02707004706193352
Detroit,5-Day,5.0,2000-04-05,3.68444193050366,0.17158433306588405,0.03196971752715164
Detroit,5-Day,5.0,2000-04-06,3.6812873975751437,0.17183674816467756,0.03555641421092384
Detroit,5-Day,5.0,2000-04-07,3.6780768411612232,0.17207685204419018,0.037894422014127065
Detroit,5-Day,5.0,2000-04-08,3.674807613828606,0.17237105879668613,0.03959526441755406
Detroit,5-Day,5.0,2000-04-09,3.6714819369363876,0.17278837032489539,0.04125827383781072
Detroit,5-Day,5.0,2000-04-10,3.6681078248025627,0.17334201064976223,0.04304114594089378
Detroit,5-Day,5.0,2000-04-11,3.6646952754572077,0.1739932503641125,0.04477297275486461
Detroit,5-Day,5.0,2000-04-12,3.6612548936198817,0.17470109450304838,0.04656545875653724
Detroit,5-Day,5.0,2000-04-13,3.6578003452341203,0.1754644207307639,0.04859208046156831
Detroit,5-Day,5.0,2000-04-14,3.6543482208177047,0.17628708315048117,0.05053984780504923
Detroit,5-Day,5.0,2000-04-15,3.650914452160109,0.17714351574227089,0.05155328421470773
Detroit,5-Day,5.0,2000-04-16,3.647510974460087,0.17799019406786934,0.05088538124108692
Detroit,5-Day,5.0,2000-04-17,3.644145171366285,0.17880062428815427,0.04839824794592245
Detroit,5-Day,5.0,2000-04-18,3.640820385081951,0.1795565843770696,0.04381193588840674
Detroit,5-Day,5.0,2000-04-19,3.6375358357417302,0.1802370234351425,0.03695792373299288
Detroit,5-Day,5.0,2000-04-20,3.634285778472749,0.18081597597515736,0.028168082332160366
Detroit,5-Day,5.0,2000-04-21,3.631059325942789,0.18128187811440621,0.0181359320058798
Detroit,5-Day,5.0,2000-04-22,3.6278424282976167,0.18164877843354885,0.007553693468506784
Detroit,5-Day,5.0,2000-04-23,3.6246197943843903,0.18195682024427273,-0.003079947568807417
Detroit,5-Day,5.0,2000-04-24,3.621377147363862,0.18225576984857655,-0.01359565761379854
Detroit,5-Day,5.0,2000-04-25,3.6181027109136292,0.18258337101192787,-0.024248889302498116
Detroit,5-Day,5.0,2000-04-26,3.614787493590602,0.1829547532113618,-0.03548480558365736
Detroit,5-Day,5.0,2000-04-27,3.6113571201893357,0.18336202271027666,-0.04778372652031301
Detroit,5-Day,5.0,2000-04-28,3.607855027739847,0.18378120866319742,-0.061594797283383844
Detroit,5-Day,5.0,2000-04-29,3.6043226592791417,0.1841935792437212,-0.07728140563207275
Detroit,5-Day,5.0,2000-04-30,3.6007797985736354,0.18460975836655738,-0.09448977078679449
Detroit,5-Day,5.0,2000-05-01,3.597235569048012,0.18506163332612505,-0.11229628711792826
Detroit,5-Day,5.0,2000-05-02,3.5936943885630668,0.1855901724075682,-0.12958492470001345
Detroit,5-Day,5.0,2000-05-03,3.5901581838926835,0.1865207932650393,-0.14307789192041345
Detroit,5-Day,5.0,2000-05-04,3.58662743329465,0.18757765538949103,-0.1546143929353738
Detroit,5-Day,5.0,2000-05-05,3.5831017113169077,0.18867752330141072,-0.165696352443824
Detroit,5-Day,5.0,2000-05-06,3.579580017063285,0.18979803040688464,-0.17671526599260867
Detroit,5-Day,5.0,2000-05-07,3.5760608820153204,0.19093420027009353,-0.18772932781679416
Detroit,5-Day,5.0,2000-05-08,3.5725424863063777,0.19208531403949353,-0.19872616353414654
Detroit,5-Day,5.0,2000-05-09,3.5690227472933183,0.19325189159675774,-0.20967934183116188
Detroit,5-Day,5.0,2000-05-10,3.5654994965662286,0.1944348378379395,-0.22054530820028465
Detroit,5-Day,5.0,2000-05-11,3.5619706618718316,0.1956357880646924,-0.23126100671783495
Detroit,5-Day,5.0,2000-05-12,3.558434336643815,0.1968568985996694,-0.24175425953863383
Detroit,5-Day,5.0,2000-05-13,3.554888869677995,0.19810031359076347,-0.2519590459792303
Detroit,5-Day,5.0,2000-05-14,3.551333046554355,0.19936786503265191,-0.2618283020585448
Detroit,5-Day,5.0,2000-05-15,3.547766242452245,0.20066030404842986,-0.2713436847831943
Dorena,1-Day,1.0,2000-01-01,3.863948426936167,0.22352555096502771,-0.16235166605360127
Dorena,1-Day,1.0,2000-01-02,3.8595247909895525,0.2233489701119878,-0.14663644505336257
Dorena,1-Day,1.0,2000-01-03,3.8550954980204835,0.22316461479633107,-0.13083413183877102
Dorena,1-Day,1.0,2000-01-04,3.850661383190837,0.22297243615988913,-0.11494446643198693
Dorena,1-Day,1.0,2000-01-05,3.8462237495007066,0.22277263126582106,-0.09906948959544258
Dorena,1-Day,1.0,2000-01-06,3.841784247514428,0.2225655225211641,-0.08342798875895605
Dorena,1-Day,1.0,2000-01-07,3.83734477141784,0.22235096209054842,-0.06784669594339995
Dorena,1-Day,1.0,2000-01-08,3.832907288480999,0.22212789173272782,-0.05232922633963264
Dorena,1-Day,1.0,2000-01-09,3.8284736441382345,0.221894034585891,-0.03689011609866101
Dorena,1-Day,1.0,2000-01-10,3.8240455048543573,0.22164603459415416,-0.021556903868656236
Dorena,1-Day,1.0,2000-01-11,3.819624320916171,0.2213794590563374,-0.006357501176637635
Dorena,1-Day,1.0,2000-01-12,3.8152112353461862,0.22108810991016417,0.008675097710159764
Dorena,1-Day,1.0,2000-01-13,3.810806997851053,0.22076035154564638,0.023450760247293784
Dorena,1-Day,1.0,2000-01-14,3.8064117880491946,0.22036673405295423,0.03764197709240573
Dorena,1-Day,1.0,2000-01-15,3.80202477677213,0.2197306147907415,0.05068175084840596
Dorena,1-Day,1.0,2000-01-16,3.797643499397333,0.21908805808754941,0.06343073373150071
Dorena,1-Day,1.0,2000-01-17,3.7932629853944406,0.21852411673873653,0.07561418403573451
Dorena,1-Day,1.0,2000-01-18,3.7888739193422913,0.2181073644817632,0.08684827912303324
Dorena,1-Day,1.0,2000-01-19,3.784458168838115,0.2178502824735275,0.09682308204322132
Dorena,1-Day,1.0,2000-01-20,3.779983067847768,0.2177168951942612,0.10542990173020773
Dorena,1-Day,1.0,2000-01-21,3.7755460417532896,0.21766143968974339,0.11284069349830426
Dorena,1-Day,1.0,2000-01-22,3.771099171562716,0.21765582606347395,0.11953507241286282
Dorena,1-Day,1.0,2000-01-23,3.766656048654395,0.2176960339226637,0.12615288644229913
Dorena,1-Day,1.0,2000-01-24,3.7622318612839774,0.21780083698117625,0.13319987631318184
Dorena,1-Day,1.0,2000-01-25,3.757839957318692,0.2180110274106188,0.14086528389239916
Dorena,1-Day,1.0,2000-01-26,3.7534891661222107,0.21838002104395993,0.14899579609589633
Dorena,1-Day,1.0,2000-01-27,3.7491838599930842,0.2189619377004567,0.15656199188745007
Dorena,1-Day,1.0,2000-01-28,3.7449247563269568,0.21979092242281578,0.16134171764622432
Dorena,1-Day,1.0,2000-01-29,3.7407099646104585,0.2208682018556748,0.16334525318887974
Dorena,1-Day,1.0,2000-01-30,3.7365339665520865,0.22215721597867674,0.16300432107253443
Dorena,1-Day,1.0,2000-01-31,3.732386771297686,0.22358426311655002,0.16115196493775205
Dorena,1-Day,1.0,2000-02-01,3.728255194616965,0.22505091741064825,0.15886879253386468
Dorena,1-Day,1.0,2000-02-02,3.7241245212411385,0.22646331217500804,0.15716421009497025
Dorena,1-Day,1.0,2000-02-03,3.7199800494226896,0.22775951625083818,0.15669758860470084
Dorena,1-Day,1.0,2000-02-04,3.71581031155348,0.22891565902570712,0.1577224244127286
Dorena,1-Day,1.0,2000-02-05,3.71160859501961,0.22993280057999627,0.16022753791860847
Dorena,1-Day,1.0,2000-02-06,3.70737107548729,0.2308251971089481,0.1640661754232394
Dorena,1-Day,1.0,2000-02-07,3.7030946825209936,0.23160700663811373,0.16909611623945198
Dorena,1-Day,1.0,2000-02-08,3.698777835733833,0.23229297881517055,0.1751690994745272
Dorena,1-Day,1.0,2000-02-09,3.6944212749107095,0.2329007462404407,0.18210422410389357
Dorena,1-Day,1.0,2000-02-10,3.690027865539799,0.23344306056888975,0.18976500049305273
Dorena,1-Day,1.0,2000-02-11,3.6856029554282026,0.23392274140010266,0.1981081040422054
Dorena,1-Day,1.0,2000-02-12,3.6811540208466433,0.23433525272896558,0.20715879119250938
Dorena,1-Day,1.0,2000-02-13,3.6766914359167275,0.23467207042305904,0.21697549534204488
Dorena,1-Day,1.0,2000-02-14,3.672228808186302,0.23493370708246505,0.21840689957501222
Dorena,1-Day,1.0,2000-02-15,3.667780149343186,0.23513244668416394,0.2155272678544828
Dorena,1-Day,1.0,2000-02-16,3.6633576777660437,0.23533117415778038,0.21439633204709588
Dorena,1-Day,1.0,2000-02-17,3.6589717103321124,0.2354506690116147,0.21243831426582316
Dorena,1-Day,1.0,2000-02-18,3.65463067599048,0.2355675637461539,0.21077475771701498
Dorena,1-Day,1.0,2000-02-19,3.6503411545244937,0.23571159785235113,0.20945560162878152
Dorena,1-Day,1.0,2000-02-20,3.6461064220937436,0.23589727970938695,0.2085158033618371
Dorena,1-Day,1.0,2000-02-21,3.641926522778105,0.2361168498626907,0.20783763098128724
Dorena,1-Day,1.0,2000-02-22,3.6378017973349936,0.23634926244357166,0.20718562071540128
Dorena,1-Day,1.0,2000-02-23,3.63373411106782,0.23657184233688106,0.2063224577614186
Dorena,1-Day,1.0,2000-02-24,3.6297256255890256,0.23676628926420049,0.2050718624615381
Dorena,1-Day,1.0,2000-02-25,3.625778780470325,0.23692080872682839,0.20333188654203138
Dorena,1-Day,1.0,2000-02-26,3.621895117520422,0.2370328259789126,0.20112585390503585
Dorena,1-Day,1.0,2000-02-27,3.6180733622432304,0.23710422885950852,0.19863152094064265
Dorena,1-Day,1.0,2000-02-28,3.6143068304656483,0.23712648579051196,0.19614928819404545
Dorena,1-Day,1.0,2000-03-01,3.6068808224745905,0.2370101348925492,0.1926933025982224
Dorena,1-Day,1.0,2000-03-02,3.6031767500339886,0.23688382687990586,0.19236686779370338
Dorena,1-Day,1.0,2000-03-03,3.5994424090723873,0.23673481416586548,0.19333607842900938
Dorena,1-Day,1.0,2000-03-04,3.5956557448347937,0.23658231807966182,0.1956911431174684
Dorena,1-Day,1.0,2000-03-05,3.5918059633802173,0.23643660292407565,0.1994678556015066
Dorena,1-Day,1.0,2000-03-06,3.587887967447689,0.2362987028026493,0.20478355592083447
Dorena,1-Day,1.0,2000-03-07,3.5838954187109042,0.2361631477291676,0.21192373121616942
Dorena,1-Day,1.0,2000-03-08,3.5798193405163583,0.23601665125862914,0.22127043558549703
Dorena,1-Day,1.0,2000-03-09,3.5756478350108982,0.23584769148772972,0.23316599800983853
Dorena,1-Day,1.0,2000-03-10,3.5713665631971567,0.2356630780282244,0.24761218620121128
Dorena,1-Day,1.0,2000-03-11,3.5669588467183173,0.23547868952060064,0.26244408701803335
Dorena,1-Day,1.0,2000-03-12,3.562407805836118,0.23530959912512958,0.277557540366085
Dorena,1-Day,1.0,2000-03-13,3.5577006224853345,0.23516546006315664,0.2928883943415218
Dorena,1-Day,1.0,2000-03-14,3.5528310287480727,0.2350195480723328,0.30872881091607296
Dorena,1-Day,1.0,2000-03-15,3.5478033132302658,0.2349317845990519,0.32444016341292886
Dorena,1-Day,1.0,2000-03-16,3.5426266858309146,0.23485146201651988,0.3405183894663937
Dorena,1-Day,1.0,2000-03-17,3.5373098207450524,0.23479251423990757,0.35678930550572135
Dorena,1-Day,1.0,2000-03-18,3.5318575823217917,0.23479264231841698,0.3728323730824404
Dorena,1-Day,1.0,2000-03-19,3.5262687177683403,0.23489325027146174,0.38819553449370126
Dorena,1-Day,1.0,2000-03-20,3.520528964141695,0.23512054629985618,0.40262016037020987
Dorena,1-Day,1.0,2000-03-21,3.514606132947678,0.23546963557419998,0.4091937051482698
Dorena,1-Day,1.0,2000-03-22,3.5084843803911014,0.23591150940726505,0.4072608489442427
Dorena,1-Day,1.0,2000-03-23,3.5021631892688396,0.23640914179739406,0.40335365435775694
Dorena,1-Day,1.0,2000-03-24,3.495653928842569,0.2369369745976071,0.39742199110240206
Dorena,1-Day,1.0,2000-03-25,3.4889830728712528,0.23748594634434278,0.3891912507958369
Dorena,1-Day,1.0,2000-03-26,3.482188288419101,0.2380618475441534,0.3781705711900891
Dorena,1-Day,1.0,2000-03-27,3.4753097012719065,0.23868412000289227,0.36390038797332797
Dorena,1-Day,1.0,2000-03-28,3.468380947579024,0.23938899509584627,0.34628548085681093
Dorena,1-Day,1.0,2000-03-29,3.46142521144601,0.2402306176370164,0.32595550891564545
Dorena,1-Day,1.0,2000-03-30,3.4544556868787355,0.24126274326045782,0.30405822322913456
Dorena,1-Day,1.0,2000-03-31,3.4474783305489427,0.24250595732447555,0.28147415583684143
Dorena,1-Day,1.0,2000-04-01,3.4404954994385997,0.24394093979127085,0.2585882033234946
Dorena,1-Day,1.0,2000-04-02,3.4335042025778697,0.24551975315808763,0.23563027339400658
Dorena,1-Day,1.0,2000-04-03,3.4264980261491544,0.24719919573991578,0.212788804055321
Dorena,1-Day,1.0,2000-04-04,3.41947218339082,0.2489754958924262,0.18995600818690708
Dorena,1-Day,1.0,2000-04-05,3.4124249884056055,0.2508364812722263,0.1669605024015963
Dorena,1-Day,1.0,2000-04-06,3.405357222475899,0.2527302820998231,0.14358829542982532
Dorena,1-Day,1.0,2000-04-07,3.398267713206611,0.2546024815776499,0.11933906560442681
Dorena,1-Day,1.0,2000-04-08,3.391149076576401,0.25643768013145757,0.0934711497475925
Dorena,1-Day,1.0,2000-04-09,3.383989535622675,0.2582710111070426,0.065427879700867
Dorena,1-Day,1.0,2000-04-10,3.376775499134918,0.2601506774205665,0.03530143522055099
Dorena,1-Day,1.0,2000-04-11,3.369492918388746,0.2621096752296762,0.003967860581552505
Dorena,1-Day,1.0,2000-04-12,3.3621276290967073,0.26415603976799323,-0.027414067976680643
Dorena,1-Day,1.0,2000-04-13,3.354666375646527,0.26628490671324573,-0.05778537931975661
Dorena,1-Day,1.0,2000-04-14,3.347101105628734,0.2684913443948823,-0.08634103124760267
Dorena,1-Day,1.0,2000-04-15,3.339431306597411,0.2707748987947497,-0.11240996388678184
Dorena,1-Day,1.0,2000-04-16,3.3316598160566557,0.27312499164461734,-0.13566179401915227
Dorena,1-Day,1.0,2000-04-17,3.3237922200207493,0.27550140929930345,-0.15595445722421217
Dorena,1-Day,1.0,2000-04-18,3.315835802801379,0.27784093980664326,-0.17330960110324473
Dorena,1-Day,1.0,2000-04-19,3.307797059640402,0.2800938968579006,-0.18795176924233908
Dorena,1-Day,1.0,2000-04-20,3.299677483249812,0.2822550356109939,-0.20019376674482917
Dorena,1-Day,1.0,2000-04-21,3.2914731274111864,0.28437463855591416,-0.2102396337229934
Dorena,1-Day,1.0,2000-04-22,3.2831777783992715,0.2865454103479865,-0.21768105671426827
Dorena,1-Day,1.0,2000-04-23,3.274784660826147,0.2888455798594509,-0.221482486233993
Dorena,1-Day,1.0,2000-04-24,3.2662909582992685,0.29130180939746625,-0.22051703882922222
Dorena,1-Day,1.0,2000-04-25,3.2576952667451877,0.2935364471130945,-0.21468567460353252
Dorena,1-Day,1.0,2000-04-26,3.2489969452987015,0.29531163589747667,-0.20558066421331173
Dorena,1-Day,1.0,2000-04-27,3.240004736947359,0.29704539680617403,-0.19560605748781076
Dorena,1-Day,1.0,2000-04-28,3.230956085067561,0.2989316883799095,-0.1866558696195195
Dorena,1-Day,1.0,2000-04-29,3.2218741599019967,0.3010778724318414,-0.17949871892284366
Dorena,1-Day,1.0,2000-04-30,3.2127705507357156,0.30349345057022964,-0.17420118444053875
Dorena,1-Day,1.0,2000-05-01,3.203651633357067,0.30617584579102464,-0.1707275429876904
Dorena,1-Day,1.0,2000-05-02,3.194521753294281,0.3091341512636067,-0.1691069777885385
Dorena,1-Day,1.0,2000-05-03,3.1853841376673557,0.3132032626775591,-0.17472031004798821
Dorena,1-Day,1.0,2000-05-04,3.1762410378298784,0.317221407824008,-0.1798555244046714
Dorena,1-Day,1.0,2000-05-05,3.1670938508462596,0.3212201730424096,-0.1847342661132847
Dorena,1-Day,1.0,2000-05-06,3.1579433951874223,0.3252519893929838,-0.1896937594631335
Dorena,1-Day,1.0,2000-05-07,3.14879002924795,0.32934570839559285,-0.19490708469320012
Dorena,1-Day,1.0,2000-05-08,3.1396337033779504,0.33351625060709167,-0.20045245453032606
Dorena,1-Day,1.0,2000-05-09,3.1304739758728934,0.33752062606359357,-0.20635958754224795
Dorena,1-Day,1.0,2000-05-10,3.1213101436287505,0.3408299184338369,-0.21262632231093584
Dorena,1-Day,1.0,2000-05-11,3.1121414207040803,0.34415483399145425,-0.219223936127256
Dorena,1-Day,1.0,2000-05-12,3.1029670533866676,0.34749456766147024,-0.22610674054006563
Dorena,1-Day,1.0,2000-05-13,3.093786378232051,0.3508477576595959,-0.23321994857752262
Dorena,1-Day,1.0,2000-05-14,3.084598847723156,0.35421275189435825,-0.24050278429989852
Dorena,1-Day,1.0,2000-05-15,3.0754041506754466,0.3575873125230422,-0.24788975846300976
Dorena,5-Day,5.0,2000-01-01,3.6510896249867177,0.19364682886434215,-0.23946075544306755
Dorena,5-Day,5.0,2000-01-02,3.6473839225406586,0.19185027662974308,-0.20707277866247698
Dorena,5-Day,5.0,2000-01-03,3.643664338950904,0.19012193582673673,-0.17488679215816352
Dorena,5-Day,5.0,2000-01-04,3.639931165869406,0.18846452630277352,-0.14295893972033172
Dorena,5-Day,5.0,2000-01-05,3.6361852406811326,0.1891206511752887,-0.136
Dorena,5-Day,5.0,2000-01-06,3.6324279334725214,0.1904173538838032,-0.136
Dorena,5-Day,5.0,2000-01-07,3.6286611686402366,0.19171732055987079,-0.136
Dorena,5-Day,5.0,2000-01-08,3.624887196662469,0.19301977452909003,-0.136
Dorena,5-Day,5.0,2000-01-09,3.621108205181316,0.19432396080366593,-0.136
Dorena,5-Day,5.0,2000-01-10,3.617326181049761,0.1956291936910705,-0.136
Dorena,5-Day,5.0,2000-01-11,3.613543135362886,0.19693477913247856,-0.136
Dorena,5-Day,5.0,2000-01-12,3.6097611561865994,0.19755287167331909,-0.12884038065483847
Dorena,5-Day,5.0,2000-01-13,3.6059821429439043,0.1978925181925704,-0.11882885026529881
Dorena,5-Day,5.0,2000-01-14,3.602207799735793,0.19821983412674235,-0.10874933621569118
Dorena,5-Day,5.0,2000-01-15,3.598439369706343,0.19813645812276373,-0.09440652649724526
Dorena,5-Day,5.0,2000-01-16,3.5946770419402707,0.19784552914102405,-0.07788745096285714
Dorena,5-Day,5.0,2000-01-17,3.5909188504879337,0.19733608682927817,-0.05901495693921068
Dorena,5-Day,5.0,2000-01-18,3.587157934192081,0.1966359727519191,-0.037996630828540844
Dorena,5-Day,5.0,2000-01-19,3.5833750862333886,0.19580000489045662,-0.015292462821962345
Dorena,5-Day,5.0,2000-01-20,3.579524404783758,0.19490043934407075,0.008518444575064383
Dorena,5-Day,5.0,2000-01-21,3.5755148598940334,0.19399736441947593,0.033120194477784574
Dorena,5-Day,5.0,2000-01-22,3.5714488030508265,0.19312040786896656,0.0578139141289936
Dorena,5-Day,5.0,2000-01-23,3.5673380222900715,0.19229046146616816,0.08230790591412074
Dorena,5-Day,5.0,2000-01-24,3.5631976156027982,0.19150506170535686,0.10655997354413328
Dorena,5-Day,5.0,2000-01-25,3.5590458888576983,0.1907651503324672,0.13047626354217806
Dorena,5-Day,5.0,2000-01-26,3.554903621806762,0.19011117400474278,0.13349197109113414
Dorena,5-Day,5.0,2000-01-27,3.5507914944063135,0.18959494831786827,0.11977681972929999
Dorena,5-Day,5.0,2000-01-28,3.546727966520697,0.18925718371831016,0.10924643460094102
Dorena,5-Day,5.0,2000-01-29,3.542730237015829,0.18914520528737166,0.1028494531107225
Dorena,5-Day,5.0,2000-01-30,3.538813213786741,0.18929725131753936,0.10046380705686302
Dorena,5-Day,5.0,2000-01-31,3.5349862034951385,0.18973275519818594,0.10198259021030148
Dorena,5-Day,5.0,2000-02-01,3.5312481602434382,0.19049099020782276,0.10668180988932185
Dorena,5-Day,5.0,2000-02-02,3.5275906538657664,0.19157776787153724,0.10716667478741311
Dorena,5-Day,5.0,2000-02-03,3.5240010594102418,0.19292073074446603,0.10439838972716622
Dorena,5-Day,5.0,2000-02-04,3.520465835817706,0.19439310880630103,0.09997134313314883
Dorena,5-Day,5.0,2000-02-05,3.516970972215861,0.19585580293748692,0.09557733550784282
Dorena,5-Day,5.0,2000-02-06,3.5135006129180213,0.19721424572527935,0.09234818434748789
Dorena,5-Day,5.0,2000-02-07,3.510038599244298,0.19844444711183715,0.090583759229353
Dorena,5-Day,5.0,2000-02-08,3.50657289697032,0.19954231204568307,0.09034215720450697
Dorena,5-Day,5.0,2000-02-09,3.5030980126540223,0.2005005260233372,0.09169902237668141
Dorena,5-Day,5.0,2000-02-10,3.499612867766652,0.20131918859502582,0.09463660471558272
Dorena,5-Day,5.0,2000-02-11,3.4961218398148364,0.202004554673587,0.09905609859365308
Dorena,5-Day,5.0,2000-02-12,3.4926310756241197,0.20255127541162543,0.10498856776224814
Dorena,5-Day,5.0,2000-02-13,3.4891490512698193,0.2029333237616118,0.11269384998645339
Dorena,5-Day,5.0,2000-02-14,3.4856863653757677,0.20312176834069617,0.12246599427954857
Dorena,5-Day,5.0,2000-02-15,3.4822501619432766,0.203104927636966,0.13443102345118613
Dorena,5-Day,5.0,2000-02-16,3.4788414597995216,0.20272567930181254,0.15039871607913297
Dorena,5-Day,5.0,2000-02-17,3.475458635824368,0.20238855323546295,0.16584396669119314
Dorena,5-Day,5.0,2000-02-18,3.472100012830763,0.20194479107456711,0.1824752284221156
Dorena,5-Day,5.0,2000-02-19,3.468768416605307,0.20147274792618342,0.19940390031790944
Dorena,5-Day,5.0,2000-02-20,3.465470256582022,0.20104223499714913,0.21579846021193055
Dorena,5-Day,5.0,2000-02-21,3.4622122538527274,0.2006795085348576,0.21735594696256416
Dorena,5-Day,5.0,2000-02-22,3.4589986705717957,0.20037341257464747,0.21428919676829125
Dorena,5-Day,5.0,2000-02-23,3.45583223375728,0.2000977502499519,0.2107656058216111
Dorena,5-Day,5.0,2000-02-24,3.452715201124086,0.19981774994645432,0.20633656092097977
Dorena,5-Day,5.0,2000-02-25,3.449649013018094,0.19950828736896678,0.20083591102968767
Dorena,5-Day,5.0,2000-02-26,3.446633755183064,0.19917736555260007,0.19467362831575347
Dorena,5-Day,5.0,2000-02-27,3.4436684241422166,0.1988642608276647,0.18868251465566888
Dorena,5-Day,5.0,2000-02-28,3.440750899665669,0.1985942779598037,0.18319884341129836
Dorena,5-Day,5.0,2000-03-01,3.435052483317863,0.19815843896408616,0.17355277825926252
Dorena,5-Day,5.0,2000-03-02,3.4322666709793443,0.1979597963407165,0.1688553989019036
Dorena,5-Day,5.0,2000-03-03,3.4295108678458,0.19778368271937036,0.16440842836609268
Dorena,5-Day,5.0,2000-03-04,3.42677094574668,0.19764680522894318,0.16052848093243358
Dorena,5-Day,5.0,2000-03-05,3.424036561633569,0.1975663975228031,0.15776943891855438
Dorena,5-Day,5.0,2000-03-06,3.4213016249973482,0.19755337595653924,0.15683989915796445
Dorena,5-Day,5.0,2000-03-07,3.418561748442804,0.19759897635907064,0.15817835295618674
Dorena,5-Day,5.0,2000-03-08,3.4158140979578797,0.1976701366500027,0.16198925417201304
Dorena,5-Day,5.0,2000-03-09,3.413052103313685,0.19772879931268095,0.16877942694945458
Dorena,5-Day,5.0,2000-03-10,3.4102577129312084,0.19775791847993482,0.17825364612650957
Dorena,5-Day,5.0,2000-03-11,3.407402957629214,0.19777273787902672,0.18810177678843676
Dorena,5-Day,5.0,2000-03-12,3.404454791069801,0.19779910328727487,0.19813552814130528
Dorena,5-Day,5.0,2000-03-13,3.401384220886978,0.19784938109032651,0.2083077267733734
Dorena,5-Day,5.0,2000-03-14,3.398168961598859,0.19792306178291807,0.21869874042796683
Dorena,5-Day,5.0,2000-03-15,3.394793285555229,0.19805704530440885,0.22891806432757053
Dorena,5-Day,5.0,2000-03-16,3.391244041389992,0.1981536330457697,0.24017592356333467
Dorena,5-Day,5.0,2000-03-17,3.387510084479243,0.198176137666214,0.2529578903317902
Dorena,5-Day,5.0,2000-03-18,3.383583029146015,0.19813535162898513,0.2671745902971864
Dorena,5-Day,5.0,2000-03-19,3.379454376598923,0.19808318398058178,0.2822348041944666
Dorena,5-Day,5.0,2000-03-20,3.375109794191146,0.19808582232275107,0.29737802673008723
Dorena,5-Day,5.0,2000-03-21,3.3705241847929597,0.19820594535611438,0.3119056167832309
Dorena,5-Day,5.0,2000-03-22,3.365686012826177,0.19847621349009503,0.3254292538550934
Dorena,5-Day,5.0,2000-03-23,3.3605998537617565,0.1988604327859616,0.33835757924731186
Dorena,5-Day,5.0,2000-03-24,3.355279736593311,0.19927895556303923,0.3516167970020252
Dorena,5-Day,5.0,2000-03-25,3.3497467210220946,0.19965907344253236,0.36603495626473026
Dorena,5-Day,5.0,2000-03-26,3.344029387238298,0.1999598623586526,0.38202924403632205
Dorena,5-Day,5.0,2000-03-27,3.338162042240958,0.20017801529590926,0.3820662005592497
Dorena,5-Day,5.0,2000-03-28,3.3321755657304672,0.2003530864474742,0.36643896329674863
Dorena,5-Day,5.0,2000-03-29,3.326093118089433,0.20056234089117964,0.3468768183030823
Dorena,5-Day,5.0,2000-03-30,3.31992849280264,0.20091352383336245,0.324397588933401
Dorena,5-Day,5.0,2000-03-31,3.313688644840969,0.2014885839587954,0.3000044340766496
Dorena,5-Day,5.0,2000-04-01,3.3073785213177422,0.20231596463605556,0.2741871797424842
Dorena,5-Day,5.0,2000-04-02,3.3009977989163244,0.20336817499969678,0.2470488689361876
Dorena,5-Day,5.0,2000-04-03,3.2945435439834267,0.2045901672598288,0.21926072161400695
Dorena,5-Day,5.0,2000-04-04,3.28801638700802,0.20597564609065372,0.1918647840924406
Dorena,5-Day,5.0,2000-04-05,3.2814196266057434,0.2075325291998598,0.16499910154774566
Dorena,5-Day,5.0,2000-04-06,3.2747602082075447,0.20921768949789915,0.13765380117673895
Dorena,5-Day,5.0,2000-04-07,3.2680459899632366,0.21095480837964845,0.1084819690325384
Dorena,5-Day,5.0,2000-04-08,3.261284903509271,0.21268829778671988,0.07640713087452373
Dorena,5-Day,5.0,2000-04-09,3.2544894985295545,0.21441677259122213,0.0412777484833519
Dorena,5-Day,5.0,2000-04-10,3.247677966777945,0.21618594333844998,0.003818475000797272
Dorena,5-Day,5.0,2000-04-11,3.2408630235734655,0.2180777764488528,-0.03437793827919019
Dorena,5-Day,5.0,2000-04-12,3.2340434763271046,0.22013984440577622,-0.07183184825566331
Dorena,5-Day,5.0,2000-04-13,3.2272084071208966,0.22238937847270343,-0.10733544054493495
Dorena,5-Day,5.0,2000-04-14,3.2203463008516247,0.22481870076240087,-0.14027658763581446
Dorena,5-Day,5.0,2000-04-15,3.213447700473634,0.22737468136097386,-0.17064559649520095
Dorena,5-Day,5.0,2000-04-16,3.206503851986505,0.2300027430271135,-0.1984705414555503
Dorena,5-Day,5.0,2000-04-17,3.199509488049465,0.23267089900448018,-0.2236833585053631
Dorena,5-Day,5.0,2000-04-18,3.1924644870697034,0.235330216244728,-0.24647764646841624
Dorena,5-Day,5.0,2000-04-19,3.185369901390721,0.23791868236074823,-0.2670549480905481
Dorena,5-Day,5.0,2000-04-20,3.1782189314955307,0.24040381744133404,-0.285056262594725
Dorena,5-Day,5.0,2000-04-21,3.170995256388054,0.24281773655510555,-0.2995750843171052
Dorena,5-Day,5.0,2000-04-22,3.1636806090129794,0.2452454052468371,-0.30907893285365784
Dorena,5-Day,5.0,2000-04-23,3.1562616106775443,0.24776637712636881,-0.31179944981140917
Dorena,5-Day,5.0,2000-04-24,3.1487335080082377,0.2500183190752072,-0.3072789566096582
Dorena,5-Day,5.0,2000-04-25,3.141096574874444,0.25150183317388175,-0.29661434011312915
Dorena,5-Day,5.0,2000-04-26,3.133351824262463,0.252488917193178,-0.28195362929345075
Dorena,5-Day,5.0,2000-04-27,3.1252445040865893,0.25334213649551446,-0.26536884269063066
Dorena,5-Day,5.0,2000-04-28,3.1170575336520607,0.2541327930448346,-0.24822306591490634
Dorena,5-Day,5.0,2000-04-29,3.108828793650848,0.2550734447109324,-0.23227562164489846
Dorena,5-Day,5.0,2000-04-30,3.1005745594830385,0.25636543720587035,-0.21914725117405184
Dorena,5-Day,5.0,2000-05-01,3.0923018278551515,0.25808345100701,-0.20943351726753978
Dorena,5-Day,5.0,2000-05-02,3.0840145348921193,0.26025036980619226,-0.20328906209890624
Dorena,5-Day,5.0,2000-05-03,3.0757153448820422,0.26414312778362997,-0.21037932449164556
Dorena,5-Day,5.0,2000-05-04,3.067406014968652,0.26812455910760596,-0.21790345131979674
Dorena,5-Day,5.0,2000-05-05,3.05908755559683,0.2720721302345093,-0.22494252935219117
Dorena,5-Day,5.0,2000-05-06,3.050760408413948,0.2760330674226735,-0.23186020379537772
Dorena,5-Day,5.0,2000-05-07,3.042424465011107,0.2800548731234625,-0.23899660198183742
Dorena,5-Day,5.0,2000-05-08,3.0340790847304584,0.28417157193333387,-0.24657388792451743
Dorena,5-Day,5.0,2000-05-09,3.0257231488776943,0.2884096312393696,-0.25474553330202276
Dorena,5-Day,5.0,2000-05-10,3.0173552859837995,0.29278941374774203,-0.2636113079410921
Dorena,5-Day,5.0,2000-05-11,3.008974104515383,0.29732363205354434,-0.27321138132633493
Dorena,5-Day,5.0,2000-05-12,3.000578373326031,0.30201932510027574,-0.28354425243264597
Dorena,5-Day,5.0,2000-05-13,2.9921671017369817,0.3068799836640652,-0.29458399769310956
Dorena,5-Day,5.0,2000-05-14,2.9837395653068235,0.3119055644553265,-0.3062827532579176
Dorena,5-Day,5.0,2000-05-15,2.9752954714816924,0.31709187469632094,-0.31856971676265944
Fall Creek,1-Day,1.0,2000-01-01,3.730333663209353,0.2169444432553249,-0.256
Fall Creek,1-Day,1.0,2000-01-02,3.72612446686868,0.21848630658193266,-0.256
Fall Creek,1-Day,1.0,2000-01-03,3.7219053881859008,0.21896453141758843,-0.2464066476899902
Fall Creek,1-Day,1.0,2000-01-04,3.7176773651503527,0.21888928965475868,-0.23182517502038708
Fall Creek,1-Day,1.0,2000-01-05,3.7134420023743933,0.2188167064406236,-0.21726271738701858
Fall Creek,1-Day,1.0,2000-01-06,3.709201398411233,0.21874585350721737,-0.20271718198488806
Fall Creek,1-Day,1.0,2000-01-07,3.704957853040623,0.21867576335954236,-0.188186559396621
Fall Creek,1-Day,1.0,2000-01-08,3.7007136678908945,0.21860534376128235,-0.17366746281081424
Fall Creek,1-Day,1.0,2000-01-09,3.6964709708834236,0.21853318638950314,-0.15915273426831783
Fall Creek,1-Day,1.0,2000-01-10,3.6922315978610682,0.21845780447512544,-0.14463320855920744
Fall Creek,1-Day,1.0,2000-01-11,3.687996976210958,0.21837840539868655,-0.13010461612590382
Fall Creek,1-Day,1.0,2000-01-12,3.6837680235238084,0.218295547271575,-0.11557368973655413
Fall Creek,1-Day,1.0,2000-01-13,3.6795450307321715,0.21821453744126276,-0.10109066807405287
Fall Creek,1-Day,1.0,2000-01-14,3.6753275654489808,0.2181491394055158,-0.08678597619203679
Fall Creek,1-Day,1.0,2000-01-15,3.6711140680601004,0.21803290350310697,-0.07201351876101376
Fall Creek,1-Day,1.0,2000-01-16,3.6669010971250544,0.21793871171068105,-0.057461948741268525
Fall Creek,1-Day,1.0,2000-01-17,3.6626822413079734,0.21789714666881532,-0.04341302716961375
Fall Creek,1-Day,1.0,2000-01-18,3.658445774884218,0.21792539551384077,-0.030005945972828754
Fall Creek,1-Day,1.0,2000-01-19,3.654169012884114,0.2180144887462378,-0.017088842707804964
Fall Creek,1-Day,1.0,2000-01-20,3.6498109802038083,0.21813850468917886,-0.004280791018819616
Fall Creek,1-Day,1.0,2000-01-21,3.645383127217123,0.21827513748079475,0.008598561316884726
Fall Creek,1-Day,1.0,2000-01-22,3.6409310367967347,0.21841983596602094,0.02144640622896215
Fall Creek,1-Day,1.0,2000-01-23,3.6364762824697863,0.2185935561422908,0.0339821299468927
Fall Creek,1-Day,1.0,2000-01-24,3.632041222668209,0.21882818836265708,0.04580950150124327
Fall Creek,1-Day,1.0,2000-01-25,3.6276447372521745,0.21916218714881272,0.056473776531968556
Fall Creek,1-Day,1.0,2000-01-26,3.623299679746122,0.21963418529822065,0.06553627678144185
Fall Creek,1-Day,1.0,2000-01-27,3.6190139074031595,0.22027449615306374,0.07266129074903653
Fall Creek,1-Day,1.0,2000-01-28,3.614790804005019,0.22109518755372232,0.07771933943817175
Fall Creek,1-Day,1.0,2000-01-29,3.6106293527743505,0.2220781381552138,0.08090868565497293
Fall Creek,1-Day,1.0,2000-01-30,3.6065235136698157,0.22318271172754262,0.08267460759873957
Fall Creek,1-Day,1.0,2000-01-31,3.602463028572804,0.22434601740965432,0.08369533132153648
Fall Creek,1-Day,1.0,2000-02-01,3.5984348083927817,0.22546932244465576,0.08500313830210056
Fall Creek,1-Day,1.0,2000-02-02,3.5944247107197236,0.22646585751224807,0.08749708126541543
Fall Creek,1-Day,1.0,2000-02-03,3.5904184016386163,0.22728475524327768,0.09171193475622373
Fall Creek,1-Day,1.0,2000-02-04,3.5864034549798993,0.2279217882975669,0.09771753038912052
Fall Creek,1-Day,1.0,2000-02-05,3.582370923876104,0.22840028341198723,0.10530801353222055
Fall Creek,1-Day,1.0,2000-02-06,3.5783145169897486,0.2287495352477506,0.11421613401968483
Fall Creek,1-Day,1.0,2000-02-07,3.574228476738806,0.2289924745180692,0.1242387799287357
Fall Creek,1-Day,1.0,2000-02-08,3.5701093441284795,0.22914498768350944,0.13523682685009344
Fall Creek,1-Day,1.0,2000-02-09,3.565957803150112,0.22921173575020598,0.14717117174733652
Fall Creek,1-Day,1.0,2000-02-10,3.561778074378685,0.2291851710932155,0.1584168979271921
Fall Creek,1-Day,1.0,2000-02-11,3.5575779507547383,0.22905302425618343,0.15576246892760523
Fall Creek,1-Day,1.0,2000-02-12,3.553363519313044,0.22879994976890597,0.15307449190615752
Fall Creek,1-Day,1.0,2000-02-13,3.549139445759576,0.22839927622899167,0.15030735109054422
Fall Creek,1-Day,1.0,2000-02-14,3.544910980876046,0.22783465890604226,0.14715675646330162
Fall Creek,1-Day,1.0,2000-02-15,3.5406832392888363,0.22714458970178097,0.14316704221412302
Fall Creek,1-Day,1.0,2000-02-16,3.5364602174429978,0.22656754151142305,0.13648058795147602
Fall Creek,1-Day,1.0,2000-02-17,3.5322461484751377,0.22594131482833685,0.12979344761573033
Fall Creek,1-Day,1.0,2000-02-18,3.528046302201739,0.22539038281541796,0.12240586477266839
Fall Creek,1-Day,1.0,2000-02-19,3.523866867408074,0.22496444514628525,0.11425605312909237
Fall Creek,1-Day,1.0,2000-02-20,3.5197140067059647,0.22469022378223494,0.10534671175643999
Fall Creek,1-Day,1.0,2000-02-21,3.5155921473437783,0.22456447971611226,0.09573502634675708
Fall Creek,1-Day,1.0,2000-02-22,3.5115039608968392,0.22455576519116363,0.08525211246538077
Fall Creek,1-Day,1.0,2000-02-23,3.5074509991061142,0.2246203293914214,0.07350174634278231
Fall Creek,1-Day,1.0,2000-02-24,3.503434726701482,0.22472301492067542,0.060060781036827444
Fall Creek,1-Day,1.0,2000-02-25,3.499456803583609,0.2248528106320273,0.04487002218620095
Fall Creek,1-Day,1.0,2000-02-26,3.4955191148796403,0.22500875883045662,0.028310931892237177
Fall Creek,1-Day,1.0,2000-02-27,3.4916246169669374,0.22518804523874314,0.011010906010037775
Fall Creek,1-Day,1.0,2000-02-28,3.487776399401432,0.22537326595981946,-0.006251489706969
Fall Creek,1-Day,1.0,2000-03-01,3.4802271153160644,0.22568947178491927,-0.03773651013983625
Fall Creek,1-Day,1.0,2000-03-02,3.47652445274392,0.22580298069878227,-0.05089471941896657
Fall Creek,1-Day,1.0,2000-03-03,3.4728595703932212,0.22588934020368298,-0.06180501388015692
Fall Creek,1-Day,1.0,2000-03-04,3.4692163552691855,0.22595633120840752,-0.07037924387994339
Fall Creek,1-Day,1.0,2000-03-05,3.4655719519449506,0.22601173892433193,-0.07674656226037352
Fall Creek,1-Day,1.0,2000-03-06,3.461896607849984,0.22605820037166338,-0.08115424380355313
Fall Creek,1-Day,1.0,2000-03-07,3.4581577912516934,0.22609139614285004,-0.08379702074560405
Fall Creek,1-Day,1.0,2000-03-08,3.4543189784727777,0.2261002370577935,-0.08461217994358979
Fall Creek,1-Day,1.0,2000-03-09,3.450343428568593,0.22607813477374367,-0.08319288734092052
Fall Creek,1-Day,1.0,2000-03-10,3.44620186848379,0.22603595104326377,-0.07900182016007361
Fall Creek,1-Day,1.0,2000-03-11,3.44187665678345,0.22598841737105785,-0.07180336887560095
Fall Creek,1-Day,1.0,2000-03-12,3.4373583722721754,0.22594542755088545,-0.06192422131819145
Fall Creek,1-Day,1.0,2000-03-13,3.432644152735251,0.22591128357793486,-0.050222876410239356
Fall Creek,1-Day,1.0,2000-03-14,3.4277382807100927,0.22588151818567423,-0.03679103436063707
Fall Creek,1-Day,1.0,2000-03-15,3.4226520900657302,0.22588546041283591,-0.022113493819979953
Fall Creek,1-Day,1.0,2000-03-16,3.417402361643357,0.2258924298621442,-0.009045912705874536
Fall Creek,1-Day,1.0,2000-03-17,3.412007281213294,0.22591134285891207,0.0019422837309876768
Fall Creek,1-Day,1.0,2000-03-18,3.406481483910065,0.22596857507248175,0.010976485443868303
Fall Creek,1-Day,1.0,2000-03-19,3.400835949346502,0.2260919134030021,0.018357713913305786
Fall Creek,1-Day,1.0,2000-03-20,3.395073005531914,0.22629686990015827,0.02438202525415992
Fall Creek,1-Day,1.0,2000-03-21,3.3891799954361326,0.22658468317681915,0.02929075721116936
Fall Creek,1-Day,1.0,2000-03-22,3.383153767815505,0.22694416791473712,0.033199355671884055
Fall Creek,1-Day,1.0,2000-03-23,3.376993667427832,0.22735950593068702,0.036075682042672384
Fall Creek,1-Day,1.0,2000-03-24,3.37069623388452,0.22782571757861492,0.037804981240363626
Fall Creek,1-Day,1.0,2000-03-25,3.364258892328151,0.22835325840643572,0.038383411341228954
Fall Creek,1-Day,1.0,2000-03-26,3.3576851265973104,0.22895986864997242,0.037986554976667634
Fall Creek,1-Day,1.0,2000-03-27,3.3509877121993132,0.22966340325782622,0.03699501186125457
Fall Creek,1-Day,1.0,2000-03-28,3.3441888790363445,0.2304815235808047,0.03588335037316207
Fall Creek,1-Day,1.0,2000-03-29,3.337317127298341,0.2314280228989058,0.03522304523105142
Fall Creek,1-Day,1.0,2000-03-30,3.330400485505946,0.23250998732470674,0.03553497336222308
Fall Creek,1-Day,1.0,2000-03-31,3.3234647977288123,0.23371958320537517,0.036915215772379356
Fall Creek,1-Day,1.0,2000-04-01,3.3165344675978976,0.23504089763613442,0.03877625780395401
Fall Creek,1-Day,1.0,2000-04-02,3.309625419995956,0.2364639857613901,0.03967882921292836
Fall Creek,1-Day,1.0,2000-04-03,3.302741477434352,0.2379902255503104,0.03795536788089448
Fall Creek,1-Day,1.0,2000-04-04,3.295880574067462,0.23962708277812023,0.032821368186409954
Fall Creek,1-Day,1.0,2000-04-05,3.289040133259164,0.2413648826409498,0.024526059497913796
Fall Creek,1-Day,1.0,2000-04-06,3.2822207245569452,0.24317890289869457,0.013649037970425488
Fall Creek,1-Day,1.0,2000-04-07,3.2754257162122666,0.24504490983366506,0.0007512527974094335
Fall Creek,1-Day,1.0,2000-04-08,3.2686594857910434,0.24694634722825184,-0.013750170880989645
Fall Creek,1-Day,1.0,2000-04-09,3.261926585179006,0.24888582169137527,-0.029585642087131415
Fall Creek,1-Day,1.0,2000-04-10,3.255227630190335,0.250888699546623,-0.04641946528821262
Fall Creek,1-Day,1.0,2000-04-11,3.2485551926953464,0.2529971473055878,-0.06390603199636827
Fall Creek,1-Day,1.0,2000-04-12,3.241895228194486,0.2552423372749905,-0.08192831902581552
Fall Creek,1-Day,1.0,2000-04-13,3.2352296603863246,0.2576318155702766,-0.10064736558545657
Fall Creek,1-Day,1.0,2000-04-14,3.228537017581991,0.2601513437790351,-0.12046226728434338
Fall Creek,1-Day,1.0,2000-04-15,3.221796121242834,0.2627747872048815,-0.1417779582868604
Fall Creek,1-Day,1.0,2000-04-16,3.2149891031568347,0.26548272527516725,-0.16425347597228826
Fall Creek,1-Day,1.0,2000-04-17,3.208104100505706,0.2682576247042932,-0.1864973871396081
Fall Creek,1-Day,1.0,2000-04-18,3.201135921898576,0.2710672675991636,-0.20681969457112323
Fall Creek,1-Day,1.0,2000-04-19,3.194082467744574,0.27388727769920646,-0.22458042880360687
Fall Creek,1-Day,1.0,2000-04-20,3.1869412216507556,0.27670868942911797,-0.24032274371462609
Fall Creek,1-Day,1.0,2000-04-21,3.1797080141654757,0.27953720496358453,-0.25513044353147646
Fall Creek,1-Day,1.0,2000-04-22,3.1723804088735195,0.28238546416449883,-0.26979774744947016
Fall Creek,1-Day,1.0,2000-04-23,3.1649588662539707,0.2852547201080931,-0.28456695024948897
Fall Creek,1-Day,1.0,2000-04-24,3.1574454626522668,0.28814042515025345,-0.2992704453721648
Fall Creek,1-Day,1.0,2000-04-25,3.14984318497526,0.2910441763289933,-0.3138367795970305
Fall Creek,1-Day,1.0,2000-04-26,3.1421556253391327,0.2939682806806809,-0.3281962618127445
Fall Creek,1-Day,1.0,2000-04-27,3.1341674962357,0.29690401008350975,-0.3421415214306486
Fall Creek,1-Day,1.0,2000-04-28,3.1261195396128243,0.2998431848709797,-0.3555680222109003
Fall Creek,1-Day,1.0,2000-04-29,3.1180447120655224,0.30278219672394674,-0.3685218101661802
Fall Creek,1-Day,1.0,2000-04-30,3.1099555122379337,0.3057274780152,-0.38111257839027013
Fall Creek,1-Day,1.0,2000-05-01,3.101856287619174,0.30868027064183073,-0.39349473329487916
Fall Creek,1-Day,1.0,2000-05-02,3.0937487494238507,0.31162662711401784,-0.4058257828319651
Fall Creek,1-Day,1.0,2000-05-03,3.0856336251093515,0.314650100791607,-0.4152650700728737
Fall Creek,1-Day,1.0,2000-05-04,3.0775112745814375,0.31758100481644097,-0.4237932286673706
Fall Creek,1-Day,1.0,2000-05-05,3.069381720023748,0.32046814980093674,-0.43183308982908747
Fall Creek,1-Day,1.0,2000-05-06,3.0612447129616522,0.3233397214087102,-0.4394832381502307
Fall Creek,1-Day,1.0,2000-05-07,3.0530997349098046,0.32620936200850403,-0.4467677873191502
Fall Creek,1-Day,1.0,2000-05-08,3.0449459510160537,0.3290843900238103,-0.45368534127438775
Fall Creek,1-Day,1.0,2000-05-09,3.036782272218469,0.3319685805150101,-0.46022661033374807
Fall Creek,1-Day,1.0,2000-05-10,3.0286075137207233,0.334863423975841,-0.46638460670573845
Fall Creek,1-Day,1.0,2000-05-11,3.0204206760715455,0.33776816847857116,-0.4721428878422055
Fall Creek,1-Day,1.0,2000-05-12,3.012220966591763,0.3406803663262048,-0.47747791346279206
Fall Creek,1-Day,1.0,2000-05-13,3.0040077632825,0.34359634314077364,-0.48236490019524875
Fall Creek,1-Day,1.0,2000-05-14,2.9957807467877786,0.34651195017600406,-0.4867897159712892
Fall Creek,1-Day,1.0,2000-05-15,2.9875399687873854,0.3494237111421087,-0.49076181706525845
Fall Creek,5-Day,5.0,2000-01-01,3.5215750228443694,0.1783258511046644,-0.2451006270642772
Fall Creek,5-Day,5.0,2000-01-02,3.5183994789607977,0.17839011823331166,-0.233
Fall Creek,5-Day,5.0,2000-01-03,3.5152053863159285,0.17954661362086288,-0.233
Fall Creek,5-Day,5.0,2000-01-04,3.511993083336485,0.18070970248273388,-0.233
Fall Creek,5-Day,5.0,2000-01-05,3.5087636921377823,0.18187897853104848,-0.233
Fall Creek,5-Day,5.0,2000-01-06,3.505519023091477,0.18305378627873312,-0.233
Fall Creek,5-Day,5.0,2000-01-07,3.5022613522471477,0.18423330162921436,-0.233
Fall Creek,5-Day,5.0,2000-01-08,3.49899312567703,0.18477010226616805,-0.22605321602117945
Fall Creek,5-Day,5.0,2000-01-09,3.495716671896245,0.1850999665901655,-0.21688964027847085
Fall Creek,5-Day,5.0,2000-01-10,3.492434121479319,0.185439452310897,-0.2078500806502019
Fall Creek,5-Day,5.0,2000-01-11,3.489147438782923,0.1857902296024785,-0.19896033390112372
Fall Creek,5-Day,5.0,2000-01-12,3.485858309536954,0.18615469605614343,-0.1902529965478212
Fall Creek,5-Day,5.0,2000-01-13,3.4825679461419488,0.1865366636610901,-0.18177421294552387
Fall Creek,5-Day,5.0,2000-01-14,3.479277069100779,0.18693509323104543,-0.1735156096840251
Fall Creek,5-Day,5.0,2000-01-15,3.475985654572812,0.18718983987083354,-0.1637349584028956
Fall Creek,5-Day,5.0,2000-01-16,3.4726921672166373,0.18732186358724814,-0.1526441927805705
Fall Creek,5-Day,5.0,2000-01-17,3.469392228534858,0.18737490235923868,-0.1406923076573589
Fall Creek,5-Day,5.0,2000-01-18,3.4660755550509315,0.18740444387445374,-0.12844061246583754
Fall Creek,5-Day,5.0,2000-01-19,3.4627180863589695,0.18742792648016193,-0.11598741477269668
Fall Creek,5-Day,5.0,2000-01-20,3.4592676866961365,0.18742863498797088,-0.10294898782333137
Fall Creek,5-Day,5.0,2000-01-21,3.4555206139440644,0.1873766502612982,-0.08821876542382874
Fall Creek,5-Day,5.0,2000-01-22,3.451679849400745,0.18725593986359765,-0.07237427199189668
Fall Creek,5-Day,5.0,2000-01-23,3.447759410234568,0.1870691847381063,-0.05548324738010645
Fall Creek,5-Day,5.0,2000-01-24,3.443776481631872,0.18682607431533307,-0.03770396491261691
Fall Creek,5-Day,5.0,2000-01-25,3.4397510023463775,0.18655535196273734,-0.01942648458699653
Fall Creek,5-Day,5.0,2000-01-26,3.4357049162684468,0.18631240074872388,-0.0013685340906552119
Fall Creek,5-Day,5.0,2000-01-27,3.431660123794379,0.18615970341674856,0.015648247825111764
Fall Creek,5-Day,5.0,2000-01-28,3.427637150140365,0.18615038329871217,0.030897982774098515
Fall Creek,5-Day,5.0,2000-01-29,3.423653653869314,0.18632185188888956,0.020669198566035486
Fall Creek,5-Day,5.0,2000-01-30,3.4197222000099408,0.1866908236197301,0.013645562088792243
Fall Creek,5-Day,5.0,2000-01-31,3.415851124067094,0.18724380161619306,0.009820400965017108
Fall Creek,5-Day,5.0,2000-02-01,3.412044006018446,0.1879576336967714,0.00839989543756726
Fall Creek,5-Day,5.0,2000-02-02,3.4082988689374836,0.18882453432935198,0.008735807239515237
Fall Creek,5-Day,5.0,2000-02-03,3.4046093046218378,0.18983235543129015,0.010090499445404789
Fall Creek,5-Day,5.0,2000-02-04,3.400965919948625,0.19094522593832466,0.010782203729573468
Fall Creek,5-Day,5.0,2000-02-05,3.397358436516217,0.19209533163666367,0.010912566843916989
Fall Creek,5-Day,5.0,2000-02-06,3.3937748441781515,0.1931967294341914,0.011503746181749212
Fall Creek,5-Day,5.0,2000-02-07,3.390200761311772,0.19419539124971041,0.013206479757407281
Fall Creek,5-Day,5.0,2000-02-08,3.3866215804076067,0.19507820144537638,0.016205165513350224
Fall Creek,5-Day,5.0,2000-02-09,3.3830282785133168,0.19584047841864588,0.020571287375190248
Fall Creek,5-Day,5.0,2000-02-10,3.379419911328863,0.19646317024238388,0.026511488406561978
Fall Creek,5-Day,5.0,2000-02-11,3.375804050625837,0.19692701092447815,0.03420954039428429
Fall Creek,5-Day,5.0,2000-02-12,3.3721887586937163,0.1972140648352049,0.04018700165437532
Fall Creek,5-Day,5.0,2000-02-13,3.368582563643213,0.19730186044894998,0.040288068959829414
Fall Creek,5-Day,5.0,2000-02-14,3.3649952898779003,0.19717338125920644,0.037898011253220495
Fall Creek,5-Day,5.0,2000-02-15,3.3614341847975666,0.19681586512944368,0.03264880151664248
Fall Creek,5-Day,5.0,2000-02-16,3.357903596620864,0.1959704674584913,0.019907195803323712
Fall Creek,5-Day,5.0,2000-02-17,3.3544061145842283,0.19528339763218494,0.008312512800581163
Fall Creek,5-Day,5.0,2000-02-18,3.350943184968586,0.19449158647457038,-0.005482227284293578
Fall Creek,5-Day,5.0,2000-02-19,3.3475162568050982,0.1936827851981108,-0.020426444941248748
Fall Creek,5-Day,5.0,2000-02-20,3.3441283838306233,0.19294036155660224,-0.03543296892000408
Fall Creek,5-Day,5.0,2000-02-21,3.3407823878788503,0.19230977031842675,-0.050260681328024095
Fall Creek,5-Day,5.0,2000-02-22,3.3374784574154273,0.19179318289617747,-0.065388724556833
Fall Creek,5-Day,5.0,2000-02-23,3.3342132389428265,0.19137411940002858,-0.08141532046312298
Fall Creek,5-Day,5.0,2000-02-24,3.330982555159009,0.19102301008455128,-0.09880981174503538
Fall Creek,5-Day,5.0,2000-02-25,3.3277822425054446,0.1907122057119583,-0.11762655930673918
Fall Creek,5-Day,5.0,2000-02-26,3.3246089595100643,0.1904457435829049,-0.13722553921680916
Fall Creek,5-Day,5.0,2000-02-27,3.321460913676076,0.1902550091371285,-0.15642062926882322
Fall Creek,5-Day,5.0,2000-02-28,3.3183386081125072,0.1901536382378248,-0.1748028083113884
Fall Creek,5-Day,5.0,2000-03-01,3.3121912815821615,0.19016482492722944,-0.20948414945310628
Fall Creek,5-Day,5.0,2000-03-02,3.309184110039991,0.19024022472459562,-0.22592508914167952
Fall Creek,5-Day,5.0,2000-03-03,3.3062337389345497,0.19036284232866219,-0.24104452773952278
Fall Creek,5-Day,5.0,2000-03-04,3.3033445502496845,0.19053221811490292,-0.25430963024488323
Fall Creek,5-Day,5.0,2000-03-05,3.3005157074299873,0.19075061556237788,-0.2651801385735311
Fall Creek,5-Day,5.0,2000-03-06,3.2977432800545596,0.19102721317319812,-0.27318537082519057
Fall Creek,5-Day,5.0,2000-03-07,3.295021489616553,0.19135036717982443,-0.2783213650622863
Fall Creek,5-Day,5.0,2000-03-08,3.2923411933401456,0.19167543362338893,-0.28035113412186335
Fall Creek,5-Day,5.0,2000-03-09,3.289679851305503,0.19195901210716,-0.2785027163771054
Fall Creek,5-Day,5.0,2000-03-10,3.2869962584469996,0.19219220504862466,-0.2721220471470661
Fall Creek,5-Day,5.0,2000-03-11,3.2842383959473915,0.1921004515209014,-0.260814220286035
Fall Creek,5-Day,5.0,2000-03-12,3.281355763709482,0.19163211193337606,-0.24516641852695792
Fall Creek,5-Day,5.0,2000-03-13,3.278310845733251,0.19156174750853228,-0.233
Fall Creek,5-Day,5.0,2000-03-14,3.2750814629566065,0.19273102050744376,-0.233
Fall Creek,5-Day,5.0,2000-03-15,3.271657356370399,0.19305614993747605,-0.22359582238297332
Fall Creek,5-Day,5.0,2000-03-16,3.268039841691618,0.19319122832218621,-0.21154980671492443
Fall Creek,5-Day,5.0,2000-03-17,3.2642399867464222,0.19327829806414454,-0.19836450849048395
Fall Creek,5-Day,5.0,2000-03-18,3.260269506133472,0.1933277408304321,-0.1841887329330641
Fall Creek,5-Day,5.0,2000-03-19,3.256132532737412,0.19337666245461826,-0.16942497926766595
Fall Creek,5-Day,5.0,2000-03-20,3.251822951049824,0.1934717373973305,-0.15454679678584546
Fall Creek,5-Day,5.0,2000-03-21,3.247324313213966,0.1936446468798526,-0.13984082069500298
Fall Creek,5-Day,5.0,2000-03-22,3.2426324426827655,0.19389763654100034,-0.12533133288609086
Fall Creek,5-Day,5.0,2000-03-23,3.237755486690961,0.1941983671378567,-0.1107174640163471
Fall Creek,5-Day,5.0,2000-03-24,3.232705817082995,0.19450732337821383,-0.09563056135405489
Fall Creek,5-Day,5.0,2000-03-25,3.2274954490584715,0.1948132606257849,-0.07999839638794416
Fall Creek,5-Day,5.0,2000-03-26,3.2221329335104323,0.19513334081623826,-0.06404154447512996
Fall Creek,5-Day,5.0,2000-03-27,3.216625521333213,0.1954942744357656,-0.0640972540198261
Fall Creek,5-Day,5.0,2000-03-28,3.2109785073597426,0.19593397315282013,-0.07937100476952468
Fall Creek,5-Day,5.0,2000-03-29,3.2051962910330123,0.19649311188739843,-0.0969269258661997
Fall Creek,5-Day,5.0,2000-03-30,3.1992827521746725,0.19720812728960457,-0.11466668200588002
Fall Creek,5-Day,5.0,2000-03-31,3.1932452277547982,0.1980906205669429,-0.13076322099582652
Fall Creek,5-Day,5.0,2000-04-01,3.1871003369388426,0.19912818364471868,-0.14426409972662152
Fall Creek,5-Day,5.0,2000-04-02,3.180872723269298,0.20030478812979263,-0.15494023718630506
Fall Creek,5-Day,5.0,2000-04-03,3.1745872266677773,0.2016205015594264,-0.1625691239069206
Fall Creek,5-Day,5.0,2000-04-04,3.1682625852852175,0.20309566952969935,-0.16700085204271709
Fall Creek,5-Day,5.0,2000-04-05,3.161910093578723,0.20473866709639904,-0.16903805207747802
Fall Creek,5-Day,5.0,2000-04-06,3.155539895305179,0.20653293546199453,-0.1701611600633386
Fall Creek,5-Day,5.0,2000-04-07,3.1491642793859,0.2084359262944961,-0.17181892213068942
Fall Creek,5-Day,5.0,2000-04-08,3.142797210008363,0.21039306501912278,-0.17537558948149323
Fall Creek,5-Day,5.0,2000-04-09,3.136454040089936,0.21237000361710276,-0.1816695614587619
Fall Creek,5-Day,5.0,2000-04-10,3.130150488604263,0.21436762406187135,-0.1907321624832526
Fall Creek,5-Day,5.0,2000-04-11,3.123894883969637,0.21642255265751595,-0.20152391275654424
Fall Creek,5-Day,5.0,2000-04-12,3.117683827337476,0.21857241917789635,-0.21307544889760446
Fall Creek,5-Day,5.0,2000-04-13,3.1115067452197103,0.22084000611669424,-0.22498277662605345
Fall Creek,5-Day,5.0,2000-04-14,3.1053479752682,0.22323007259504463,-0.23735188057534592
Fall Creek,5-Day,5.0,2000-04-15,3.0991896413981843,0.22573766418729757,-0.25040220603342134
Fall Creek,5-Day,5.0,2000-04-16,3.0930144960214374,0.22836318162865543,-0.2644857334834692
Fall Creek,5-Day,5.0,2000-04-17,3.0868114048475093,0.2310997441522006,-0.28018404454893353
Fall Creek,5-Day,5.0,2000-04-18,3.080575947353437,0.2339041791456098,-0.2971988391638082
Fall Creek,5-Day,5.0,2000-04-19,3.0743033765340133,0.23672144339399384,-0.3144999066865005
Fall Creek,5-Day,5.0,2000-04-20,3.0679818670548977,0.23952658952464623,-0.3307561704240841
Fall Creek,5-Day,5.0,2000-04-21,3.061590684901454,0.24234577724298997,-0.3449057557634073
Fall Creek,5-Day,5.0,2000-04-22,3.055109327731013,0.2452252246764503,-0.35647793259712035
Fall Creek,5-Day,5.0,2000-04-23,3.0485246749313415,0.248180979554538,-0.36589598096069054
Fall Creek,5-Day,5.0,2000-04-24,3.041831422504462,0.2512222258383126,-0.3738154396640994
Fall Creek,5-Day,5.0,2000-04-25,3.0350293590817046,0.25437933145462327,-0.38052619109747127
Fall Creek,5-Day,5.0,2000-04-26,3.028121375453709,0.25767995542862776,-0.3859879752196888
Fall Creek,5-Day,5.0,2000-04-27,3.0208073428341615,0.26112507804800705,-0.39016610793977397
Fall Creek,5-Day,5.0,2000-04-28,3.0134180496363654,0.2644958784868705,-0.3934928327101848
Fall Creek,5-Day,5.0,2000-04-29,3.0060030557716373,0.26786595514716877,-0.39666192993780486
Fall Creek,5-Day,5.0,2000-04-30,2.998578041992851,0.2712839835372125,-0.40005768505536937
Fall Creek,5-Day,5.0,2000-05-01,2.9911462851016086,0.2747812102946241,-0.40389176474433114
Fall Creek,5-Day,5.0,2000-05-02,2.9837077714881817,0.27839595435257386,-0.4084022975375278
Fall Creek,5-Day,5.0,2000-05-03,2.976261645314863,0.2823544353438533,-0.4150500934556443
Fall Creek,5-Day,5.0,2000-05-04,2.9688069952301874,0.2861345630525418,-0.42034239528571493
Fall Creek,5-Day,5.0,2000-05-05,2.9613429160366773,0.2899022614074517,-0.4253983621940544
Fall Creek,5-Day,5.0,2000-05-06,2.95386839869594,0.293710783626908,-0.43056061954279035
Fall Creek,5-Day,5.0,2000-05-07,2.9463820995756125,0.29720406897336776,-0.43586966229270874
Fall Creek,5-Day,5.0,2000-05-08,2.938882320957635,0.30065563429029296,-0.44127740336011484
Fall Creek,5-Day,5.0,2000-05-09,2.931367061315186,0.3041181463231689,-0.4467152712619091
Fall Creek,5-Day,5.0,2000-05-10,2.9238342371184594,0.3075924790782471,-0.4521127173927565
Fall Creek,5-Day,5.0,2000-05-11,2.916282153039223,0.31107629459871167,-0.45738895260739754
Fall Creek,5-Day,5.0,2000-05-12,2.9087095853564073,0.3145646353998436,-0.4624653502833532
Fall Creek,5-Day,5.0,2000-05-13,2.901115694868997,0.31805052770686315,-0.4672810903279787
Fall Creek,5-Day,5.0,2000-05-14,2.893500117327833,0.321526400042098,-0.4717938926263038
Fall Creek,5-Day,5.0,2000-05-15,2.8858630922854385,0.32498601502068997,-0.47597427339814835
Fern Ridge,1-Day,1.0,2000-01-01,3.7327757277235976,0.2805123471595484,-0.6079529916113966
Fern Ridge,1-Day,1.0,2000-01-02,3.7283353793139278,0.27969700089977256,-0.5962778391881516
Fern Ridge,1-Day,1.0,2000-01-03,3.723876481049295,0.27887280843123124,-0.5848067718047625
Fern Ridge,1-Day,1.0,2000-01-04,3.7193982370982552,0.2780402749858169,-0.5735297293937254
Fern Ridge,1-Day,1.0,2000-01-05,3.7149002918590712,0.2772001402490621,-0.5624304549853291
Fern Ridge,1-Day,1.0,2000-01-06,3.7103827617283205,0.2763530535629621,-0.5514944535675987
Fern Ridge,1-Day,1.0,2000-01-07,3.7058461510910887,0.2754993218921602,-0.5407106225576552
Fern Ridge,1-Day,1.0,2000-01-08,3.7012913829699583,0.27463906741427274,-0.5300726639840223
Fern Ridge,1-Day,1.0,2000-01-09,3.696719682772851,0.27377197910347284,-0.5195811329039546
Fern Ridge,1-Day,1.0,2000-01-10,3.6921325931935067,0.27289710638942455,-0.5092505219816719
Fern Ridge,1-Day,1.0,2000-01-11,3.6875320929642545,0.2720130385871803,-0.49911242662076444
Fern Ridge,1-Day,1.0,2000-01-12,3.6829206318812777,0.27111752789204263,-0.48923376971554555
Fern Ridge,1-Day,1.0,2000-01-13,3.6783011228457925,0.27020237023707305,-0.47982050888837674
Fern Ridge,1-Day,1.0,2000-01-14,3.673676934656026,0.2692375111861231,-0.4715208649824448
Fern Ridge,1-Day,1.0,2000-01-15,3.6690520338558614,0.26808125399119687,-0.4675344738105546
Fern Ridge,1-Day,1.0,2000-01-16,3.6644312759555016,0.26687344992510376,-0.46459369200922485
Fern Ridge,1-Day,1.0,2000-01-17,3.659820634054393,0.26563382090579873,-0.46230375039635746
Fern Ridge,1-Day,1.0,2000-01-18,3.6552259910300764,0.2643860767547577,-0.4604033797530383
Fern Ridge,1-Day,1.0,2000-01-19,3.6506461456382615,0.2631466816230504,-0.4588764738091675
Fern Ridge,1-Day,1.0,2000-01-20,3.6460498518768003,0.2619262913493134,-0.4578071719521639
Fern Ridge,1-Day,1.0,2000-01-21,3.640994008645561,0.26073976033240615,-0.4572410252656677
Fern Ridge,1-Day,1.0,2000-01-22,3.635825333535436,0.25961706870012113,-0.4571323775788836
Fern Ridge,1-Day,1.0,2000-01-23,3.6305396306868287,0.25860765296916866,-0.45719371786457064
Fern Ridge,1-Day,1.0,2000-01-24,3.6251349232481127,0.2577708040723435,-0.4569691904361502
Fern Ridge,1-Day,1.0,2000-01-25,3.619611405828058,0.25715416032379773,-0.4559594181910995
Fern Ridge,1-Day,1.0,2000-01-26,3.6139729731505557,0.25678318335420286,-0.45376010347817847
Fern Ridge,1-Day,1.0,2000-01-27,3.6082295620238245,0.2566650456357627,-0.4501206974039602
Fern Ridge,1-Day,1.0,2000-01-28,3.602397093013747,0.2568011450736128,-0.44480095404527875
Fern Ridge,1-Day,1.0,2000-01-29,3.59649706283536,0.25719461167415325,-0.43749656559435435
Fern Ridge,1-Day,1.0,2000-01-30,3.5905524085512064,0.25784170630521214,-0.42806343790356116
Fern Ridge,1-Day,1.0,2000-01-31,3.58458198335313,0.2586444212349247,-0.41667656464461045
Fern Ridge,1-Day,1.0,2000-02-01,3.5785973282309165,0.25925034746043973,-0.4039271168195509
Fern Ridge,1-Day,1.0,2000-02-02,3.572600330184968,0.2598205099148796,-0.3909748465603038
Fern Ridge,1-Day,1.0,2000-02-03,3.5665854103954997,0.2605202380758738,-0.3789979584601539
Fern Ridge,1-Day,1.0,2000-02-04,3.560542974591615,0.261460426260485,-0.3687752806850131
Fern Ridge,1-Day,1.0,2000-02-05,3.5544633550019133,0.26265761039204705,-0.36039859496483223
Fern Ridge,1-Day,1.0,2000-02-06,3.548337903934888,0.2640546118267965,-0.3534231998444466
Fern Ridge,1-Day,1.0,2000-02-07,3.5421580731212194,0.26559961693703027,-0.3474423101720583
Fern Ridge,1-Day,1.0,2000-02-08,3.5359162523390713,0.2672821935512781,-0.34235024314821894
Fern Ridge,1-Day,1.0,2000-02-09,3.5296071563355427,0.26803031186505705,-0.33835538727359554
Fern Ridge,1-Day,1.0,2000-02-10,3.5232299659769257,0.2686170274562299,-0.3358243020480701
Fern Ridge,1-Day,1.0,2000-02-11,3.5167902880864155,0.26901577554682493,-0.3349665049153529
Fern Ridge,1-Day,1.0,2000-02-12,3.5102973910648254,0.26920549581180087,-0.33583399244963996
Fern Ridge,1-Day,1.0,2000-02-13,3.503762201616883,0.26916807368852236,-0.3386218320924356
Fern Ridge,1-Day,1.0,2000-02-14,3.4971960206231634,0.26888465761511093,-0.3437578154185648
Fern Ridge,1-Day,1.0,2000-02-15,3.4906097753352756,0.26835203047271083,-0.351402571034545
Fern Ridge,1-Day,1.0,2000-02-16,3.4840133836994993,0.2673882033890917,-0.3607818662777579
Fern Ridge,1-Day,1.0,2000-02-17,3.4774143705486726,0.2665116407728427,-0.3689001787098096
Fern Ridge,1-Day,1.0,2000-02-18,3.470817925844205,0.26550966385374203,-0.37664988286527357
Fern Ridge,1-Day,1.0,2000-02-19,3.4642282302734437,0.2644586811423165,-0.38271131521445845
Fern Ridge,1-Day,1.0,2000-02-20,3.4576488314477887,0.2634364157907577,-0.3863341887619741
Fern Ridge,1-Day,1.0,2000-02-21,3.4510814630207483,0.2625023462152314,-0.38747584234309845
Fern Ridge,1-Day,1.0,2000-02-22,3.444526245184946,0.2616872082013845,-0.3865136919642488
Fern Ridge,1-Day,1.0,2000-02-23,3.437983651899525,0.26099460839815686,-0.38383335432253546
Fern Ridge,1-Day,1.0,2000-02-24,3.431456882467376,0.2604093231200184,-0.3796898658664976
Fern Ridge,1-Day,1.0,2000-02-25,3.4249515385021154,0.25990717156753584,-0.37416552725530483
Fern Ridge,1-Day,1.0,2000-02-26,3.4184739511288815,0.2594646035190582,-0.3672375747923164
Fern Ridge,1-Day,1.0,2000-02-27,3.412027898520472,0.2590661593184148,-0.3588077516454001
Fern Ridge,1-Day,1.0,2000-02-28,3.4056083006401545,0.25871109266164716,-0.34879117942877547
Fern Ridge,1-Day,1.0,2000-03-01,3.392749652571548,0.2581767089395511,-0.324151897990844
Fern Ridge,1-Day,1.0,2000-03-02,3.3862228673470542,0.25804449448050754,-0.3098394722720783
Fern Ridge,1-Day,1.0,2000-03-03,3.3795643699449864,0.25804363681997916,-0.29466285066274467
Fern Ridge,1-Day,1.0,2000-03-04,3.3727442195564863,0.2582097921894664,-0.278972890585733
Fern Ridge,1-Day,1.0,2000-03-05,3.365766164906098,0.2585768673080298,-0.26311482407022146
Fern Ridge,1-Day,1.0,2000-03-06,3.3586632546108213,0.25910891614663706,-0.24736865465006108
Fern Ridge,1-Day,1.0,2000-03-07,3.351473082572209,0.25969978079324324,-0.23192999718961563
Fern Ridge,1-Day,1.0,2000-03-08,3.3442167498435125,0.26034954872144156,-0.21686326848272758
Fern Ridge,1-Day,1.0,2000-03-09,3.336888374046515,0.2610546559257312,-0.20212935874992918
Fern Ridge,1-Day,1.0,2000-03-10,3.329464630876793,0.26182252557543734,-0.18772595132810752
Fern Ridge,1-Day,1.0,2000-03-11,3.321915739010383,0.26267179625395237,-0.1737212631738215
Fern Ridge,1-Day,1.0,2000-03-12,3.3142112259795584,0.265286001044753,-0.173
Fern Ridge,1-Day,1.0,2000-03-13,3.3063167873704935,0.26806023286868397,-0.173
Fern Ridge,1-Day,1.0,2000-03-14,3.298178280845894,0.27040118723661705,-0.16910257095684278
Fern Ridge,1-Day,1.0,2000-03-15,3.289727398032231,0.2724540320363077,-0.16230302890927037
Fern Ridge,1-Day,1.0,2000-03-16,3.280918713161146,0.274639321867996,-0.15566830712253557
Fern Ridge,1-Day,1.0,2000-03-17,3.271748912253485,0.2769722173146866,-0.1493073324943586
Fern Ridge,1-Day,1.0,2000-03-18,3.2622424947466553,0.27945736864719817,-0.14331931799300748
Fern Ridge,1-Day,1.0,2000-03-19,3.2524311490044995,0.28207579014764883,-0.1376447561477138
Fern Ridge,1-Day,1.0,2000-03-20,3.2423266557561448,0.2847796825671864,-0.13196571396745793
Fern Ridge,1-Day,1.0,2000-03-21,3.231898576594577,0.2874628481400242,-0.12544876853988174
Fern Ridge,1-Day,1.0,2000-03-22,3.2211175242943133,0.28992252846981864,-0.11659587637837994
Fern Ridge,1-Day,1.0,2000-03-23,3.2099641201268696,0.2919560044828215,-0.10395880223427927
Fern Ridge,1-Day,1.0,2000-03-24,3.198432067195891,0.2934968710966779,-0.08708573979581272
Fern Ridge,1-Day,1.0,2000-03-25,3.1865396189581645,0.29460560330231705,-0.0664565726065465
Fern Ridge,1-Day,1.0,2000-03-26,3.1743353374073955,0.2953545222644696,-0.04268161805486348
Fern Ridge,1-Day,1.0,2000-03-27,3.1618953077503913,0.29576172802851425,-0.016239552797424894
Fern Ridge,1-Day,1.0,2000-03-28,3.149306740158544,0.2958081666861807,-0.01034026861986337
Fern Ridge,1-Day,1.0,2000-03-29,3.1366439933876813,0.29550199817634487,-0.004353958075573702
Fern Ridge,1-Day,1.0,2000-03-30,3.1239512019319755,0.2949683641903883,0.0022885807774613042
Fern Ridge,1-Day,1.0,2000-03-31,3.111244673563888,0.2944147230848467,0.010035978089572866
Fern Ridge,1-Day,1.0,2000-04-01,3.098527281887812,0.2939914966706165,0.019053207437889415
Fern Ridge,1-Day,1.0,2000-04-02,3.0857928244912634,0.29369974519229386,0.02913505868081269
Fern Ridge,1-Day,1.0,2000-04-03,3.0730233779784477,0.29343744852920284,0.039870794220988465
Fern Ridge,1-Day,1.0,2000-04-04,3.0601965997011917,0.29307837079331034,0.050895342048935824
Fern Ridge,1-Day,1.0,2000-04-05,3.0472967348528712,0.29256733472326374,0.06204287445225335
Fern Ridge,1-Day,1.0,2000-04-06,3.0343258737046725,0.2919751289616849,0.07304946777668321
Fern Ridge,1-Day,1.0,2000-04-07,3.0213137609247522,0.2914536333223242,0.08365506997054291
Fern Ridge,1-Day,1.0,2000-04-08,3.008313442779274,0.2911044740795025,0.09393291034961967
Fern Ridge,1-Day,1.0,2000-04-09,2.9953850438503453,0.29093262168965295,0.10417042281512284
Fern Ridge,1-Day,1.0,2000-04-10,2.9825800059264664,0.29091495678271956,0.11419918721996734
Fern Ridge,1-Day,1.0,2000-04-11,2.9699313206878473,0.2910362699064261,0.12289211633931224
Fern Ridge,1-Day,1.0,2000-04-12,2.9574532564671965,0.29127922175385906,0.1284427970874579
Fern Ridge,1-Day,1.0,2000-04-13,2.945150622275576,0.2916093502866916,0.13006140440867348
Fern Ridge,1-Day,1.0,2000-04-14,2.933029855071185,0.29194600867591586,0.12978036319085476
Fern Ridge,1-Day,1.0,2000-04-15,2.921098573369305,0.2921538824826274,0.13030466634728766
Fern Ridge,1-Day,1.0,2000-04-16,2.9093598295205214,0.29215052988450235,0.13264689038584793
Fern Ridge,1-Day,1.0,2000-04-17,2.8978089884790306,0.2919430768933321,0.13638661612998698
Fern Ridge,1-Day,1.0,2000-04-18,2.886438458009886,0.2915719469263523,0.14057720765835482
Fern Ridge,1-Day,1.0,2000-04-19,2.875239261922278,0.29108902304810613,0.14412156780950414
Fern Ridge,1-Day,1.0,2000-04-20,2.8641996456304173,0.29056764737997826,0.14604071933526894
Fern Ridge,1-Day,1.0,2000-04-21,2.853304232199619,0.29008266231481505,0.1459831844397049
Fern Ridge,1-Day,1.0,2000-04-22,2.842532592643256,0.28969178954607394,0.14433970812330577
Fern Ridge,1-Day,1.0,2000-04-23,2.8318633340815014,0.2894475696921717,0.14215100966150074
Fern Ridge,1-Day,1.0,2000-04-24,2.8212756507731993,0.2894019704579173,0.14063372294722112
Fern Ridge,1-Day,1.0,2000-04-25,2.81074860073644,0.2895889808401534,0.14070062013483087
Fern Ridge,1-Day,1.0,2000-04-26,2.8002628186507907,0.29000198437888475,0.14271649183085042
Fern Ridge,1-Day,1.0,2000-04-27,2.789978224461318,0.29060328334838786,0.14649585424005435
Fern Ridge,1-Day,1.0,2000-04-28,2.7796061300113286,0.2913357400724886,0.15149021508020044
Fern Ridge,1-Day,1.0,2000-04-29,2.7691903804769282,0.2921337543941362,0.15683273541620624
Fern Ridge,1-Day,1.0,2000-04-30,2.7587579336784818,0.29295737126345117,0.16136873660285325
Fern Ridge,1-Day,1.0,2000-05-01,2.748323321097743,0.2938041933673689,0.16430744157306632
Fern Ridge,1-Day,1.0,2000-05-02,2.7378945314104968,0.29468373815266663,0.1654074173212273
Fern Ridge,1-Day,1.0,2000-05-03,2.727476158238295,0.29537167061553643,0.16301512846393543
Fern Ridge,1-Day,1.0,2000-05-04,2.7170706355668255,0.2959666052115391,0.16073723992924288
Fern Ridge,1-Day,1.0,2000-05-05,2.7066788167924383,0.2965461378106953,0.158726133040275
Fern Ridge,1-Day,1.0,2000-05-06,2.69630032987181,0.29711659690156633,0.15688620158880426
Fern Ridge,1-Day,1.0,2000-05-07,2.685933914686122,0.29767178928864824,0.15515690120522574
Fern Ridge,1-Day,1.0,2000-05-08,2.675577682071921,0.29820554716903347,0.1534892382981212
Fern Ridge,1-Day,1.0,2000-05-09,2.665229267241205,0.2987122961550148,0.15184070230722377
Fern Ridge,1-Day,1.0,2000-05-10,2.6548859383671024,0.2991868114280543,0.1501725662186521
Fern Ridge,1-Day,1.0,2000-05-11,2.6445447732601375,0.2996245214622286,0.14844816274184802
Fern Ridge,1-Day,1.0,2000-05-12,2.634202868368919,0.300022186138241,0.14664968074578866
Fern Ridge,1-Day,1.0,2000-05-13,2.623857596735874,0.30037789390442327,0.14477545136075748
Fern Ridge,1-Day,1.0,2000-05-14,2.613506806343457,0.30069063229890547,0.14283599779152456
Fern Ridge,1-Day,1.0,2000-05-15,2.6031490403204898,0.30096095112390225,0.1408525149216377
Fern Ridge,5-Day,5.0,2000-01-01,3.6056755379656815,0.24674738534266197,-0.9298784294562602
Fern Ridge,5-Day,5.0,2000-01-02,3.6017929454787763,0.24630463801712596,-0.9132252279134545
Fern Ridge,5-Day,5.0,2000-01-03,3.5978912590802214,0.24586938646454,-0.8966557763532362
Fern Ridge,5-Day,5.0,2000-01-04,3.593969179778608,0.24542432566838138,-0.8801933945096374
Fern Ridge,5-Day,5.0,2000-01-05,3.5900257797129194,0.24497501415593234,-0.8638462961881415
Fern Ridge,5-Day,5.0,2000-01-06,3.5860605563254344,0.2445214131895972,-0.8476244534523598
Fern Ridge,5-Day,5.0,2000-01-07,3.582073454155362,0.24406324767833443,-0.8315480847650869
Fern Ridge,5-Day,5.0,2000-01-08,3.5780649372108697,0.24360060072906153,-0.815633657749816
Fern Ridge,5-Day,5.0,2000-01-09,3.574035833444963,0.24313325105731057,-0.7999030194609614
Fern Ridge,5-Day,5.0,2000-01-10,3.5699872479821146,0.24266022814954605,-0.7843999825666891
Fern Ridge,5-Day,5.0,2000-01-11,3.5659207426764294,0.24218070272838346,-0.7691781736938097
Fern Ridge,5-Day,5.0,2000-01-12,3.5618385855063637,0.24169572793360428,-0.7542791310786958
Fern Ridge,5-Day,5.0,2000-01-13,3.557743812319432,0.24120748268981454,-0.7397627113917786
Fern Ridge,5-Day,5.0,2000-01-14,3.553640194395952,0.24070677516452088,-0.7260072999177501
Fern Ridge,5-Day,5.0,2000-01-15,3.5495324170137708,0.2400416701746022,-0.7210691866143211
Fern Ridge,5-Day,5.0,2000-01-16,3.5454263344950725,0.2393028789200373,-0.7200791425472651
Fern Ridge,5-Day,5.0,2000-01-17,3.541329058061545,0.23850788647281623,-0.7224011151968026
Fern Ridge,5-Day,5.0,2000-01-18,3.537247887531846,0.23769194156003842,-0.7266769765096684
Fern Ridge,5-Day,5.0,2000-01-19,3.5331837102608166,0.23688843282222938,-0.731939438683471
Fern Ridge,5-Day,5.0,2000-01-20,3.529108853872943,0.23611398742807269,-0.737751923379956
Fern Ridge,5-Day,5.0,2000-01-21,3.524558487762023,0.23536279435880528,-0.7443869783161208
Fern Ridge,5-Day,5.0,2000-01-22,3.5198935544927092,0.23462978270510276,-0.7525213778145643
Fern Ridge,5-Day,5.0,2000-01-23,3.515112034434863,0.23392612354156472,-0.7624110849862561
Fern Ridge,5-Day,5.0,2000-01-24,3.5102142009197856,0.23328441697343077,-0.7735292738750678
Fern Ridge,5-Day,5.0,2000-01-25,3.50520107897513,0.2327420543856467,-0.7847483882698997
Fern Ridge,5-Day,5.0,2000-01-26,3.500075568574478,0.23233767094272342,-0.7949774166647298
Fern Ridge,5-Day,5.0,2000-01-27,3.4948447121472554,0.23210640012899192,-0.8032798188479768
Fern Ridge,5-Day,5.0,2000-01-28,3.4895205672474554,0.23207553659391497,-0.808787711716418
Fern Ridge,5-Day,5.0,2000-01-29,3.4841216357837865,0.2322667788769143,-0.8105241928134029
Fern Ridge,5-Day,5.0,2000-01-30,3.4786730303710653,0.2326991844716074,-0.8077390328905794
Fern Ridge,5-Day,5.0,2000-01-31,3.4732017282130347,0.23339097153047947,-0.7997726771037088
Fern Ridge,5-Day,5.0,2000-02-01,3.4677301354051724,0.23423994811942395,-0.7865341001825357
Fern Ridge,5-Day,5.0,2000-02-02,3.462270492644704,0.23447668571006636,-0.7691191803899778
Fern Ridge,5-Day,5.0,2000-02-03,3.4568252599503264,0.23431546093913247,-0.7490368250575952
Fern Ridge,5-Day,5.0,2000-02-04,3.451389853562365,0.2339763408915111,-0.7278148749907122
Fern Ridge,5-Day,5.0,2000-02-05,3.4459563118496317,0.2337037618346325,-0.7071783795559972
Fern Ridge,5-Day,5.0,2000-02-06,3.4405151437060293,0.23361367503059413,-0.6879488123527422
Fern Ridge,5-Day,5.0,2000-02-07,3.435055207862694,0.23369729761115735,-0.670040340782601
Fern Ridge,5-Day,5.0,2000-02-08,3.429564608265508,0.2338562992131345,-0.6526992043383943
Fern Ridge,5-Day,5.0,2000-02-09,3.424030829691089,0.23402508396564717,-0.6354008729561283
Fern Ridge,5-Day,5.0,2000-02-10,3.4184427823639334,0.2342247856023893,-0.6182655152376668
Fern Ridge,5-Day,5.0,2000-02-11,3.4127962757083465,0.23452731794099962,-0.6018195563544678
Fern Ridge,5-Day,5.0,2000-02-12,3.4070895966357013,0.23500936945701753,-0.5866404777861987
Fern Ridge,5-Day,5.0,2000-02-13,3.401323803863059,0.2357110020266196,-0.5730425770791469
Fern Ridge,5-Day,5.0,2000-02-14,3.395502238013527,0.23665854580171425,-0.5612402614765168
Fern Ridge,5-Day,5.0,2000-02-15,3.389629405505846,0.2378724522046426,-0.5513995473791351
Fern Ridge,5-Day,5.0,2000-02-16,3.3837093769939077,0.23951023121214704,-0.5446963110474913
Fern Ridge,5-Day,5.0,2000-02-17,3.377744163329281,0.2410294194325565,-0.5370723477445885
Fern Ridge,5-Day,5.0,2000-02-18,3.3717345478112444,0.24270889014407004,-0.5306036222077748
Fern Ridge,5-Day,5.0,2000-02-19,3.3656830541802916,0.24441349391351036,-0.5242885273903386
Fern Ridge,5-Day,5.0,2000-02-20,3.3595968404441927,0.2459871813253734,-0.5170054619298535
Fern Ridge,5-Day,5.0,2000-02-21,3.3534876621868137,0.24730846622430025,-0.5079155800493855
Fern Ridge,5-Day,5.0,2000-02-22,3.3473660615005336,0.24833749891326984,-0.4967728106667496
Fern Ridge,5-Day,5.0,2000-02-23,3.3412387896553803,0.24909772679939102,-0.4837707983342127
Fern Ridge,5-Day,5.0,2000-02-24,3.3351117118033,0.24964274822929242,-0.46931082634897386
Fern Ridge,5-Day,5.0,2000-02-25,3.3289915772459815,0.25003154672015737,-0.4538321867045389
Fern Ridge,5-Day,5.0,2000-02-26,3.3228852959205764,0.24992843179695245,-0.4376814855606639
Fern Ridge,5-Day,5.0,2000-02-27,3.316798247843045,0.2497430585665622,-0.4211433574967268
Fern Ridge,5-Day,5.0,2000-02-28,3.310729609439184,0.24955232877021924,-0.40437467133927446
Fern Ridge,5-Day,5.0,2000-03-01,3.2985912563354445,0.24918842035631736,-0.37104877991224416
Fern Ridge,5-Day,5.0,2000-03-02,3.2924709732967563,0.24905081343868185,-0.3546645943624222
Fern Ridge,5-Day,5.0,2000-03-03,3.28627596583172,0.24898980907354346,-0.33856431201666576
Fern Ridge,5-Day,5.0,2000-03-04,3.2799799316804177,0.2490450232145265,-0.3228521164476695
Fern Ridge,5-Day,5.0,2000-03-05,3.2735685473841927,0.24925096534302782,-0.3077726248868478
Fern Ridge,5-Day,5.0,2000-03-06,3.2670466320172467,0.24964566863444398,-0.29337874405626807
Fern Ridge,5-Day,5.0,2000-03-07,3.260432155553356,0.2502538741650118,-0.2796527086381075
Fern Ridge,5-Day,5.0,2000-03-08,3.2537442215396406,0.25107676882782365,-0.2667804581225435
Fern Ridge,5-Day,5.0,2000-03-09,3.2469868983015644,0.25205614760552003,-0.25504145612195767
Fern Ridge,5-Day,5.0,2000-03-10,3.240147971494452,0.2532111479514788,-0.24455308053863137
Fern Ridge,5-Day,5.0,2000-03-11,3.233206185310968,0.2545375736480945,-0.23522159111168864
Fern Ridge,5-Day,5.0,2000-03-12,3.2261407711093506,0.2560176872531415,-0.22684707304198262
Fern Ridge,5-Day,5.0,2000-03-13,3.218936891960008,0.2581456771525901,-0.2232059029139644
Fern Ridge,5-Day,5.0,2000-03-14,3.2115646163446225,0.25956556238276257,-0.2137173538713074
Fern Ridge,5-Day,5.0,2000-03-15,3.2039515704544645,0.26157081907678587,-0.20817727290725926
Fern Ridge,5-Day,5.0,2000-03-16,3.195994695665099,0.26371123078757547,-0.20282083543461302
Fern Ridge,5-Day,5.0,2000-03-17,3.1876030261661166,0.26598383904120887,-0.19738425259634518
Fern Ridge,5-Day,5.0,2000-03-18,3.178724283863064,0.26838350010873957,-0.19169981507038703
Fern Ridge,5-Day,5.0,2000-03-19,3.1693523626781688,0.27090045421215725,-0.18569374166105238
Fern Ridge,5-Day,5.0,2000-03-20,3.1595056177513463,0.2735264856066382,-0.17937046242936372
Fern Ridge,5-Day,5.0,2000-03-21,3.149197888632258,0.27624497390139646,-0.17266084163815357
Fern Ridge,5-Day,5.0,2000-03-22,3.1384590412778164,0.2789577071081803,-0.1649431935758759
Fern Ridge,5-Day,5.0,2000-03-23,3.127334071091865,0.2813827851696265,-0.15431564495951633
Fern Ridge,5-Day,5.0,2000-03-24,3.11586742465501,0.2831926514019474,-0.13856535675354417
Fern Ridge,5-Day,5.0,2000-03-25,3.10409471753549,0.2843092486984032,-0.11723368411622781
Fern Ridge,5-Day,5.0,2000-03-26,3.0920456198819997,0.28490376110936444,-0.09379035300219046
Fern Ridge,5-Day,5.0,2000-03-27,3.0797530616767785,0.28514680401655873,-0.07868966011784877
Fern Ridge,5-Day,5.0,2000-03-28,3.067260807632856,0.2851427864422758,-0.06446164267399819
Fern Ridge,5-Day,5.0,2000-03-29,3.054618868608281,0.2849641250911613,-0.0509829461335385
Fern Ridge,5-Day,5.0,2000-03-30,3.0418725687239063,0.2847072292354259,-0.03764600349227494
Fern Ridge,5-Day,5.0,2000-03-31,3.029047997397636,0.28447069213145654,-0.023589900154909818
Fern Ridge,5-Day,5.0,2000-04-01,3.016158145437612,0.28431624231186914,-0.008197493080105415
Fern Ridge,5-Day,5.0,2000-04-02,3.003207465779303,0.28423631336110633,0.008555878185572017
Fern Ridge,5-Day,5.0,2000-04-03,2.9901850130214775,0.2841582671869917,0.026287750003816595
Fern Ridge,5-Day,5.0,2000-04-04,2.9770663378177944,0.28396753695969335,0.044451451422834506
Fern Ridge,5-Day,5.0,2000-04-05,2.963822966754203,0.2835855038215603,0.06257666017541266
Fern Ridge,5-Day,5.0,2000-04-06,2.950437464045273,0.28306741722401674,0.08025281014573525
Fern Ridge,5-Day,5.0,2000-04-07,2.936918596965676,0.2826559441388343,0.09666646183660571
Fern Ridge,5-Day,5.0,2000-04-08,2.923306496067353,0.28257561591763025,0.11076864417830927
Fern Ridge,5-Day,5.0,2000-04-09,2.909665844769356,0.28281264035798104,0.12171753166663747
Fern Ridge,5-Day,5.0,2000-04-10,2.896070767558594,0.2832030826939146,0.12915322942468085
Fern Ridge,5-Day,5.0,2000-04-11,2.8825842933576045,0.2836201926057665,0.13320186206835036
Fern Ridge,5-Day,5.0,2000-04-12,2.8692433874517684,0.2840234356705643,0.1345518761894022
Fern Ridge,5-Day,5.0,2000-04-13,2.8560595194357723,0.2844279415412473,0.13452651131338147
Fern Ridge,5-Day,5.0,2000-04-14,2.843033600711639,0.28485246624140864,0.13498748693201387
Fern Ridge,5-Day,5.0,2000-04-15,2.830166194917771,0.2852765746920477,0.13727349743030523
Fern Ridge,5-Day,5.0,2000-04-16,2.817457820286931,0.2856207792019237,0.14152533459212407
Fern Ridge,5-Day,5.0,2000-04-17,2.804904060060454,0.28581631587536055,0.1470156170242293
Fern Ridge,5-Day,5.0,2000-04-18,2.7924975354857935,0.2858449147343572,0.152614861078663
Fern Ridge,5-Day,5.0,2000-04-19,2.7802296227055057,0.2857235458508013,0.15713672350695432
Fern Ridge,5-Day,5.0,2000-04-20,2.7680919139822917,0.28549060785256897,0.15965855640795895
Fern Ridge,5-Day,5.0,2000-04-21,2.7560767137555477,0.2852021206151584,0.16008994687630274
Fern Ridge,5-Day,5.0,2000-04-22,2.7441679214276875,0.28492840880954506,0.15952303543854499
Fern Ridge,5-Day,5.0,2000-04-23,2.7323406221097404,0.28474661250816435,0.15996549947175706
Fern Ridge,5-Day,5.0,2000-04-24,2.7205739506497495,0.28472678006646407,0.16349855934271124
Fern Ridge,5-Day,5.0,2000-04-25,2.708854765925139,0.28491416441159956,0.1712497144030003
Fern Ridge,5-Day,5.0,2000-04-26,2.6971708656926827,0.2853213045472975,0.18309785069524945
Fern Ridge,5-Day,5.0,2000-04-27,2.6857014091279723,0.28593742741586703,0.19823128599329126
Fern Ridge,5-Day,5.0,2000-04-28,2.6741547430431414,0.2867379644675525,0.21573527595882394
Fern Ridge,5-Day,5.0,2000-04-29,2.6625664290305586,0.2876869684006653,0.23467218362348974
Fern Ridge,5-Day,5.0,2000-04-30,2.6509604782045555,0.28874925032237636,0.2537113710370568
Fern Ridge,5-Day,5.0,2000-05-01,2.63935070866723,0.2898858705644859,0.2712658629759386
Fern Ridge,5-Day,5.0,2000-05-02,2.627745233474486,0.2910641783392322,0.28633818049590143
Fern Ridge,5-Day,5.0,2000-05-03,2.6161492127047605,0.2923246863495162,0.29553444240876997
Fern Ridge,5-Day,5.0,2000-05-04,2.6045657491829575,0.29345338835309476,0.303575715380265
Fern Ridge,5-Day,5.0,2000-05-05,2.5929963385162864,0.29454185029041785,0.31165778296882296
Fern Ridge,5-Day,5.0,2000-05-06,2.58144103171321,0.2956211110390128,0.31991300578113385
Fern Ridge,5-Day,5.0,2000-05-07,2.569898820420607,0.29669972270420547,0.3282948573821082
Fern Ridge,5-Day,5.0,2000-05-08,2.558367975493444,0.29777890216617875,0.3367325506320101
Fern Ridge,5-Day,5.0,2000-05-09,2.5468462478852194,0.2988554941497882,0.34514900060359943
Fern Ridge,5-Day,5.0,2000-05-10,2.535330907066646,0.2999238708819108,0.35346494391996974
Fern Ridge,5-Day,5.0,2000-05-11,2.5238190745801248,0.3009768437703883,0.3616049405537969
Fern Ridge,5-Day,5.0,2000-05-12,2.5123080992170683,0.3020068072405496,0.36951901603047566
Fern Ridge,5-Day,5.0,2000-05-13,2.500795869493696,0.30300634531884396,0.37717518282278223
Fern Ridge,5-Day,5.0,2000-05-14,2.489280582914223,0.3039694122814771,0.3845512355185192
Fern Ridge,5-Day,5.0,2000-05-15,2.4777606172341646,0.3048932928885104,0.3916487083606601
Foster,1-Day,1.0,2000-01-01,4.357082173068197,0.2026527411376847,-0.020695704381166732
Foster,1-Day,1.0,2000-01-02,4.352409424362524,0.20330639933611006,-0.01146039068540124
Foster,1-Day,1.0,2000-01-03,4.347720801663332,0.20398614590262648,-0.0025134632721507334
Foster,1-Day,1.0,2000-01-04,4.343016634049005,0.20469373508805477,0.006125464539472011
Foster,1-Day,1.0,2000-01-05,4.338297897999197,0.2054307975544102,0.014436102552260566
Foster,1-Day,1.0,2000-01-06,4.333566216835168,0.20619870230485116,0.022399038998592555
Foster,1-Day,1.0,2000-01-07,4.328823643004802,0.20699837274104055,0.029998507506423286
Foster,1-Day,1.0,2000-01-08,4.324072350699397,0.2079459246964394,0.036
Foster,1-Day,1.0,2000-01-09,4.319314353619114,0.20946043957222912,0.036
Foster,1-Day,1.0,2000-01-10,4.314551517526297,0.21097649475086952,0.036
Foster,1-Day,1.0,2000-01-11,4.309785567644412,0.21249354107763052,0.036
Foster,1-Day,1.0,2000-01-12,4.305018038730799,0.2140110900249275,0.036
Foster,1-Day,1.0,2000-01-13,4.300250137284447,0.2155287575528718,0.036
Foster,1-Day,1.0,2000-01-14,4.295482549796623,0.21704632514488656,0.036
Foster,1-Day,1.0,2000-01-15,4.290715099987161,0.21856384891259387,0.036
Foster,1-Day,1.0,2000-01-16,4.285946252696284,0.22008181751167777,0.036
Foster,1-Day,1.0,2000-01-17,4.281172129242745,0.22160146556269553,0.036
Foster,1-Day,1.0,2000-01-18,4.276384250401097,0.22312549208155155,0.036
Foster,1-Day,1.0,2000-01-19,4.2715642887625265,0.22465973085478386,0.036
Foster,1-Day,1.0,2000-01-20,4.266675017350884,0.226216031575475,0.036
Foster,1-Day,1.0,2000-01-21,4.261561021125745,0.2278438643015341,0.036
Foster,1-Day,1.0,2000-01-22,4.256394750255927,0.2294883365349589,0.036
Foster,1-Day,1.0,2000-01-23,4.251190069520922,0.23029271532563306,0.04413616617517912
Foster,1-Day,1.0,2000-01-24,4.245963973435281,0.2307377388227706,0.05572196298504837
Foster,1-Day,1.0,2000-01-25,4.240735345583583,0.23112153972891492,0.06785166894545776
Foster,1-Day,1.0,2000-01-26,4.2355211448579935,0.23148266364700745,0.08010758406967769
Foster,1-Day,1.0,2000-01-27,4.230333778699491,0.231866923948497,0.092011340666095
Foster,1-Day,1.0,2000-01-28,4.225181150359732,0.23230243983413157,0.10326521835154595
Foster,1-Day,1.0,2000-01-29,4.220068511614336,0.23277982678548667,0.11394255032323637
Foster,1-Day,1.0,2000-01-30,4.214997378968916,0.23326290347577602,0.1243906888206284
Foster,1-Day,1.0,2000-01-31,4.209964527266884,0.23370829658133205,0.13504440748928812
Foster,1-Day,1.0,2000-02-01,4.2049623989221,0.2340819655983856,0.1462636447327987
Foster,1-Day,1.0,2000-02-02,4.199981096105479,0.23436515082473788,0.15826916650075576
Foster,1-Day,1.0,2000-02-03,4.195011213733313,0.23454831531668885,0.17119303349350673
Foster,1-Day,1.0,2000-02-04,4.190045496785268,0.23463131722667538,0.1850712579708244
Foster,1-Day,1.0,2000-02-05,4.1850776996847925,0.2346278124616852,0.19980145374041405
Foster,1-Day,1.0,2000-02-06,4.18010269809371,0.23456299237184258,0.2032311786695239
Foster,1-Day,1.0,2000-02-07,4.1751177270369375,0.23446735926068063,0.19838613866626736
Foster,1-Day,1.0,2000-02-08,4.170124147514922,0.2343675129300948,0.19276847319064025
Foster,1-Day,1.0,2000-02-09,4.165127613583292,0.23427687309300405,0.18647163017654794
Foster,1-Day,1.0,2000-02-10,4.16013637894525,0.2341889956721044,0.1791341078693266
Foster,1-Day,1.0,2000-02-11,4.155159437907923,0.23408486819272406,0.17060263374612544
Foster,1-Day,1.0,2000-02-12,4.150204179118749,0.23395014635594613,0.1614573096138549
Foster,1-Day,1.0,2000-02-13,4.145274727080301,0.2337767968294297,0.15282112409253587
Foster,1-Day,1.0,2000-02-14,4.140373335703291,0.23355175191098193,0.14548717986278278
Foster,1-Day,1.0,2000-02-15,4.135502727821044,0.2332566152402328,0.13950724593839783
Foster,1-Day,1.0,2000-02-16,4.130668309174812,0.2327810508600597,0.13619548720258895
Foster,1-Day,1.0,2000-02-17,4.125878817479448,0.2322743006035767,0.13124125033006884
Foster,1-Day,1.0,2000-02-18,4.121144472006442,0.2317230285996814,0.12710925253458377
Foster,1-Day,1.0,2000-02-19,4.116474479281435,0.23114298798510863,0.1239790992344653
Foster,1-Day,1.0,2000-02-20,4.111874747606303,0.23055155335837915,0.12209421192125812
Foster,1-Day,1.0,2000-02-21,4.107347527907228,0.22995830931269648,0.12159832433612333
Foster,1-Day,1.0,2000-02-22,4.10289345811995,0.2293649254270754,0.12248044600733025
Foster,1-Day,1.0,2000-02-23,4.098510144621729,0.22876986598163668,0.12445153694704855
Foster,1-Day,1.0,2000-02-24,4.094193970249445,0.22816568343564375,0.12715230983120157
Foster,1-Day,1.0,2000-02-25,4.089940043245817,0.2275400234318539,0.13030422117341692
Foster,1-Day,1.0,2000-02-26,4.0857410557642035,0.22688029685697775,0.13379904743172663
Foster,1-Day,1.0,2000-02-27,4.08158778992593,0.22617752238001518,0.13765410410759396
Foster,1-Day,1.0,2000-02-28,4.07747051203669,0.2254302314103965,0.14186439699660064
Foster,1-Day,1.0,2000-03-01,4.069317038207433,0.22393542882389358,0.15129990546805114
Foster,1-Day,1.0,2000-03-02,4.06527259889448,0.22329947760185365,0.1569036444321835
Foster,1-Day,1.0,2000-03-03,4.061247077086663,0.22280195081545093,0.16349266709441138
Foster,1-Day,1.0,2000-03-04,4.057243318635004,0.22246279628484422,0.17125430090651153
Foster,1-Day,1.0,2000-03-05,4.053266830697665,0.2222846149528948,0.18020325295380493
Foster,1-Day,1.0,2000-03-06,4.049324083511942,0.22226557205602906,0.1901942972425881
Foster,1-Day,1.0,2000-03-07,4.0454208883761025,0.22239667934015245,0.20095350377113494
Foster,1-Day,1.0,2000-03-08,4.041560093091438,0.22266011595425278,0.21020914808767752
Foster,1-Day,1.0,2000-03-09,4.037738416443725,0.22302382065029566,0.21825669922026783
Foster,1-Day,1.0,2000-03-10,4.033945460930829,0.2234453468097785,0.22557408268268417
Foster,1-Day,1.0,2000-03-11,4.030163093992889,0.2238856175213783,0.23263060553014042
Foster,1-Day,1.0,2000-03-12,4.026366672278373,0.22431794542927697,0.23978545308669197
Foster,1-Day,1.0,2000-03-13,4.022527834560055,0.22472932764133477,0.24726429234356775
Foster,1-Day,1.0,2000-03-14,4.018620764409123,0.22519476646770745,0.25434938668598256
Foster,1-Day,1.0,2000-03-15,4.0146264973098065,0.22562011472605858,0.26209776891425496
Foster,1-Day,1.0,2000-03-16,4.010532325477173,0.22603522703928983,0.27023027920903325
Foster,1-Day,1.0,2000-03-17,4.006330738088836,0.2264631014701569,0.2785233328690636
Foster,1-Day,1.0,2000-03-18,4.00201732500904,0.22692420415349474,0.28676945747593746
Foster,1-Day,1.0,2000-03-19,3.997589405211655,0.2274211576016175,0.2949455495788684
Foster,1-Day,1.0,2000-03-20,3.993045978503937,0.22794543574582804,0.30314257733806316
Foster,1-Day,1.0,2000-03-21,3.988389345375848,0.22848561608463155,0.30783706682288875
Foster,1-Day,1.0,2000-03-22,3.9836326745887516,0.2290131993328296,0.3106531797470103
Foster,1-Day,1.0,2000-03-23,3.978794833744233,0.22948089470635935,0.3128105495665794
Foster,1-Day,1.0,2000-03-24,3.9738942427133037,0.22984165904741247,0.313998629165566
Foster,1-Day,1.0,2000-03-25,3.9689485154778055,0.23006918026041887,0.3141616934806183
Foster,1-Day,1.0,2000-03-26,3.9639729798649546,0.23016469055597258,0.31357848839925345
Foster,1-Day,1.0,2000-03-27,3.9589783562849052,0.23016159873439396,0.31269599117337094
Foster,1-Day,1.0,2000-03-28,3.953968332519046,0.2301198552991591,0.31190416367641255
Foster,1-Day,1.0,2000-03-29,3.9489384046151823,0.23010417201828703,0.31142796025016695
Foster,1-Day,1.0,2000-03-30,3.9438764419369825,0.23016140276149413,0.3113735800161875
Foster,1-Day,1.0,2000-03-31,3.938767035209138,0.23031256727243377,0.31181054503862227
Foster,1-Day,1.0,2000-04-01,3.9335944980719746,0.2305534077568531,0.31272998278585895
Foster,1-Day,1.0,2000-04-02,3.9283436257411237,0.23085610949736973,0.31398369934735
Foster,1-Day,1.0,2000-04-03,3.922998577426954,0.2311751514037133,0.3152781054291575
Foster,1-Day,1.0,2000-04-04,3.917545485144801,0.2314701669551733,0.31623084662741757
Foster,1-Day,1.0,2000-04-05,3.911977020928935,0.23171436935969444,0.31646692310729796
Foster,1-Day,1.0,2000-04-06,3.9062947338486764,0.2319236044932274,0.3156805827066848
Foster,1-Day,1.0,2000-04-07,3.9005069732464652,0.2321726466881933,0.3136746519644278
Foster,1-Day,1.0,2000-04-08,3.8946229913683275,0.23256436783972784,0.31040565331256414
Foster,1-Day,1.0,2000-04-09,3.8886526694160706,0.2331623567207649,0.30589709997924086
Foster,1-Day,1.0,2000-04-10,3.8826073377360277,0.2339666549129178,0.30027392329910263
Foster,1-Day,1.0,2000-04-11,3.876496144869582,0.23494917791995723,0.29374808637749517
Foster,1-Day,1.0,2000-04-12,3.870324825881122,0.23608389502565863,0.2865802227415201
Foster,1-Day,1.0,2000-04-13,3.8640992982006668,0.2373534296470302,0.2789630997373566
Foster,1-Day,1.0,2000-04-14,3.8578260800117614,0.2387221012817209,0.2708459755527861
Foster,1-Day,1.0,2000-04-15,3.8515094030727486,0.24012982890963608,0.2619604867039886
Foster,1-Day,1.0,2000-04-16,3.8451492550449826,0.2415305484036245,0.2520977315806679
Foster,1-Day,1.0,2000-04-17,3.838740770499165,0.24291374022997675,0.24116352167013708
Foster,1-Day,1.0,2000-04-18,3.83227486190029,0.2442703205454799,0.22888630320727857
Foster,1-Day,1.0,2000-04-19,3.825737766228913,0.24558408740258778,0.21475048042424363
Foster,1-Day,1.0,2000-04-20,3.81910988644189,0.2468393396579067,0.1983109849078377
Foster,1-Day,1.0,2000-04-21,3.8123710636165793,0.24803155943663824,0.17963656162946925
Foster,1-Day,1.0,2000-04-22,3.8055058940096225,0.2491677621601833,0.1593760743157609
Foster,1-Day,1.0,2000-04-23,3.798505947507012,0.2502576372913477,0.13828590666127796
Foster,1-Day,1.0,2000-04-24,3.7913693874381935,0.2513087530886584,0.11678922782502774
Foster,1-Day,1.0,2000-04-25,3.7840994883809382,0.25232436006967107,0.09497140459417315
Foster,1-Day,1.0,2000-04-26,3.776704632383101,0.25331002863582097,0.07278592723627514
Foster,1-Day,1.0,2000-04-27,3.769003756629982,0.25429186141144094,0.050114577054504963
Foster,1-Day,1.0,2000-04-28,3.7612487890480564,0.25530916627005273,0.026983330098737872
Foster,1-Day,1.0,2000-04-29,3.7534784023588483,0.25640228293307266,0.0037259680101191916
Foster,1-Day,1.0,2000-04-30,3.74570531945782,0.2575987628722913,-0.0192572388284076
Foster,1-Day,1.0,2000-05-01,3.7379331462625265,0.25890694264357256,-0.04183136798433187
Foster,1-Day,1.0,2000-05-02,3.730162752508474,0.2603249175920567,-0.06402540378172919
Foster,1-Day,1.0,2000-05-03,3.722393908895671,0.2622123573510875,-0.08032965299394683
Foster,1-Day,1.0,2000-05-04,3.714625759769119,0.264134576553417,-0.09465527886852154
Foster,1-Day,1.0,2000-05-05,3.706857061990678,0.2660561750985679,-0.1081112172407878
Foster,1-Day,1.0,2000-05-06,3.6990863135205805,0.2679814142983496,-0.12101420767859697
Foster,1-Day,1.0,2000-05-07,3.691311823305909,0.2699171863697179,-0.13347473493107698
Foster,1-Day,1.0,2000-05-08,3.6835317485828463,0.2718688592116366,-0.14553835880707358
Foster,1-Day,1.0,2000-05-09,3.675744194143139,0.27384085110488265,-0.15721616828052726
Foster,1-Day,1.0,2000-05-10,3.6679475022510286,0.27583664203015795,-0.16849295238482667
Foster,1-Day,1.0,2000-05-11,3.660140427519521,0.2778594036431927,-0.17933643198391688
Foster,1-Day,1.0,2000-05-12,3.652322115371737,0.27991205527138713,-0.18970901933799603
Foster,1-Day,1.0,2000-05-13,3.644492077466132,0.28199673585192286,-0.19958019405782745
Foster,1-Day,1.0,2000-05-14,3.6366502481276024,0.2841143813032002,-0.20893715778605798
Foster,1-Day,1.0,2000-05-15,3.628796912077541,0.286264509531167,-0.2177900524072831
Foster,5-Day,5.0,2000-01-01,4.1553234966557335,0.1764495089263656,-0.07457362049017506
Foster,5-Day,5.0,2000-01-02,4.151737740840316,0.17651125777171287,-0.06097208423798769
Foster,5-Day,5.0,2000-01-03,4.148130675202456,0.17657393991963652,-0.047323008598566724
Foster,5-Day,5.0,2000-01-04,4.144502489478242,0.1766408917088461,-0.03366747235021691
Foster,5-Day,5.0,2000-01-05,4.140854177678234,0.17671398995549611,-0.02003276003682043
Foster,5-Day,5.0,2000-01-06,4.137187567223609,0.1773318960792764,-0.013
Foster,5-Day,5.0,2000-01-07,4.1335051553272475,0.17853070804481125,-0.013
Foster,5-Day,5.0,2000-01-08,4.129809689620047,0.17973376968829366,-0.013
Foster,5-Day,5.0,2000-01-09,4.126103689165904,0.1809402609265755,-0.013
Foster,5-Day,5.0,2000-01-10,4.122389362758575,0.18214946268518592,-0.013
Foster,5-Day,5.0,2000-01-11,4.118668805075084,0.1833606930404428,-0.013
Foster,5-Day,5.0,2000-01-12,4.114943956607734,0.18457332026361573,-0.013
Foster,5-Day,5.0,2000-01-13,4.111216444178119,0.1857868147417099,-0.013
Foster,5-Day,5.0,2000-01-14,4.107487582434156,0.1870007484901058,-0.013
Foster,5-Day,5.0,2000-01-15,4.103758038117939,0.1882149044504132,-0.013
Foster,5-Day,5.0,2000-01-16,4.100027124862757,0.18942950606983114,-0.013
Foster,5-Day,5.0,2000-01-17,4.09629131447677,0.19064570195387026,-0.013
Foster,5-Day,5.0,2000-01-18,4.092540507500006,0.19186677998932838,-0.013
Foster,5-Day,5.0,2000-01-19,4.088748766014082,0.1931011842850651,-0.013
Foster,5-Day,5.0,2000-01-20,4.084858236962906,0.19436774894705192,-0.013
Foster,5-Day,5.0,2000-01-21,4.080614261793064,0.19574937825909783,-0.013
Foster,5-Day,5.0,2000-01-22,4.076276860862306,0.1971614223983263,-0.013
Foster,5-Day,5.0,2000-01-23,4.0718630953387365,0.1985983270872722,-0.013
Foster,5-Day,5.0,2000-01-24,4.0673923274265,0.20005378894754916,-0.013
Foster,5-Day,5.0,2000-01-25,4.062885179959034,0.20152109419928682,-0.013
Foster,5-Day,5.0,2000-01-26,4.058361343973973,0.2029938324104519,-0.013
Foster,5-Day,5.0,2000-01-27,4.053835360622359,0.20387202223116951,-0.006701121814762953
Foster,5-Day,5.0,2000-01-28,4.049316733883502,0.20405028148828958,0.006950999618146123
Foster,5-Day,5.0,2000-01-29,4.044814973810233,0.20432928902544142,0.019429605228514883
Foster,5-Day,5.0,2000-01-30,4.0403426521643,0.2047179005010925,0.030586755255206644
Foster,5-Day,5.0,2000-01-31,4.035911629122408,0.20518493943685615,0.04070971644117161
Foster,5-Day,5.0,2000-02-01,4.031530271968425,0.20568837409685203,0.050219584935137326
Foster,5-Day,5.0,2000-02-02,4.027201722238791,0.20620308464616616,0.0593767452846236
Foster,5-Day,5.0,2000-02-03,4.02292269218437,0.2067021436478386,0.06848422440748576
Foster,5-Day,5.0,2000-02-04,4.018686874656119,0.20715390592571126,0.07790723838946072
Foster,5-Day,5.0,2000-02-05,4.014486060642208,0.20753200914193054,0.08796229437050845
Foster,5-Day,5.0,2000-02-06,4.010309370412225,0.20782978725134985,0.09876441013597848
Foster,5-Day,5.0,2000-02-07,4.006145493367132,0.2080647366155076,0.11016926907744276
Foster,5-Day,5.0,2000-02-08,4.001986217321632,0.20827116324117764,0.1218372224757625
Foster,5-Day,5.0,2000-02-09,3.997830058460232,0.20847972239144089,0.13344120068237403
Foster,5-Day,5.0,2000-02-10,3.9936820812185547,0.20870277972414703,0.14482863764103812
Foster,5-Day,5.0,2000-02-11,3.9895508988069364,0.2089321952369415,0.14279130013044122
Foster,5-Day,5.0,2000-02-12,3.9854447901225036,0.20914580080879494,0.13286704968714083
Foster,5-Day,5.0,2000-02-13,3.981370694841753,0.20931524721545902,0.12254526921759513
Foster,5-Day,5.0,2000-02-14,3.977333864760112,0.209403523871646,0.11222173311012851
Foster,5-Day,5.0,2000-02-15,3.9733359676130187,0.20936784619261958,0.10253169119320397
Foster,5-Day,5.0,2000-02-16,3.969377491558858,0.20901139174718886,0.09997241645498209
Foster,5-Day,5.0,2000-02-17,3.9654597751632488,0.20863247440847055,0.09255970206990899
Foster,5-Day,5.0,2000-02-18,3.961586594097407,0.20810197532697097,0.08583660697082418
Foster,5-Day,5.0,2000-02-19,3.9577643483437606,0.20743374936572453,0.08031604234720839
Foster,5-Day,5.0,2000-02-20,3.9540012693511324,0.20665471784123748,0.0764008817446834
Foster,5-Day,5.0,2000-02-21,3.9503037827363614,0.20578697786467823,0.074063114712788
Foster,5-Day,5.0,2000-02-22,3.9466770684678756,0.2048424083408629,0.07338854476907448
Foster,5-Day,5.0,2000-02-23,3.9431239492844905,0.2038436463642954,0.07433370174545162
Foster,5-Day,5.0,2000-02-24,3.9396454122824167,0.20282214838660617,0.07674707100880816
Foster,5-Day,5.0,2000-02-25,3.9362406316838743,0.20180187336075972,0.08052592311345984
Foster,5-Day,5.0,2000-02-26,3.9329065200768514,0.20080098688563283,0.08551823182548575
Foster,5-Day,5.0,2000-02-27,3.9296366989805853,0.19982764858838484,0.09154704809035746
Foster,5-Day,5.0,2000-02-28,3.926420969634046,0.19886444260149141,0.09797787149112239
Foster,5-Day,5.0,2000-03-01,3.92011925745087,0.19689793145000167,0.10988988989772043
Foster,5-Day,5.0,2000-03-02,3.9170197585936273,0.19588859644795342,0.11482697144720903
Foster,5-Day,5.0,2000-03-03,3.91394622996864,0.19489132601624762,0.11925669977918467
Foster,5-Day,5.0,2000-03-04,3.9108992685695863,0.19394499894559672,0.12372651110441864
Foster,5-Day,5.0,2000-03-05,3.907884843450991,0.1930947887194514,0.1289874885694661
Foster,5-Day,5.0,2000-03-06,3.904913142309187,0.19238717761271995,0.13584469614442823
Foster,5-Day,5.0,2000-03-07,3.9019969152782235,0.1918525185612797,0.1448513460795691
Foster,5-Day,5.0,2000-03-08,3.899147421044349,0.19149303862773148,0.1561265741328818
Foster,5-Day,5.0,2000-03-09,3.8963673717916207,0.1912828066695832,0.1687577767202761
Foster,5-Day,5.0,2000-03-10,3.893648637181823,0.19117004101035878,0.180000943442259
Foster,5-Day,5.0,2000-03-11,3.8909746439619424,0.19108927979835513,0.19069843348141263
Foster,5-Day,5.0,2000-03-12,3.888324764932999,0.19098123764786498,0.20164765653605843
Foster,5-Day,5.0,2000-03-13,3.8856738765828913,0.19080937445340762,0.21339590560538238
Foster,5-Day,5.0,2000-03-14,3.8829938591550937,0.1906577591970008,0.2250149294433235
Foster,5-Day,5.0,2000-03-15,3.880258081504619,0.1903593226890267,0.23682017228776847
Foster,5-Day,5.0,2000-03-16,3.8774415154070665,0.18999969513887816,0.2406813240808751
Foster,5-Day,5.0,2000-03-17,3.8745202778046024,0.18963048024521922,0.2424791071053942
Foster,5-Day,5.0,2000-03-18,3.8714730429863837,0.18931270094663488,0.2427435616729364
Foster,5-Day,5.0,2000-03-19,3.8682815090118896,0.18908241259980435,0.24236199914316006
Foster,5-Day,5.0,2000-03-20,3.8649310159238635,0.18894359911376715,0.2420419967112305
Foster,5-Day,5.0,2000-03-21,3.861411606532573,0.18888114978198334,0.24206205715667647
Foster,5-Day,5.0,2000-03-22,3.8577280326810532,0.1888797498614409,0.24213065839893466
Foster,5-Day,5.0,2000-03-23,3.853895709296878,0.1889051060658766,0.2412114105912694
Foster,5-Day,5.0,2000-03-24,3.8499312159991304,0.18890377538425665,0.23800921355884064
Foster,5-Day,5.0,2000-03-25,3.8458508558753075,0.1888315828629014,0.23211118663891817
Foster,5-Day,5.0,2000-03-26,3.8416733672438355,0.18868343862210854,0.22422084514680327
Foster,5-Day,5.0,2000-03-27,3.837421085204973,0.1884921634684495,0.21562688801758154
Foster,5-Day,5.0,2000-03-28,3.833113948487901,0.18832151187174404,0.20791823524031147
Foster,5-Day,5.0,2000-03-29,3.828763705887561,0.18823775802297896,0.2023246537880171
Foster,5-Day,5.0,2000-03-30,3.8243700718335014,0.18828665444953446,0.1991963025928154
Foster,5-Day,5.0,2000-03-31,3.819922464265558,0.18847043376176262,0.19820399985715706
Foster,5-Day,5.0,2000-04-01,3.815407810039635,0.18877363750772228,0.19880532376585458
Foster,5-Day,5.0,2000-04-02,3.8108147894668845,0.1891772063963545,0.2005217486213923
Foster,5-Day,5.0,2000-04-03,3.806130849254043,0.18965514846032913,0.20284277926836813
Foster,5-Day,5.0,2000-04-04,3.801340026699351,0.19016898684078654,0.20555205241871666
Foster,5-Day,5.0,2000-04-05,3.796428063728613,0.1906590442651112,0.20843369206143714
Foster,5-Day,5.0,2000-04-06,3.791388541797024,0.1911084018066601,0.2114098583633797
Foster,5-Day,5.0,2000-04-07,3.7862254487247085,0.19158967321844705,0.21432015252667044
Foster,5-Day,5.0,2000-04-08,3.780947440771175,0.19223326961893866,0.21699303816005705
Foster,5-Day,5.0,2000-04-09,3.7755682505293557,0.19312442428389764,0.2191320773842212
Foster,5-Day,5.0,2000-04-10,3.7701086986114305,0.1942514263667433,0.2203127153549494
Foster,5-Day,5.0,2000-04-11,3.764587752004362,0.19555257419320293,0.22010804845164625
Foster,5-Day,5.0,2000-04-12,3.7590183688672814,0.19697723468324685,0.218340434691418
Foster,5-Day,5.0,2000-04-13,3.753410946908112,0.19852634225167423,0.2151700744955405
Foster,5-Day,5.0,2000-04-14,3.747775939008726,0.2002083609244189,0.2108513253781979
Foster,5-Day,5.0,2000-04-15,3.7421227643853823,0.20199895651863647,0.2054695031374315
Foster,5-Day,5.0,2000-04-16,3.7364601588925015,0.20385413069958255,0.1989317409840864
Foster,5-Day,5.0,2000-04-17,3.7307955478346915,0.20574818617686524,0.19115943114327408
Foster,5-Day,5.0,2000-04-18,3.7251329256000947,0.20766233289537261,0.1819552221175198
Foster,5-Day,5.0,2000-04-19,3.719467713040745,0.20957190583666266,0.17093537913367807
Foster,5-Day,5.0,2000-04-20,3.7137821885226456,0.21145407099227903,0.15780012693103299
Foster,5-Day,5.0,2000-04-21,3.708051134472724,0.2133124990396143,0.14260099711737897
Foster,5-Day,5.0,2000-04-22,3.7022492054294585,0.2151601867493233,0.12547926503649137
Foster,5-Day,5.0,2000-04-23,3.6963563609527235,0.21699401551154252,0.10640085605437433
Foster,5-Day,5.0,2000-04-24,3.6903608866774555,0.2188072023930612,0.08555463726813385
Foster,5-Day,5.0,2000-04-25,3.684258281963142,0.22060473487014323,0.06341494419742899
Foster,5-Day,5.0,2000-04-26,3.6780490331861473,0.2223894814904799,0.04059530200679232
Foster,5-Day,5.0,2000-04-27,3.671573004523723,0.2241540864288416,0.01747283330503669
Foster,5-Day,5.0,2000-04-28,3.66501706194354,0.2258787218506801,-0.005887120778893123
Foster,5-Day,5.0,2000-04-29,3.6584367173269308,0.22755167832692202,-0.029675921107783644
Foster,5-Day,5.0,2000-04-30,3.651852422095234,0.22918357098002087,-0.05383944138782082
Foster,5-Day,5.0,2000-05-01,3.6452709567708164,0.23079435410088392,-0.07820749854951697
Foster,5-Day,5.0,2000-05-02,3.63869465164674,0.23240669417158658,-0.10268195127398208
Foster,5-Day,5.0,2000-05-03,3.632123941278915,0.2342019966748362,-0.1254839540164577
Foster,5-Day,5.0,2000-05-04,3.6255581839959996,0.2360711550088471,-0.1464272104834967
Foster,5-Day,5.0,2000-05-05,3.6189960332930036,0.2379662082073815,-0.1669728062693767
Foster,5-Day,5.0,2000-05-06,3.612435657164128,0.23987370353802595,-0.1874441902801386
Foster,5-Day,5.0,2000-05-07,3.6058748669476897,0.24179169725893004,-0.20785711049225536
Foster,5-Day,5.0,2000-05-08,3.599311213135125,0.2437206973079504,-0.22817390765993392
Foster,5-Day,5.0,2000-05-09,3.592742067401298,0.24566180811314162,-0.2483547569461933
Foster,5-Day,5.0,2000-05-10,3.586164924727684,0.24761601554165383,-0.268348941936202
Foster,5-Day,5.0,2000-05-11,3.5795776220006785,0.2495844625459679,-0.28809038283887456
Foster,5-Day,5.0,2000-05-12,3.5729783966440958,0.25156848001307447,-0.30750598572230803
Foster,5-Day,5.0,2000-05-13,3.566365887328526,0.2535689518611052,-0.32653076307354495
Foster,5-Day,5.0,2000-05-14,3.5597392783489687,0.2555864244173746,-0.34512380230547524
Foster,5-Day,5.0,2000-05-15,3.55309834333583,0.25762173140722755,-0.3632750271898912
Green Peter,1-Day,1.0,2000-01-01,4.160637730281837,0.20372299216409115,-0.10663248630688489
Green Peter,1-Day,1.0,2000-01-02,4.156054166136891,0.2039997531751226,-0.09354753649211962
Green Peter,1-Day,1.0,2000-01-03,4.151457321007309,0.20428080463742254,-0.08051302450957888
Green Peter,1-Day,1.0,2000-01-04,4.146847692885973,0.2045669191635214,-0.06753862247746098
Green Peter,1-Day,1.0,2000-01-05,4.142226415070072,0.20485902879160167,-0.05463794797670846
Green Peter,1-Day,1.0,2000-01-06,4.137595175316211,0.205157983839281,-0.041825775825180204
Green Peter,1-Day,1.0,2000-01-07,4.132955963258841,0.2054643332454522,-0.029114838021198696
Green Peter,1-Day,1.0,2000-01-08,4.1283107637876055,0.20577830780201326,-0.01651453152171722
Green Peter,1-Day,1.0,2000-01-09,4.123661320657476,0.2061000659729399,-0.004032638816537432
Green Peter,1-Day,1.0,2000-01-10,4.119009173518428,0.2064300563997967,0.008320728921325984
Green Peter,1-Day,1.0,2000-01-11,4.114355711216753,0.2067691794659579,0.020531188974901405
Green Peter,1-Day,1.0,2000-01-12,4.109702061754436,0.20711698535474918,0.03259949211307364
Green Peter,1-Day,1.0,2000-01-13,4.105048966882186,0.20747179474067048,0.04454086605373083
Green Peter,1-Day,1.0,2000-01-14,4.100396582066517,0.20784008701252016,0.05628574067412015
Green Peter,1-Day,1.0,2000-01-15,4.095744111194979,0.2084442744915237,0.06546076356776265
Green Peter,1-Day,1.0,2000-01-16,4.09108926790044,0.2090734967515707,0.07431814109606921
Green Peter,1-Day,1.0,2000-01-17,4.086427252037039,0.2097030317697456,0.0831381177515882
Green Peter,1-Day,1.0,2000-01-18,4.081748604445038,0.21031202721725856,0.09217529438465567
Green Peter,1-Day,1.0,2000-01-19,4.077034251611966,0.2108922564943073,0.10158120317623462
Green Peter,1-Day,1.0,2000-01-20,4.072247726003784,0.21205017737859017,0.105
Green Peter,1-Day,1.0,2000-01-21,4.067261801438825,0.21358885487416523,0.105
Green Peter,1-Day,1.0,2000-01-22,4.0622234750496595,0.21514370379523667,0.105
Green Peter,1-Day,1.0,2000-01-23,4.057146873751883,0.21671036451565592,0.105
Green Peter,1-Day,1.0,2000-01-24,4.052048720943134,0.21828367612388916,0.105
Green Peter,1-Day,1.0,2000-01-25,4.046945511436537,0.21985854825055337,0.105
Green Peter,1-Day,1.0,2000-01-26,4.041850391603874,0.2214309238694855,0.105
Green Peter,1-Day,1.0,2000-01-27,4.036771493337206,0.22299829344456396,0.105
Green Peter,1-Day,1.0,2000-01-28,4.031713235246872,0.2245592933728419,0.105
Green Peter,1-Day,1.0,2000-01-29,4.026678539933652,0.22611302172856304,0.105
Green Peter,1-Day,1.0,2000-01-30,4.021668204360564,0.22765923256492893,0.105
Green Peter,1-Day,1.0,2000-01-31,4.016679025393164,0.22919891438291856,0.105
Green Peter,1-Day,1.0,2000-02-01,4.011703913008547,0.22972484540661006,0.11492069283778603
Green Peter,1-Day,1.0,2000-02-02,4.006732781268352,0.23012575521622586,0.12601511144925948
Green Peter,1-Day,1.0,2000-02-03,4.001754461320894,0.23043377231827641,0.1380080983221797
Green Peter,1-Day,1.0,2000-02-04,3.9967591169417798,0.23063586540479625,0.15106873625948095
Green Peter,1-Day,1.0,2000-02-05,3.9917385596900115,0.23073629696737444,0.16519250954233808
Green Peter,1-Day,1.0,2000-02-06,3.9866877022379783,0.23075861806662928,0.18017308373536295
Green Peter,1-Day,1.0,2000-02-07,3.981605396831695,0.230735636112823,0.19569512269151848
Green Peter,1-Day,1.0,2000-02-08,3.976495379398831,0.23069854287833053,0.20122917325169323
Green Peter,1-Day,1.0,2000-02-09,3.9713646634720132,0.23066430046874067,0.19539576260567643
Green Peter,1-Day,1.0,2000-02-10,3.9662221388882632,0.2306269324279836,0.18877719073933802
Green Peter,1-Day,1.0,2000-02-11,3.9610773072238468,0.23056877859401373,0.1815047102270119
Green Peter,1-Day,1.0,2000-02-12,3.955937577749325,0.23047728642765675,0.17451753207971268
Green Peter,1-Day,1.0,2000-02-13,3.950808084166551,0.2303404309533165,0.16921918209121606
Green Peter,1-Day,1.0,2000-02-14,3.9456934072537053,0.2301417765786868,0.16654925308008472
Green Peter,1-Day,1.0,2000-02-15,3.940600594590993,0.22986222674127485,0.16640716696037938
Green Peter,1-Day,1.0,2000-02-16,3.9355404616812444,0.22940666374600063,0.16956662517138657
Green Peter,1-Day,1.0,2000-02-17,3.930527398274022,0.22890869611729936,0.1711151601801904
Green Peter,1-Day,1.0,2000-02-18,3.92557570529523,0.228371196979382,0.17374062668934834
Green Peter,1-Day,1.0,2000-02-19,3.9206957593309126,0.22781288692681875,0.17729934082054713
Green Peter,1-Day,1.0,2000-02-20,3.915891624314178,0.22725065665807775,0.18177473177599138
Green Peter,1-Day,1.0,2000-02-21,3.9111623071555237,0.22669520231563656,0.18711766626601933
Green Peter,1-Day,1.0,2000-02-22,3.9065056689470086,0.22615101903706383,0.19322088155249698
Green Peter,1-Day,1.0,2000-02-23,3.901916984280725,0.2256174352884189,0.19980621874557147
Green Peter,1-Day,1.0,2000-02-24,3.8973904950183553,0.2250832084641871,0.20663115254168996
Green Peter,1-Day,1.0,2000-02-25,3.892919063087861,0.22453076047876022,0.21353815520717684
Green Peter,1-Day,1.0,2000-02-26,3.888492796248719,0.22394302728596205,0.22046548037654867
Green Peter,1-Day,1.0,2000-02-27,3.88410044952274,0.22330817656637145,0.22744048837438288
Green Peter,1-Day,1.0,2000-02-28,3.8797311387223132,0.22262295875358984,0.23453062152862192
Green Peter,1-Day,1.0,2000-03-01,3.8710379094506857,0.22126180077263263,0.24937900112732372
Green Peter,1-Day,1.0,2000-03-02,3.8667122861433696,0.22070644485222707,0.25739786309794893
Green Peter,1-Day,1.0,2000-03-03,3.8624055996844913,0.22030287239859753,0.2659623278616057
Green Peter,1-Day,1.0,2000-03-04,3.858127230108832,0.2200773378164922,0.27511283682823745
Green Peter,1-Day,1.0,2000-03-05,3.85388829471628,0.22003846646958303,0.2847769930425682
Green Peter,1-Day,1.0,2000-03-06,3.849699177524857,0.22018414386264282,0.2947626144111545
Green Peter,1-Day,1.0,2000-03-07,3.8455670485313465,0.22049802102428748,0.30426588711872327
Green Peter,1-Day,1.0,2000-03-08,3.8414930215274854,0.22094910891849437,0.3120374976617448
Green Peter,1-Day,1.0,2000-03-09,3.837468147734444,0.22149493685539054,0.3185728056986447
Green Peter,1-Day,1.0,2000-03-10,3.8334732945496373,0.22209059365038475,0.3244298161539159
Green Peter,1-Day,1.0,2000-03-11,3.8294812738539474,0.222696762385714,0.3301297103608147
Green Peter,1-Day,1.0,2000-03-12,3.825460137655105,0.22328741764104187,0.33605980406981795
Green Peter,1-Day,1.0,2000-03-13,3.82137759167045,0.22385175831258874,0.34243864362477294
Green Peter,1-Day,1.0,2000-03-14,3.8172072727608004,0.22446980734323255,0.3484358809626851
Green Peter,1-Day,1.0,2000-03-15,3.812932050173559,0.22504629646964935,0.34829474586417986
Green Peter,1-Day,1.0,2000-03-16,3.8085426215959988,0.22563231957416224,0.3466021063593251
Green Peter,1-Day,1.0,2000-03-17,3.8040354071775524,0.22625865433903317,0.3434453250102946
Green Peter,1-Day,1.0,2000-03-18,3.799409344448914,0.22694353859699226,0.33901666933896224
Green Peter,1-Day,1.0,2000-03-19,3.794663681117445,0.22768120374845496,0.333549535294347
Green Peter,1-Day,1.0,2000-03-20,3.789799304934294,0.2284575495841709,0.3273853526974006
Green Peter,1-Day,1.0,2000-03-21,3.784821303555316,0.22925750655970772,0.32079082706880285
Green Peter,1-Day,1.0,2000-03-22,3.779745525880509,0.23004623112505784,0.31379126226180726
Green Peter,1-Day,1.0,2000-03-23,3.774592215575621,0.23076415362691888,0.3061460036589119
Green Peter,1-Day,1.0,2000-03-24,3.769380284793598,0.23135409829430748,0.29757079181987744
Green Peter,1-Day,1.0,2000-03-25,3.7641277913577174,0.23178843759670656,0.2881052002466734
Green Peter,1-Day,1.0,2000-03-26,3.758850164876801,0.23207534873219618,0.27820963014392025
Green Peter,1-Day,1.0,2000-03-27,3.753556562253036,0.2322582544967678,0.2685034204901879
Green Peter,1-Day,1.0,2000-03-28,3.7482478380244997,0.23240436562176722,0.2594600010491394
Green Peter,1-Day,1.0,2000-03-29,3.742915849636096,0.23258101127349778,0.2513047271165631
Green Peter,1-Day,1.0,2000-03-30,3.7375459162046725,0.23283798873104597,0.24415210988697658
Green Peter,1-Day,1.0,2000-03-31,3.7321206061614793,0.23319601770684506,0.23805802436422074
Green Peter,1-Day,1.0,2000-04-01,3.7266223364843176,0.23364372763579663,0.23299743158870578
Green Peter,1-Day,1.0,2000-04-02,3.7210329607482757,0.2341434836836391,0.2288641727200451
Green Peter,1-Day,1.0,2000-04-03,3.715333422985378,0.23464327995364642,0.22551334311446203
Green Peter,1-Day,1.0,2000-04-04,3.709506703877079,0.23509744535066068,0.2227881997826955
Green Peter,1-Day,1.0,2000-04-05,3.7035434669591516,0.2354821297232312,0.22054547106781178
Green Peter,1-Day,1.0,2000-04-06,3.6974451877666636,0.2358247131126412,0.21862287834046085
Green Peter,1-Day,1.0,2000-04-07,3.6912221506544203,0.23621168794494338,0.21682962911854914
Green Peter,1-Day,1.0,2000-04-08,3.684887651775506,0.23674407936191544,0.21504754995415282
Green Peter,1-Day,1.0,2000-04-09,3.6784542668581595,0.237476228854105,0.21310766325191935
Green Peter,1-Day,1.0,2000-04-10,3.671933237384317,0.2384007487100924,0.21093949848355434
Green Peter,1-Day,1.0,2000-04-11,3.6653342536739424,0.23948076286002826,0.20858714357179875
Green Peter,1-Day,1.0,2000-04-12,3.658665155978147,0.24068239427633398,0.20613197883114537
Green Peter,1-Day,1.0,2000-04-13,3.651934873385804,0.24198656111622618,0.20361912904117752
Green Peter,1-Day,1.0,2000-04-14,3.645152971933621,0.24335250138842573,0.20087270315768624
Green Peter,1-Day,1.0,2000-04-15,3.638325485524421,0.24471629975860532,0.19762710432563813
Green Peter,1-Day,1.0,2000-04-16,3.631452919998415,0.24603384984135662,0.19362660336073098
Green Peter,1-Day,1.0,2000-04-17,3.624530371003372,0.24729662841914613,0.1886031800341283
Green Peter,1-Day,1.0,2000-04-18,3.61754748494088,0.2484972593607659,0.18198897457545407
Green Peter,1-Day,1.0,2000-04-19,3.6104887189334613,0.2496218465863491,0.17312532080047804
Green Peter,1-Day,1.0,2000-04-20,3.6033338314168453,0.2506590604888899,0.16163360035897228
Green Peter,1-Day,1.0,2000-04-21,3.59606434693046,0.2516140764278362,0.1475544039033171
Green Peter,1-Day,1.0,2000-04-22,3.5886675033158895,0.2525094417345551,0.1313711598515255
Green Peter,1-Day,1.0,2000-04-23,3.5811372440818534,0.2533636324114272,0.11378407488895173
Green Peter,1-Day,1.0,2000-04-24,3.5734722976090905,0.2541909715837812,0.09515334356415843
Green Peter,1-Day,1.0,2000-04-25,3.565675056579581,0.25500421323752354,0.07537654468634576
Green Peter,1-Day,1.0,2000-04-26,3.55775317276638,0.25581881045102933,0.05410944845145316
Green Peter,1-Day,1.0,2000-04-27,3.549576250306824,0.256665655094914,0.031101842574469494
Green Peter,1-Day,1.0,2000-04-28,3.5413424066456525,0.2575757708604913,0.00648865610918317
Green Peter,1-Day,1.0,2000-04-29,3.5330864354536327,0.25857729553311254,-0.019013034211917197
Green Peter,1-Day,1.0,2000-04-30,3.524822710132622,0.25969135106990854,-0.044392802046663446
Green Peter,1-Day,1.0,2000-05-01,3.5165573898425895,0.26093258351431386,-0.06893764063426057
Green Peter,1-Day,1.0,2000-05-02,3.508293373322324,0.2623096334766357,-0.09245151670964469
Green Peter,1-Day,1.0,2000-05-03,3.500031864236983,0.26422726660803064,-0.10978111255870493
Green Peter,1-Day,1.0,2000-05-04,3.491772978331135,0.266242519701426,-0.12618114890764248
Green Peter,1-Day,1.0,2000-05-05,3.4835161273888375,0.2682826818317947,-0.1426952866687891
Green Peter,1-Day,1.0,2000-05-06,3.475260255079779,0.27033730064160444,-0.15929152477136646
Green Peter,1-Day,1.0,2000-05-07,3.4670039656781557,0.272408782497682,-0.17584798387523654
Green Peter,1-Day,1.0,2000-05-08,3.4587456174852482,0.2745008706859001,-0.19227357269552453
Green Peter,1-Day,1.0,2000-05-09,3.450483429200366,0.2766172278086712,-0.20849176920783963
Green Peter,1-Day,1.0,2000-05-10,3.442215762603523,0.2787606764735817,-0.22442884169357022
Green Peter,1-Day,1.0,2000-05-11,3.433941277563691,0.2809339502064889,-0.24001148416798732
Green Peter,1-Day,1.0,2000-05-12,3.425658929386584,0.2831399268252885,-0.25517399818146996
Green Peter,1-Day,1.0,2000-05-13,3.4173679530250194,0.28538124784913227,-0.2698693885926018
Green Peter,1-Day,1.0,2000-05-14,3.4090679737690324,0.28765951808015366,-0.28407452804667344
Green Peter,1-Day,1.0,2000-05-15,3.4007590128098295,0.2899748011199511,-0.297793197901251
Green Peter,5-Day,5.0,2000-01-01,3.9451240603829683,0.17510061015328407,-0.016306780582393564
Green Peter,5-Day,5.0,2000-01-02,3.94163377710713,0.17501664139091858,-0.001268254338530514
Green Peter,5-Day,5.0,2000-01-03,3.938125199924761,0.1749144062327974,0.01406827356515946
Green Peter,5-Day,5.0,2000-01-04,3.9345985847142346,0.17479729028453414,0.029664363983134306
Green Peter,5-Day,5.0,2000-01-05,3.9310549881380923,0.17466793056678845,0.04548690386041116
Green Peter,5-Day,5.0,2000-01-06,3.927496257892343,0.1745277150764596,0.06151475815527234
Green Peter,5-Day,5.0,2000-01-07,3.9239247967499713,0.17437749685773118,0.07773106662822402
Green Peter,5-Day,5.0,2000-01-08,3.9203430998561264,0.17421831263361506,0.0941160322112253
Green Peter,5-Day,5.0,2000-01-09,3.9167533576385374,0.174053738800766,0.11061776013033245
Green Peter,5-Day,5.0,2000-01-10,3.91315742915499,0.1738875517426799,0.12718175827896833
Green Peter,5-Day,5.0,2000-01-11,3.9095570706488862,0.1746949691000943,0.131
Green Peter,5-Day,5.0,2000-01-12,3.905953910795268,0.17579425504482307,0.131
Green Peter,5-Day,5.0,2000-01-13,3.9023493859339444,0.1768939574389592,0.131
Green Peter,5-Day,5.0,2000-01-14,3.898744652728257,0.17799372339675618,0.131
Green Peter,5-Day,5.0,2000-01-15,3.895140285387896,0.1790933777329132,0.131
Green Peter,5-Day,5.0,2000-01-16,3.8915355797012516,0.18019313529494133,0.131
Green Peter,5-Day,5.0,2000-01-17,3.8879270969978843,0.18129404518480527,0.131
Green Peter,5-Day,5.0,2000-01-18,3.8843051490870093,0.1823990631669985,0.131
Green Peter,5-Day,5.0,2000-01-19,3.880644731762097,0.18351581776035292,0.131
Green Peter,5-Day,5.0,2000-01-20,3.8768895956687417,0.1846614700476987,0.131
Green Peter,5-Day,5.0,2000-01-21,3.8728186609634045,0.1859034691499566,0.131
Green Peter,5-Day,5.0,2000-01-22,3.8686561775932415,0.18717339878113676,0.131
Green Peter,5-Day,5.0,2000-01-23,3.8644185121888137,0.18846626565543687,0.131
Green Peter,5-Day,5.0,2000-01-24,3.8601243467305824,0.18977637009830076,0.131
Green Peter,5-Day,5.0,2000-01-25,3.855792104525311,0.1910980913537799,0.131
Green Peter,5-Day,5.0,2000-01-26,3.8514375225067807,0.19242662824989704,0.131
Green Peter,5-Day,5.0,2000-01-27,3.847069920130463,0.19375913751940105,0.131
Green Peter,5-Day,5.0,2000-01-28,3.842695090886409,0.195093851629952,0.131
Green Peter,5-Day,5.0,2000-01-29,3.8383210780221875,0.19642831667107266,0.131
Green Peter,5-Day,5.0,2000-01-30,3.833961147889315,0.19775848522046618,0.131
Green Peter,5-Day,5.0,2000-01-31,3.829628804616633,0.19908023731058988,0.131
Green Peter,5-Day,5.0,2000-02-01,3.825334205722179,0.2003904739902683,0.131
Green Peter,5-Day,5.0,2000-02-02,3.821081129263922,0.20168804261402185,0.131
Green Peter,5-Day,5.0,2000-02-03,3.816866357922119,0.20297392475210269,0.131
Green Peter,5-Day,5.0,2000-02-04,3.8126821395527157,0.20376608795149515,0.13642233869009762
Green Peter,5-Day,5.0,2000-02-05,3.808517532566339,0.20424493931163365,0.14524830508550043
Green Peter,5-Day,5.0,2000-02-06,3.8043590227543707,0.2046262084089143,0.15510617160174592
Green Peter,5-Day,5.0,2000-02-07,3.800193276805302,0.2049319876954095,0.16579888044482033
Green Peter,5-Day,5.0,2000-02-08,3.796011157837124,0.205200992829079,0.17692617800248914
Green Peter,5-Day,5.0,2000-02-09,3.791811457383018,0.205469410255198,0.18808516655095248
Green Peter,5-Day,5.0,2000-02-10,3.787600365969493,0.20575476407162824,0.18189141302013057
Green Peter,5-Day,5.0,2000-02-11,3.7833878735329938,0.2060513333139077,0.171126860449962
Green Peter,5-Day,5.0,2000-02-12,3.779183410925637,0.20633690004497773,0.1606540229073152
Green Peter,5-Day,5.0,2000-02-13,3.774995263656187,0.2065799044630639,0.15057938414853714
Green Peter,5-Day,5.0,2000-02-14,3.770830108164655,0.20672946341853163,0.1414567417768933
Green Peter,5-Day,5.0,2000-02-15,3.7666915140324826,0.2067243394703776,0.13383897497421515
Green Peter,5-Day,5.0,2000-02-16,3.76258218140586,0.2063035281086004,0.1345173631699277
Green Peter,5-Day,5.0,2000-02-17,3.758506246426357,0.20588738398164672,0.13002546317344094
Green Peter,5-Day,5.0,2000-02-18,3.7544700548578933,0.20530173544831476,0.12676667777932024
Green Peter,5-Day,5.0,2000-02-19,3.7504822640734377,0.2045652646846807,0.12484825985465939
Green Peter,5-Day,5.0,2000-02-20,3.746552554278799,0.20370701101483452,0.12418860182160121
Green Peter,5-Day,5.0,2000-02-21,3.7426875289513304,0.20275378377541659,0.12458280016673981
Green Peter,5-Day,5.0,2000-02-22,3.7388922446581114,0.20172660770684345,0.1262542384654385
Green Peter,5-Day,5.0,2000-02-23,3.7351697972776243,0.2006562112608046,0.1293162571826302
Green Peter,5-Day,5.0,2000-02-24,3.731521518305324,0.199578145463815,0.13370448410969776
Green Peter,5-Day,5.0,2000-02-25,3.727946204914792,0.19851809886274885,0.139346777759363
Green Peter,5-Day,5.0,2000-02-26,3.7244390614958127,0.1974911061349456,0.1461107503444171
Green Peter,5-Day,5.0,2000-02-27,3.720990833609756,0.19649493799232606,0.15376085407370507
Green Peter,5-Day,5.0,2000-02-28,3.717588026793422,0.19549623869147573,0.161588604024128
Green Peter,5-Day,5.0,2000-03-01,3.7108757429270245,0.1934424607288886,0.17593447280092203
Green Peter,5-Day,5.0,2000-03-02,3.707549178020642,0.19241885250598487,0.18191613103792564
Green Peter,5-Day,5.0,2000-03-03,3.704234315911373,0.191441917997201,0.18708039639527316
Green Peter,5-Day,5.0,2000-03-04,3.700934633787466,0.1905519255635289,0.19178574052844943
Green Peter,5-Day,5.0,2000-03-05,3.697660850255415,0.1897855483110903,0.19679478416160304
Green Peter,5-Day,5.0,2000-03-06,3.69442906765653,0.18917204237280844,0.2030589091878989
Green Peter,5-Day,5.0,2000-03-07,3.6912557521312133,0.18872952388181097,0.21129240387544254
Green Peter,5-Day,5.0,2000-03-08,3.6881530951524657,0.18846308942608025,0.22163107577174296
Green Peter,5-Day,5.0,2000-03-09,3.685122227543,0.18835468285343074,0.23356020284049608
Green Peter,5-Day,5.0,2000-03-10,3.6821526735421024,0.18835190028173607,0.24451946409166372
Green Peter,5-Day,5.0,2000-03-11,3.679226454879588,0.1883830975855777,0.25488412010017497
Green Peter,5-Day,5.0,2000-03-12,3.676323109118346,0.18838306469427568,0.2639071484825432
Green Peter,5-Day,5.0,2000-03-13,3.673417780796209,0.188311421156779,0.26846067173005106
Green Peter,5-Day,5.0,2000-03-14,3.670482979951699,0.18826215939417137,0.2770366477356733
Green Peter,5-Day,5.0,2000-03-15,3.667492292885865,0.18803517531070457,0.27554856092632446
Green Peter,5-Day,5.0,2000-03-16,3.6644206358627422,0.18774896261292495,0.27092305121770954
Green Peter,5-Day,5.0,2000-03-17,3.661243634107684,0.187467931554787,0.2636377110404886
Green Peter,5-Day,5.0,2000-03-18,3.6579394137516714,0.1872607285935646,0.254496499271816
Green Peter,5-Day,5.0,2000-03-19,3.654489619171825,0.18715963052921428,0.24470702727732938
Green Peter,5-Day,5.0,2000-03-20,3.6508800549884923,0.18716193320976804,0.2352958357846347
Green Peter,5-Day,5.0,2000-03-21,3.64710294203463,0.18724493485838606,0.22675987975291972
Green Peter,5-Day,5.0,2000-03-22,3.643166474328531,0.18738108348130036,0.21880917935492275
Green Peter,5-Day,5.0,2000-03-23,3.639088529615291,0.1875381055541563,0.21013293013057688
Green Peter,5-Day,5.0,2000-03-24,3.634886633944402,0.18766903802275772,0.1988686866600951
Green Peter,5-Day,5.0,2000-03-25,3.6305777654448943,0.18773395002065618,0.1840056626035508
Green Peter,5-Day,5.0,2000-03-26,3.6261819312488996,0.18772377987372926,0.1657445107469471
Green Peter,5-Day,5.0,2000-03-27,3.6217220193847166,0.1876665755222412,0.14541716269216062
Green Peter,5-Day,5.0,2000-03-28,3.6172173128501814,0.1876260114126495,0.12515916622438883
Green Peter,5-Day,5.0,2000-03-29,3.612678146928839,0.18767127526868543,0.10681163813022149
Green Peter,5-Day,5.0,2000-03-30,3.6081035016819514,0.18784755265394873,0.09141864700865598
Green Peter,5-Day,5.0,2000-03-31,3.603481897216593,0.18815447483507464,0.07921658285601794
Green Peter,5-Day,5.0,2000-04-01,3.5987977174625976,0.18857779775061106,0.06995721620600161
Green Peter,5-Day,5.0,2000-04-02,3.5940357452079947,0.18909960628041486,0.06306158806313987
Green Peter,5-Day,5.0,2000-04-03,3.589179340194373,0.1896885560483187,0.05759258173798789
Green Peter,5-Day,5.0,2000-04-04,3.5842088500189684,0.1902966603517277,0.053096035581386355
Green Peter,5-Day,5.0,2000-04-05,3.579107581014482,0.19085265550755137,0.04915303524370335
Green Peter,5-Day,5.0,2000-04-06,3.573868711643606,0.19134022388782967,0.045582271785093186
Green Peter,5-Day,5.0,2000-04-07,3.568497299443125,0.19185033693023232,0.04228997230649174
Green Peter,5-Day,5.0,2000-04-08,3.563003007466629,0.19254776150692995,0.039484790086818475
Green Peter,5-Day,5.0,2000-04-09,3.557399837839724,0.19354034647740948,0.03760667004812119
Green Peter,5-Day,5.0,2000-04-10,3.5517069012468503,0.19480814707225244,0.03689626148591353
Green Peter,5-Day,5.0,2000-04-11,3.5459406850790565,0.19626531663451613,0.0371447973966951
Green Peter,5-Day,5.0,2000-04-12,3.540111470074097,0.19783602468348496,0.037808808717127225
Green Peter,5-Day,5.0,2000-04-13,3.534227485110571,0.1995114478329085,0.03856913744210886
Green Peter,5-Day,5.0,2000-04-14,3.528298650102147,0.20129886840820074,0.03935655759507804
Green Peter,5-Day,5.0,2000-04-15,3.522335838417904,0.20315615077136623,0.03976669750587251
Green Peter,5-Day,5.0,2000-04-16,3.516350813750735,0.20509472610140717,0.03923195639083585
Green Peter,5-Day,5.0,2000-04-17,3.5103551354837315,0.20702846660809227,0.03748377654814493
Green Peter,5-Day,5.0,2000-04-18,3.5043559884317306,0.20895163025383215,0.03383633958356591
Green Peter,5-Day,5.0,2000-04-19,3.4983494161337894,0.21084700760869843,0.02726547575264328
Green Peter,5-Day,5.0,2000-04-20,3.49231724769147,0.21270353282560026,0.016948309284714615
Green Peter,5-Day,5.0,2000-04-21,3.486235648937247,0.21453492385635956,0.002760696963079033
Green Peter,5-Day,5.0,2000-04-22,3.480081000580576,0.2163652111877274,-0.014878124261487895
Green Peter,5-Day,5.0,2000-04-23,3.4738351175334525,0.21820386263830702,-0.035572086241243174
Green Peter,5-Day,5.0,2000-04-24,3.4674875850908378,0.220052413447806,-0.05878919157440372
Green Peter,5-Day,5.0,2000-04-25,3.461033635163782,0.22191654872927954,-0.08375936487469954
Green Peter,5-Day,5.0,2000-04-26,3.4544722116861153,0.2237935971966725,-0.10966684252107488
Green Peter,5-Day,5.0,2000-04-27,3.4476607006405113,0.2256729246837063,-0.13619099595883097
Green Peter,5-Day,5.0,2000-04-28,3.4407581052257936,0.2275335236773273,-0.16353166358242377
Green Peter,5-Day,5.0,2000-04-29,3.4338205211176627,0.2293662432720661,-0.19202793764346238
Green Peter,5-Day,5.0,2000-04-30,3.426871739471193,0.2311812971654315,-0.22160942030962869
Green Peter,5-Day,5.0,2000-05-01,3.419921568586603,0.23300107911279444,-0.25205448079522724
Green Peter,5-Day,5.0,2000-05-02,3.4129745397770006,0.23484792692150117,-0.28309754757295097
Green Peter,5-Day,5.0,2000-05-03,3.4060326516769197,0.23689915385563756,-0.3105278171343151
Green Peter,5-Day,5.0,2000-05-04,3.399096320058852,0.239022788633536,-0.3353070949228326
Green Peter,5-Day,5.0,2000-05-05,3.3921648760741068,0.241179866297142,-0.35942701345154
Green Peter,5-Day,5.0,2000-05-06,3.3852368872675314,0.24335503142659676,-0.38331993621155597
Green Peter,5-Day,5.0,2000-05-07,3.378310365511656,0.2455432225612405,-0.40701182983892253
Green Peter,5-Day,5.0,2000-05-08,3.3713828987560572,0.24774251980379536,-0.4304599651160409
Green Peter,5-Day,5.0,2000-05-09,3.364451789670738,0.24995219542241964,-0.4536153903202853
Green Peter,5-Day,5.0,2000-05-10,3.357514362096154,0.252171293649854,-0.4764117596519139
Green Peter,5-Day,5.0,2000-05-11,3.3505681889102514,0.2543992993585898,-0.49876590479065214
Green Peter,5-Day,5.0,2000-05-12,3.343611227241416,0.25663651160198847,-0.5205923916813926
Green Peter,5-Day,5.0,2000-05-13,3.3366418111836254,0.25888355733222684,-0.5418232442476638
Green Peter,5-Day,5.0,2000-05-14,3.3296588074470366,0.261141133489442,-0.5624200467108528
Green Peter,5-Day,5.0,2000-05-15,3.322661773526303,0.26341053718459667,-0.5823765083789155
Hills Creek,1-Day,1.0,2000-01-01,3.890384512184672,0.237175866222459,-0.31088251370292935
Hills Creek,1-Day,1.0,2000-01-02,3.885611208800815,0.23729696945287362,-0.29825571744391527
Hills Creek,1-Day,1.0,2000-01-03,3.880828594290241,0.2374053822875438,-0.28570794903467667
Hills Creek,1-Day,1.0,2000-01-04,3.876037010215478,0.23749910222630613,-0.273276037767925
Hills Creek,1-Day,1.0,2000-01-05,3.8712371928899025,0.23757684795453024,-0.26100105265126927
Hills Creek,1-Day,1.0,2000-01-06,3.866430225088468,0.23763807839311604,-0.24892825972040597
Hills Creek,1-Day,1.0,2000-01-07,3.861617402710883,0.23768276573642835,-0.23710806449993616
Hills Creek,1-Day,1.0,2000-01-08,3.8568000286247415,0.2377114030755457,-0.22559661602994527
Hills Creek,1-Day,1.0,2000-01-09,3.8519793558721496,0.2377243331177748,-0.21444252988886944
Hills Creek,1-Day,1.0,2000-01-10,3.8471566167828,0.23772218433769052,-0.20367344002258614
Hills Creek,1-Day,1.0,2000-01-11,3.8423330683489887,0.23770653010461304,-0.19328098276720168
Hills Creek,1-Day,1.0,2000-01-12,3.8375099495952587,0.23767910247063723,-0.1831932435890498
Hills Creek,1-Day,1.0,2000-01-13,3.8326883711038318,0.23763639984674215,-0.17324692616986465
Hills Creek,1-Day,1.0,2000-01-14,3.8278693122365954,0.23754019181007094,-0.16332000504889724
Hills Creek,1-Day,1.0,2000-01-15,3.8230534749422245,0.23705137197191495,-0.15811251983632177
Hills Creek,1-Day,1.0,2000-01-16,3.818241056826407,0.23647849404914417,-0.15270841853788297
Hills Creek,1-Day,1.0,2000-01-17,3.813431241401974,0.2358952824333028,-0.14722059428006398
Hills Creek,1-Day,1.0,2000-01-18,3.808620870091936,0.23536814322439656,-0.14194505478387406
Hills Creek,1-Day,1.0,2000-01-19,3.8038009511472217,0.23493250211644617,-0.13710711139688528
Hills Creek,1-Day,1.0,2000-01-20,3.7989497912035755,0.23459148339387953,-0.1328160998557496
Hills Creek,1-Day,1.0,2000-01-21,3.7940517293816365,0.2343254243519197,-0.1289764845828964
Hills Creek,1-Day,1.0,2000-01-22,3.7891452745213994,0.2341138649393777,-0.12526737317639228
Hills Creek,1-Day,1.0,2000-01-23,3.784235279627504,0.233941212039828,-0.12096233831857722
Hills Creek,1-Day,1.0,2000-01-24,3.7793280938288865,0.2338015718348847,-0.11494252824493932
Hills Creek,1-Day,1.0,2000-01-25,3.7744323262178288,0.23370930882700577,-0.10604609178837594
Hills Creek,1-Day,1.0,2000-01-26,3.7695572826861103,0.23369777026134078,-0.0935193755406647
Hills Creek,1-Day,1.0,2000-01-27,3.7647133891141595,0.23380516439840335,-0.07983091239331565
Hills Creek,1-Day,1.0,2000-01-28,3.7599142278763282,0.23405920271947167,-0.06763251225876295
Hills Creek,1-Day,1.0,2000-01-29,3.755175442751347,0.23446829523015633,-0.05705988067612051
Hills Creek,1-Day,1.0,2000-01-30,3.7505111703925804,0.2350206940661303,-0.04805650109805416
Hills Creek,1-Day,1.0,2000-01-31,3.745929580466948,0.2356838207302631,-0.04035316383888337
Hills Creek,1-Day,1.0,2000-02-01,3.7414305136744903,0.2364019932868346,-0.03344243219422682
Hills Creek,1-Day,1.0,2000-02-02,3.73700737908312,0.23711737533037963,-0.026777495128837772
Hills Creek,1-Day,1.0,2000-02-03,3.7326496718162527,0.23778702386091222,-0.019935809899256963
Hills Creek,1-Day,1.0,2000-02-04,3.7283463182068695,0.23837901291608732,-0.012593543764535364
Hills Creek,1-Day,1.0,2000-02-05,3.7240841070094985,0.2388689028579981,-0.004487779480543978
Hills Creek,1-Day,1.0,2000-02-06,3.7198478925674343,0.23924479902638815,0.004538209015510991
Hills Creek,1-Day,1.0,2000-02-07,3.7156246478682493,0.23950654771201632,0.014530717036716592
Hills Creek,1-Day,1.0,2000-02-08,3.7114071411121916,0.23966156332858232,0.025452251048771597
Hills Creek,1-Day,1.0,2000-02-09,3.707195039551171,0.23972290118693595,0.03719478714172589
Hills Creek,1-Day,1.0,2000-02-10,3.702990938711469,0.23970544213707604,0.04962493281556029
Hills Creek,1-Day,1.0,2000-02-11,3.698799130578067,0.23962608462223373,0.0625845443017391
Hills Creek,1-Day,1.0,2000-02-12,3.6946247898814946,0.23949677234407085,0.07595682751397886
Hills Creek,1-Day,1.0,2000-02-13,3.6904725774023976,0.23930542266098423,0.08985003346390487
Hills Creek,1-Day,1.0,2000-02-14,3.686347354484123,0.23901911161323552,0.10457227779122402
Hills Creek,1-Day,1.0,2000-02-15,3.682254158912866,0.23860238130900743,0.12046553286075087
Hills Creek,1-Day,1.0,2000-02-16,3.6781994785124947,0.23782019153036243,0.13980105618823868
Hills Creek,1-Day,1.0,2000-02-17,3.674192886944536,0.2371363471455762,0.15814818448528736
Hills Creek,1-Day,1.0,2000-02-18,3.6702453929146195,0.23635003608703367,0.17741888034042694
Hills Creek,1-Day,1.0,2000-02-19,3.666365501715447,0.23548223139315205,0.19741298945437055
Hills Creek,1-Day,1.0,2000-02-20,3.662554631145685,0.2345551303536483,0.21793160511790294
Hills Creek,1-Day,1.0,2000-02-21,3.658806056270612,0.2335799389189689,0.23890280646266726
Hills Creek,1-Day,1.0,2000-02-22,3.655113075959621,0.2325588685520853,0.2603431312984844
Hills Creek,1-Day,1.0,2000-02-23,3.651469380363178,0.23149214945755234,0.2766483594016662
Hills Creek,1-Day,1.0,2000-02-24,3.6478701336533574,0.23038148941429426,0.27397514446631677
Hills Creek,1-Day,1.0,2000-02-25,3.6443122084648127,0.22923177496037983,0.2700758017114376
Hills Creek,1-Day,1.0,2000-02-26,3.640793787973232,0.22805396297327774,0.2651592640718647
Hills Creek,1-Day,1.0,2000-02-27,3.6373122824236757,0.2268650026003905,0.2596128970689535
Hills Creek,1-Day,1.0,2000-02-28,3.63386304541402,0.22568075702631127,0.25388952788053654
Hills Creek,1-Day,1.0,2000-03-01,3.62704042444898,0.2234051874209676,0.24318260515861434
Hills Creek,1-Day,1.0,2000-03-02,3.6236601708520966,0.22236062883208702,0.23850640313930374
Hills Creek,1-Day,1.0,2000-03-03,3.620296264818366,0.22140938706415572,0.2344903658128023
Hills Creek,1-Day,1.0,2000-03-04,3.6169467319592,0.22056947993401305,0.23126276618819191
Hills Creek,1-Day,1.0,2000-03-05,3.6136113505877048,0.2198488548843079,0.228869382823758
Hills Creek,1-Day,1.0,2000-03-06,3.6102914542633777,0.21924659828577983,0.22730696124073232
Hills Creek,1-Day,1.0,2000-03-07,3.6069910188887033,0.21876085791574326,0.22649406728327254
Hills Creek,1-Day,1.0,2000-03-08,3.6037156086907403,0.21839356219720948,0.22635596039539224
Hills Creek,1-Day,1.0,2000-03-09,3.6004651903144356,0.21814173631843461,0.22680252531659606
Hills Creek,1-Day,1.0,2000-03-10,3.5972277936826638,0.21797910920245814,0.2279086254722906
Hills Creek,1-Day,1.0,2000-03-11,3.5939808487135942,0.2178538165147112,0.22981153191810136
Hills Creek,1-Day,1.0,2000-03-12,3.5906954983156307,0.21770797321878224,0.23255188972610488
Hills Creek,1-Day,1.0,2000-03-13,3.5873474074584566,0.21750759161228858,0.23609373972954184
Hills Creek,1-Day,1.0,2000-03-14,3.5839230713125536,0.2174925700675484,0.24082124211194644
Hills Creek,1-Day,1.0,2000-03-15,3.580420618059879,0.2172738924330068,0.24629860778311571
Hills Creek,1-Day,1.0,2000-03-16,3.5768439909898655,0.21700384285296473,0.2519125773234687
Hills Creek,1-Day,1.0,2000-03-17,3.5731964688333515,0.2166885494799691,0.2577000287627663
Hills Creek,1-Day,1.0,2000-03-18,3.5694792074895934,0.2163416446417593,0.2640497554570385
Hills Creek,1-Day,1.0,2000-03-19,3.5656903629939345,0.2159714275233175,0.2713457677199519
Hills Creek,1-Day,1.0,2000-03-20,3.561825141773837,0.21556682211653713,0.2798026277223648
Hills Creek,1-Day,1.0,2000-03-21,3.55787802588126,0.21509979470119558,0.28950892528797095
Hills Creek,1-Day,1.0,2000-03-22,3.55384860784769,0.21453353132100147,0.30045043981224956
Hills Creek,1-Day,1.0,2000-03-23,3.549741423465944,0.2138309559661508,0.3125392970420562
Hills Creek,1-Day,1.0,2000-03-24,3.545565128527222,0.21296456513542494,0.3257097113553828
Hills Creek,1-Day,1.0,2000-03-25,3.5413313958590713,0.21193660147757937,0.33993230138932035
Hills Creek,1-Day,1.0,2000-03-26,3.5370541889551297,0.21079405683364477,0.35528672762682834
Hills Creek,1-Day,1.0,2000-03-27,3.532747940464667,0.20962201533719715,0.3719230865365685
Hills Creek,1-Day,1.0,2000-03-28,3.5284241865138046,0.20851738608643464,0.38991225500419674
Hills Creek,1-Day,1.0,2000-03-29,3.5240890141170977,0.20757265238832642,0.40906575096329195
Hills Creek,1-Day,1.0,2000-03-30,3.5197446605637817,0.2068563409179551,0.428724959809619
Hills Creek,1-Day,1.0,2000-03-31,3.5153912736932216,0.20638019028449275,0.44747307878558684
Hills Creek,1-Day,1.0,2000-04-01,3.5110301779731468,0.20609970711355521,0.46359284295996556
Hills Creek,1-Day,1.0,2000-04-02,3.506661742199884,0.20595246524803307,0.47590406359861737
Hills Creek,1-Day,1.0,2000-04-03,3.502283914792817,0.20589206776320074,0.4842448864115684
Hills Creek,1-Day,1.0,2000-04-04,3.49789509721946,0.20592953759884566,0.4894695032181047
Hills Creek,1-Day,1.0,2000-04-05,3.4934957794455177,0.2060924453811986,0.49231373861985467
Hills Creek,1-Day,1.0,2000-04-06,3.489088303077921,0.2063693450285388,0.49285826368614444
Hills Creek,1-Day,1.0,2000-04-07,3.484675779100308,0.20670940420516767,0.49073081926604994
Hills Creek,1-Day,1.0,2000-04-08,3.4802606121043427,0.20707402577928877,0.48512720504907253
Hills Creek,1-Day,1.0,2000-04-09,3.475846080412336,0.2074788806548505,0.474940193044995
Hills Creek,1-Day,1.0,2000-04-10,3.4714375481192894,0.20798583243475813,0.45986179908752606
Hills Creek,1-Day,1.0,2000-04-11,3.467039671981248,0.20866009792035392,0.4415027510101643
Hills Creek,1-Day,1.0,2000-04-12,3.462655219140133,0.20950786845500227,0.4223962999143943
Hills Creek,1-Day,1.0,2000-04-13,3.4582867544436273,0.21046114920667455,0.403802481640413
Hills Creek,1-Day,1.0,2000-04-14,3.4539366922471686,0.2114307133676412,0.3854099751868921
Hills Creek,1-Day,1.0,2000-04-15,3.4496064039886116,0.2123616463024478,0.3665203213202082
Hills Creek,1-Day,1.0,2000-04-16,3.4452949583498693,0.2132293535850054,0.34710989470379744
Hills Creek,1-Day,1.0,2000-04-17,3.4410002840476928,0.21401016368190037,0.3277324743352703
Hills Creek,1-Day,1.0,2000-04-18,3.436720420058742,0.21467274482542856,0.30885504636904626
Hills Creek,1-Day,1.0,2000-04-19,3.4324525433727286,0.21518618321351668,0.29076252965988936
Hills Creek,1-Day,1.0,2000-04-20,3.4281928882646415,0.2155301575065961,0.2736231429420138
Hills Creek,1-Day,1.0,2000-04-21,3.423937993293158,0.2157123008812472,0.25759618898017306
Hills Creek,1-Day,1.0,2000-04-22,3.419685431900733,0.2157807322733307,0.2430301974255781
Hills Creek,1-Day,1.0,2000-04-23,3.415432852470262,0.21579987078553814,0.23057236537363388
Hills Creek,1-Day,1.0,2000-04-24,3.411178001365124,0.21581351255297224,0.2209081918857945
Hills Creek,1-Day,1.0,2000-04-25,3.406918623488498,0.2158320211626603,0.21321125470069585
Hills Creek,1-Day,1.0,2000-04-26,3.402652296791804,0.21584953237670867,0.20504043237057748
Hills Creek,1-Day,1.0,2000-04-27,3.398402808534009,0.21585550999339936,0.19455812866761707
Hills Creek,1-Day,1.0,2000-04-28,3.3941199126051096,0.21583285660312462,0.18157646889156068
Hills Creek,1-Day,1.0,2000-04-29,3.389819627221074,0.21576044315120801,0.16679156464468783
Hills Creek,1-Day,1.0,2000-04-30,3.3855114826945867,0.21563522955286987,0.1510518668412761
Hills Creek,1-Day,1.0,2000-05-01,3.381200581317087,0.21548271247548897,0.13520702805611443
Hills Creek,1-Day,1.0,2000-05-02,3.3768897975823844,0.215344142246348,0.1198796082904006
Hills Creek,1-Day,1.0,2000-05-03,3.372580759136846,0.2154290695866654,0.10601751718734827
Hills Creek,1-Day,1.0,2000-05-04,3.3682743234058528,0.21562993373945483,0.09386202508325535
Hills Creek,1-Day,1.0,2000-05-05,3.3639708488172824,0.21586809874281118,0.08191857278345664
Hills Creek,1-Day,1.0,2000-05-06,3.3596703974327276,0.21611947936408799,0.06980186631205301
Hills Creek,1-Day,1.0,2000-05-07,3.3553727652245877,0.21637773377124997,0.05746240815938537
Hills Creek,1-Day,1.0,2000-05-08,3.3510774569915998,0.21664135115949112,0.04493700987661849
Hills Creek,1-Day,1.0,2000-05-09,3.3467837178402378,0.21691070221674166,0.03229241617511197
Hills Creek,1-Day,1.0,2000-05-10,3.342490597384415,0.21718729107087564,0.019610318557941583
Hills Creek,1-Day,1.0,2000-05-11,3.3381970515923234,0.2174736657842944,0.006981699833418962
Hills Creek,1-Day,1.0,2000-05-12,3.3339020275735898,0.21777312779260655,-0.005500421180757024
Hills Creek,1-Day,1.0,2000-05-13,3.329604540360325,0.21808907205485284,-0.01775087686788153
Hills Creek,1-Day,1.0,2000-05-14,3.325303786676604,0.2184240649792739,-0.029704184644403317
Hills Creek,1-Day,1.0,2000-05-15,3.320999224437656,0.21877922921641285,-0.041323941114367775
Hills Creek,5-Day,5.0,2000-01-01,3.7044324124733667,0.20307936372379898,-0.15690360261229686
Hills Creek,5-Day,5.0,2000-01-02,3.7010423997153383,0.20280339993880353,-0.14222837761351007
Hills Creek,5-Day,5.0,2000-01-03,3.69763802933428,0.20252858190921208,-0.12749842246854967
Hills Creek,5-Day,5.0,2000-01-04,3.694219418982143,0.20226092098408702,-0.11277529395286458
Hills Creek,5-Day,5.0,2000-01-05,3.6907871951118105,0.20200515423415816,-0.09811086347821481
Hills Creek,5-Day,5.0,2000-01-06,3.687342508913729,0.20176376554265785,-0.08353673526177963
Hills Creek,5-Day,5.0,2000-01-07,3.683886940559032,0.20153784191087204,-0.06907208427665305
Hills Creek,5-Day,5.0,2000-01-08,3.6804223018149433,0.20132925276700522,-0.054745455837253106
Hills Creek,5-Day,5.0,2000-01-09,3.6769504286834422,0.20114192476214687,-0.04060782226930278
Hills Creek,5-Day,5.0,2000-01-10,3.67347307274198,0.20097908579026114,-0.026703415317804124
Hills Creek,5-Day,5.0,2000-01-11,3.669992089066869,0.2008397577689536,-0.013032409802934453
Hills Creek,5-Day,5.0,2000-01-12,3.666509498034493,0.2013172689981392,-0.006
Hills Creek,5-Day,5.0,2000-01-13,3.663027309604073,0.20244723157115602,-0.006
Hills Creek,5-Day,5.0,2000-01-14,3.6595475480959356,0.2035764066134566,-0.006
Hills Creek,5-Day,5.0,2000-01-15,3.65607224689839,0.20470413429391887,-0.006
Hills Creek,5-Day,5.0,2000-01-16,3.652603200972301,0.20582983215302017,-0.006
Hills Creek,5-Day,5.0,2000-01-17,3.6491413474739867,0.2069531960848094,-0.006
Hills Creek,5-Day,5.0,2000-01-18,3.645684644882574,0.20776016517423168,-0.0027227463522460802
Hills Creek,5-Day,5.0,2000-01-19,3.6422213242220947,0.2072696170689069,0.0141226641282932
Hills Creek,5-Day,5.0,2000-01-20,3.63871428155663,0.2067631752024983,0.03134371415247949
Hills Creek,5-Day,5.0,2000-01-21,3.635027025189048,0.20626919108726502,0.04711173904622812
Hills Creek,5-Day,5.0,2000-01-22,3.631287812637103,0.20578852447475268,0.04698066516516133
Hills Creek,5-Day,5.0,2000-01-23,3.62750127892322,0.20529926765459544,0.04605547727145167
Hills Creek,5-Day,5.0,2000-01-24,3.6236743417379333,0.20476557012820648,0.04468816872727156
Hills Creek,5-Day,5.0,2000-01-25,3.6198181629068866,0.20415791724865423,0.04426239715882535
Hills Creek,5-Day,5.0,2000-01-26,3.615948030492958,0.20349350557989532,0.04695713180797831
Hills Creek,5-Day,5.0,2000-01-27,3.6120808272360865,0.20282831177954727,0.05409227208045633
Hills Creek,5-Day,5.0,2000-01-28,3.6082328875193133,0.2022255374572564,0.0654224017929803
Hills Creek,5-Day,5.0,2000-01-29,3.604419603589563,0.20173750886659939,0.07970639129586525
Hills Creek,5-Day,5.0,2000-01-30,3.600655562344435,0.20138310144014243,0.09581062832731943
Hills Creek,5-Day,5.0,2000-01-31,3.5969503657583726,0.2011595785075533,0.11114850210598391
Hills Creek,5-Day,5.0,2000-02-01,3.5933047704217502,0.2010635283836411,0.12485745613765414
Hills Creek,5-Day,5.0,2000-02-02,3.5897137089715714,0.20108739820412258,0.13701658167943173
Hills Creek,5-Day,5.0,2000-02-03,3.586168795390023,0.2012032608159647,0.14795557209592045
Hills Creek,5-Day,5.0,2000-02-04,3.58266204763558,0.20136785571274696,0.1581864563507026
Hills Creek,5-Day,5.0,2000-02-05,3.579185735843061,0.20152361554881276,0.16839239420824215
Hills Creek,5-Day,5.0,2000-02-06,3.5757296432623753,0.20162700941712178,0.17911186945063667
Hills Creek,5-Day,5.0,2000-02-07,3.5722822443822224,0.2016642582308547,0.1905511024241623
Hills Creek,5-Day,5.0,2000-02-08,3.5688338480846618,0.20162772369861076,0.2028423858562725
Hills Creek,5-Day,5.0,2000-02-09,3.565379367268898,0.20151707465206006,0.2160201394475831
Hills Creek,5-Day,5.0,2000-02-10,3.561918875708552,0.2013429373240588,0.2299740857585459
Hills Creek,5-Day,5.0,2000-02-11,3.5584556296938623,0.2011291790538838,0.24442463303152223
Hills Creek,5-Day,5.0,2000-02-12,3.554994617047735,0.200904466347797,0.25902238534098265
Hills Creek,5-Day,5.0,2000-02-13,3.551542736592662,0.20067618507387752,0.27365800035294463
Hills Creek,5-Day,5.0,2000-02-14,3.5481101312005823,0.20041480407178486,0.2886551341809035
Hills Creek,5-Day,5.0,2000-02-15,3.544706727925699,0.2000684260066041,0.30462128240954056
Hills Creek,5-Day,5.0,2000-02-16,3.541340588516578,0.1993868907761126,0.3246352214350317
Hills Creek,5-Day,5.0,2000-02-17,3.5380195704330837,0.19878256400115743,0.33378510673616174
Hills Creek,5-Day,5.0,2000-02-18,3.5347520960483365,0.19806762987579923,0.3306003761255212
Hills Creek,5-Day,5.0,2000-02-19,3.53154781958223,0.19727109212989025,0.3261945640668648
Hills Creek,5-Day,5.0,2000-02-20,3.5284146166861534,0.19643295498883986,0.32069857795350154
Hills Creek,5-Day,5.0,2000-02-21,3.5253547328363064,0.1955770191047904,0.31357636697368596
Hills Creek,5-Day,5.0,2000-02-22,3.5223694475548752,0.194704390008018,0.3040663359697613
Hills Creek,5-Day,5.0,2000-02-23,3.5194597665104186,0.1938062531481033,0.29162325984560844
Hills Creek,5-Day,5.0,2000-02-24,3.5166267251369505,0.19287256422710922,0.27604822135106816
Hills Creek,5-Day,5.0,2000-02-25,3.5138714498225045,0.19190556222244676,0.257690267866886
Hills Creek,5-Day,5.0,2000-02-26,3.511194510142372,0.19092449238483922,0.23756342773516267
Hills Creek,5-Day,5.0,2000-02-27,3.5085942395574174,0.18996481917363572,0.2170475123074808
Hills Creek,5-Day,5.0,2000-02-28,3.5060651539980814,0.1890424702602719,0.19700168172388116
Hills Creek,5-Day,5.0,2000-03-01,3.50119235354609,0.18726903047085847,0.15794503096586918
Hills Creek,5-Day,5.0,2000-03-02,3.4988398142810393,0.1863900167986203,0.13766015705583645
Hills Creek,5-Day,5.0,2000-03-03,3.4965384135834325,0.18552265096984383,0.11673420745232695
Hills Creek,5-Day,5.0,2000-03-04,3.4942829086372607,0.18469857108931412,0.09590832124367038
Hills Creek,5-Day,5.0,2000-03-05,3.4920678151257034,0.1839631096512038,0.07630547674419864
Hills Creek,5-Day,5.0,2000-03-06,3.4898891858268217,0.18335112185405028,0.058577425565136274
Hills Creek,5-Day,5.0,2000-03-07,3.487745781644843,0.18287319599525478,0.04276608351587265
Hills Creek,5-Day,5.0,2000-03-08,3.485638027173851,0.18252539253105426,0.02902043842079565
Hills Creek,5-Day,5.0,2000-03-09,3.4835650150140367,0.18230311234158147,0.01838590081224978
Hills Creek,5-Day,5.0,2000-03-10,3.4815195964267995,0.1821941116980649,0.011871856682275339
Hills Creek,5-Day,5.0,2000-03-11,3.4794906023657974,0.18216584835042768,0.00951025244933239
Hills Creek,5-Day,5.0,2000-03-12,3.477462926495298,0.18215452604600074,0.010142926432201334
Hills Creek,5-Day,5.0,2000-03-13,3.4754171981057707,0.1820969052298317,0.012299424200380762
Hills Creek,5-Day,5.0,2000-03-14,3.473330471541226,0.18207642694823625,0.015916556033408198
Hills Creek,5-Day,5.0,2000-03-15,3.471182956260423,0.1819698947631598,0.019810662447432785
Hills Creek,5-Day,5.0,2000-03-16,3.4689611167124297,0.18175279837979036,0.022958377209038393
Hills Creek,5-Day,5.0,2000-03-17,3.4666552972554197,0.18142835433201773,0.025507739176732058
Hills Creek,5-Day,5.0,2000-03-18,3.4642582150362924,0.18102382241173018,0.0277047995470429
Hills Creek,5-Day,5.0,2000-03-19,3.4617644897404007,0.18059084140908208,0.03028048925124924
Hills Creek,5-Day,5.0,2000-03-20,3.4591689379730903,0.18016521553290002,0.033962477061766166
Hills Creek,5-Day,5.0,2000-03-21,3.4564651091840704,0.17975416269656533,0.039313815176013935
Hills Creek,5-Day,5.0,2000-03-22,3.4536540508618745,0.17932733196371686,0.046629614489224945
Hills Creek,5-Day,5.0,2000-03-23,3.450742879375923,0.17881799580851157,0.05540485132502856
Hills Creek,5-Day,5.0,2000-03-24,3.4477400795123674,0.1781355399863161,0.06457186914759055
Hills Creek,5-Day,5.0,2000-03-25,3.4446550003678382,0.17721848155599532,0.07317070708255137
Hills Creek,5-Day,5.0,2000-03-26,3.4414992481443956,0.1760651834266143,0.08090344231352979
Hills Creek,5-Day,5.0,2000-03-27,3.4382877497619444,0.17473318772223678,0.08817825149875667
Hills Creek,5-Day,5.0,2000-03-28,3.4350356176671206,0.17332187820643657,0.09568332608811574
Hills Creek,5-Day,5.0,2000-03-29,3.4317537448935753,0.17193822797293748,0.10377093407006739
Hills Creek,5-Day,5.0,2000-03-30,3.4284464825322516,0.17067406585031877,0.11240516279797445
Hills Creek,5-Day,5.0,2000-03-31,3.425113254146141,0.1695975339965059,0.12125900936466955
Hills Creek,5-Day,5.0,2000-04-01,3.4217549455321405,0.16875039051140536,0.13024731117704028
Hills Creek,5-Day,5.0,2000-04-02,3.41837363519348,0.16813242652894222,0.13964285615845423
Hills Creek,5-Day,5.0,2000-04-03,3.4149687939952864,0.1676926594842081,0.14930693762436476
Hills Creek,5-Day,5.0,2000-04-04,3.411537938001138,0.167405792032181,0.15829429856499164
Hills Creek,5-Day,5.0,2000-04-05,3.4080796681531287,0.16727478713429483,0.16495417289586664
Hills Creek,5-Day,5.0,2000-04-06,3.4045959904816363,0.1673063717656325,0.16752368873378717
Hills Creek,5-Day,5.0,2000-04-07,3.4010915143452984,0.1675047770269023,0.16428662365227967
Hills Creek,5-Day,5.0,2000-04-08,3.3975709530103155,0.1678677998850217,0.15430928170683425
Hills Creek,5-Day,5.0,2000-04-09,3.394040924764863,0.16838537669025952,0.13776580445909573
Hills Creek,5-Day,5.0,2000-04-10,3.390512694341584,0.16904277183651237,0.11604960151411745
Hills Creek,5-Day,5.0,2000-04-11,3.3869967048002882,0.1698442569992891,0.09161660778420672
Hills Creek,5-Day,5.0,2000-04-12,3.3834982013109607,0.17080226644444188,0.06737811361403556
Hills Creek,5-Day,5.0,2000-04-13,3.3800199554973513,0.17193788952786226,0.04530632771904196
Hills Creek,5-Day,5.0,2000-04-14,3.37656470137773,0.1732437591668737,0.026112446240000507
Hills Creek,5-Day,5.0,2000-04-15,3.373134693456939,0.17465795162471867,0.009067157442487558
Hills Creek,5-Day,5.0,2000-04-16,3.369731108554084,0.17611459561651402,-0.006916400686021152
Hills Creek,5-Day,5.0,2000-04-17,3.366355090879188,0.17756795851333124,-0.022499570024612402
Hills Creek,5-Day,5.0,2000-04-18,3.3630086487084405,0.17896550386528065,-0.03846517072025264
Hills Creek,5-Day,5.0,2000-04-19,3.3596916929765976,0.18025272146874755,-0.055267725530019074
Hills Creek,5-Day,5.0,2000-04-20,3.3563997858889434,0.18139100969255126,-0.07248201124240139
Hills Creek,5-Day,5.0,2000-04-21,3.353126236779228,0.18237856445038347,-0.08892545920222884
Hills Creek,5-Day,5.0,2000-04-22,3.349865103736932,0.18325187547827043,-0.10258460116805908
Hills Creek,5-Day,5.0,2000-04-23,3.3466114537217533,0.1840639541678581,-0.11122977187210441
Hills Creek,5-Day,5.0,2000-04-24,3.3433615530661123,0.18486760170787275,-0.11419953105474087
Hills Creek,5-Day,5.0,2000-04-25,3.3401123235653314,0.18569915774661433,-0.11302938997592253
Hills Creek,5-Day,5.0,2000-04-26,3.336860247792599,0.18654370119405736,-0.1100746126287545
Hills Creek,5-Day,5.0,2000-04-27,3.33364347234406,0.18736210323540717,-0.1069903832345742
Hills Creek,5-Day,5.0,2000-04-28,3.330381650821674,0.1882685232761549,-0.10473895085467122
Hills Creek,5-Day,5.0,2000-04-29,3.327096276621331,0.18912557916114395,-0.10442808304995838
Hills Creek,5-Day,5.0,2000-04-30,3.3238001379165167,0.18983930367300622,-0.1069496036212212
Hills Creek,5-Day,5.0,2000-05-01,3.320500047650827,0.19046370534046392,-0.11235759762220085
Hills Creek,5-Day,5.0,2000-05-02,3.317199897980735,0.19103104871076332,-0.12012685491333093
Hills Creek,5-Day,5.0,2000-05-03,3.3139019777966694,0.19165048595687126,-0.1326988298084388
Hills Creek,5-Day,5.0,2000-05-04,3.310607537553677,0.19237438365189014,-0.14411638776016808
Hills Creek,5-Day,5.0,2000-05-05,3.3073171367223377,0.1931331223771462,-0.1548755837517921
Hills Creek,5-Day,5.0,2000-05-06,3.3040309016842477,0.19390429271164933,-0.1654030091153303
Hills Creek,5-Day,5.0,2000-05-07,3.3007485672547263,0.19468102759116548,-0.1759188378196104
Hills Creek,5-Day,5.0,2000-05-08,3.297469476733301,0.1954604467257523,-0.18655471469336443
Hills Creek,5-Day,5.0,2000-05-09,3.294192639315185,0.19624138720956363,-0.19740159632682558
Hills Creek,5-Day,5.0,2000-05-10,3.2909168342191983,0.19702416011306156,-0.20851834241632616
Hills Creek,5-Day,5.0,2000-05-11,3.2876406992298026,0.19781070468672807,-0.2199218439102651
Hills Creek,5-Day,5.0,2000-05-12,3.284362802861012,0.1986041987952145,-0.2315886007135743
Hills Creek,5-Day,5.0,2000-05-13,3.2810817764558555,0.19940806552368295,-0.24346260622967186
Hills Creek,5-Day,5.0,2000-05-14,3.27779647940105,0.20022483704718935,-0.2554722776401613
Hills Creek,5-Day,5.0,2000-05-15,3.274506130283252,0.201055486410531,-0.2675568909432605
Monroe,1-Day,1.0,2000-01-01,3.906271119821672,0.28094882646266495,-0.5667521972447639
Monroe,1-Day,1.0,2000-01-02,3.901847445284442,0.280023264501356,-0.5566443191993289
Monroe,1-Day,1.0,2000-01-03,3.8974071024813544,0.2790937623388726,-0.5468032708371201
Monroe,1-Day,1.0,2000-01-04,3.8929495152242652,0.27816043642884614,-0.537238328690784
Monroe,1-Day,1.0,2000-01-05,3.888474513919002,0.27722304758133093,-0.5279554195354673
Monroe,1-Day,1.0,2000-01-06,3.8839822959463923,0.27628083705127526,-0.5189606502109644
Monroe,1-Day,1.0,2000-01-07,3.879473458618006,0.275332858756805,-0.5102594143697468
Monroe,1-Day,1.0,2000-01-08,3.874948992871438,0.27437800452895317,-0.5018573701741736
Monroe,1-Day,1.0,2000-01-09,3.8704102067248667,0.27341479194852036,-0.49376274617469545
Monroe,1-Day,1.0,2000-01-10,3.8658587758963767,0.2724413757131823,-0.4859880369932266
Monroe,1-Day,1.0,2000-01-11,3.8612968473840064,0.2714561028201588,-0.4785476334202485
Monroe,1-Day,1.0,2000-01-12,3.856727036659861,0.2704578062109427,-0.4714646384853482
Monroe,1-Day,1.0,2000-01-13,3.852152330745995,0.26944436692312207,-0.46484398292169554
Monroe,1-Day,1.0,2000-01-14,3.8475760900078924,0.2684101601294277,-0.4592110115481888
Monroe,1-Day,1.0,2000-01-15,3.8430020735288104,0.2672316069290886,-0.4599773402505903
Monroe,1-Day,1.0,2000-01-16,3.8384345299462694,0.2660266971764997,-0.46208840608955337
Monroe,1-Day,1.0,2000-01-17,3.8338780744688545,0.26481453814951156,-0.46511039978820645
Monroe,1-Day,1.0,2000-01-18,3.8293362018437906,0.26360879963264283,-0.46876358495171777
Monroe,1-Day,1.0,2000-01-19,3.824804487135008,0.2624151632215459,-0.4730062550869435
Monroe,1-Day,1.0,2000-01-20,3.8202500487798483,0.26123711635933794,-0.4778436407413149
Monroe,1-Day,1.0,2000-01-21,3.8153252576275505,0.26008719250439216,-0.4832077422211666
Monroe,1-Day,1.0,2000-01-22,3.810294335804197,0.25899582184549186,-0.48884043988539055
Monroe,1-Day,1.0,2000-01-23,3.805152702178528,0.2580141056647537,-0.49422314246492965
Monroe,1-Day,1.0,2000-01-24,3.7998993082640182,0.2572012825263138,-0.4987273780186337
Monroe,1-Day,1.0,2000-01-25,3.7945364279662415,0.25660295053787946,-0.5017520221431037
Monroe,1-Day,1.0,2000-01-26,3.7890709423670876,0.2562407501584676,-0.5028453537633426
Monroe,1-Day,1.0,2000-01-27,3.7835149886613286,0.25611508284258955,-0.5017153532936806
Monroe,1-Day,1.0,2000-01-28,3.7778853404505983,0.25621735773406884,-0.49817081159181387
Monroe,1-Day,1.0,2000-01-29,3.772201065229975,0.256559425644859,-0.4920788277846032
Monroe,1-Day,1.0,2000-01-30,3.7664800405897276,0.2571605688752711,-0.483485599008745
Monroe,1-Day,1.0,2000-01-31,3.7607351154785134,0.2580147800478872,-0.473001047434297
Monroe,1-Day,1.0,2000-02-01,3.7549705294482636,0.2588285571322173,-0.4620481676164944
Monroe,1-Day,1.0,2000-02-02,3.7491809015269144,0.2597996785419856,-0.4522318418092202
Monroe,1-Day,1.0,2000-02-03,3.743353171272185,0.26106076404477846,-0.4444495772440827
Monroe,1-Day,1.0,2000-02-04,3.737471424622717,0.2620752987354684,-0.438762396317994
Monroe,1-Day,1.0,2000-02-05,3.7315203106021735,0.26287091222465764,-0.4347405073537976
Monroe,1-Day,1.0,2000-02-06,3.7254862322205944,0.2635775612636458,-0.43189477431617374
Monroe,1-Day,1.0,2000-02-07,3.7193579104972883,0.26422110896019835,-0.42994237069851415
Monroe,1-Day,1.0,2000-02-08,3.7131279902962526,0.26481276600673076,-0.4288290811242265
Monroe,1-Day,1.0,2000-02-09,3.706793820673582,0.26534361406705137,-0.42877469143088787
Monroe,1-Day,1.0,2000-02-10,3.700358247237237,0.2657926090262144,-0.430167788756295
Monroe,1-Day,1.0,2000-02-11,3.6938314535011196,0.2661325232476196,-0.4332713469895898
Monroe,1-Day,1.0,2000-02-12,3.6872248234379255,0.2663311153085237,-0.4382894679114068
Monroe,1-Day,1.0,2000-02-13,3.6805507049437285,0.26634768069303,-0.44553471257407595
Monroe,1-Day,1.0,2000-02-14,3.6738223109630725,0.2661415073362335,-0.45504854895502
Monroe,1-Day,1.0,2000-02-15,3.6670534256918876,0.2656986017461988,-0.46606461041945707
Monroe,1-Day,1.0,2000-02-16,3.660257641153832,0.26497836408184877,-0.4746792144934135
Monroe,1-Day,1.0,2000-02-17,3.653446204684255,0.26426390055861143,-0.4831492426420056
Monroe,1-Day,1.0,2000-02-18,3.6466282068749387,0.26348496170036956,-0.48988124136478217
Monroe,1-Day,1.0,2000-02-19,3.639811457390892,0.2627427467957863,-0.49427409950517454
Monroe,1-Day,1.0,2000-02-20,3.6330014604571894,0.26211981308377913,-0.49624699359795266
Monroe,1-Day,1.0,2000-02-21,3.62620018441956,0.2616586079847773,-0.49613500078404316
Monroe,1-Day,1.0,2000-02-22,3.619408029415175,0.26136255523016244,-0.4943254821261957
Monroe,1-Day,1.0,2000-02-23,3.612627017894571,0.26120894198062145,-0.49105077589036483
Monroe,1-Day,1.0,2000-02-24,3.605861607838822,0.26116283386175754,-0.4864639633249883
Monroe,1-Day,1.0,2000-02-25,3.5991184085469707,0.261185816484083,-0.48066964785892813
Monroe,1-Day,1.0,2000-02-26,3.592405153861276,0.2612438208865043,-0.47364945259949154
Monroe,1-Day,1.0,2000-02-27,3.5857275163811413,0.26131654469986654,-0.4652646916564861
Monroe,1-Day,1.0,2000-02-28,3.579081673659621,0.261400115986536,-0.455361024634783
Monroe,1-Day,1.0,2000-03-01,3.5657739977078577,0.26166904023646953,-0.43105579889668905
Monroe,1-Day,1.0,2000-03-02,3.5590028622466368,0.2619271041201565,-0.41694538114346
Monroe,1-Day,1.0,2000-03-03,3.5520639766299604,0.2623208743982192,-0.4018993193068353
Monroe,1-Day,1.0,2000-03-04,3.5449183448934116,0.2628902952991723,-0.3862934446180546
Monroe,1-Day,1.0,2000-03-05,3.5375729514258243,0.2635712064838274,-0.3706325136101845
Monroe,1-Day,1.0,2000-03-06,3.5300691824828503,0.2643340467685167,-0.3552463315623017
Monroe,1-Day,1.0,2000-03-07,3.5224510452137214,0.26519019597228954,-0.34034700648647
Monroe,1-Day,1.0,2000-03-08,3.5147403771458205,0.26613452574924445,-0.32596389024301514
Monroe,1-Day,1.0,2000-03-09,3.506929003958404,0.26715911174715834,-0.31202193857637167
Monroe,1-Day,1.0,2000-03-10,3.4989858607034154,0.2682672366892999,-0.29846478733355153
Monroe,1-Day,1.0,2000-03-11,3.490872843368683,0.26947433930212145,-0.2853066102718708
Monroe,1-Day,1.0,2000-03-12,3.4825567981734546,0.2708008777038147,-0.2726131075765737
Monroe,1-Day,1.0,2000-03-13,3.47400151264984,0.2722709261415918,-0.26046914430350454
Monroe,1-Day,1.0,2000-03-14,3.465153110739735,0.27357358829790485,-0.246496238012206
Monroe,1-Day,1.0,2000-03-15,3.455966687280225,0.27540542207383495,-0.2356174804520608
Monroe,1-Day,1.0,2000-03-16,3.4464306123476884,0.27748375670607944,-0.22576290079945754
Monroe,1-Day,1.0,2000-03-17,3.4365670602778606,0.2798007145259279,-0.21693231375079697
Monroe,1-Day,1.0,2000-03-18,3.426414889924642,0.2823265827166031,-0.20900720851233773
Monroe,1-Day,1.0,2000-03-19,3.416005454982256,0.28501614816014714,-0.20173835358937944
Monroe,1-Day,1.0,2000-03-20,3.405329250840271,0.2878286847448202,-0.1948094223458909
Monroe,1-Day,1.0,2000-03-21,3.3943102106473058,0.29074737774004167,-0.18791471335907997
Monroe,1-Day,1.0,2000-03-22,3.3828732304245377,0.2937647700508763,-0.18082664611008778
Monroe,1-Day,1.0,2000-03-23,3.370959222986349,0.2975523040746652,-0.178
Monroe,1-Day,1.0,2000-03-24,3.358536836180697,0.30192850022849177,-0.178
Monroe,1-Day,1.0,2000-03-25,3.3456289762863967,0.3064757203164918,-0.178
Monroe,1-Day,1.0,2000-03-26,3.332317942018259,0.3111649718974345,-0.178
Monroe,1-Day,1.0,2000-03-27,3.3187249092881337,0.3141035806871599,-0.16606954887864436
Monroe,1-Day,1.0,2000-03-28,3.3049680963760886,0.3148075851025233,-0.1395018964529498
Monroe,1-Day,1.0,2000-03-29,3.291127652604852,0.31527998955822095,-0.11994726700294432
Monroe,1-Day,1.0,2000-03-30,3.277241675731491,0.31563316966080346,-0.10820754961780213
Monroe,1-Day,1.0,2000-03-31,3.263323032243569,0.3159669812894667,-0.09491361093501534
Monroe,1-Day,1.0,2000-04-01,3.249374843217026,0.31633027463311164,-0.0800094835543694
Monroe,1-Day,1.0,2000-04-02,3.235390898286817,0.3167089412233351,-0.06373529410185078
Monroe,1-Day,1.0,2000-04-03,3.2213544225460273,0.3170413948096636,-0.04649316204080895
Monroe,1-Day,1.0,2000-04-04,3.207247363526346,0.31723227587422487,-0.028607680072662428
Monroe,1-Day,1.0,2000-04-05,3.1930571870697415,0.317242884214078,-0.01032977518547622
Monroe,1-Day,1.0,2000-04-06,3.178786923838643,0.3171544494663363,0.00794639765121269
Monroe,1-Day,1.0,2000-04-07,3.1644611509818463,0.3171248235082407,0.025915985866027468
Monroe,1-Day,1.0,2000-04-08,3.150120508387898,0.3172270375795402,0.04358203623478017
Monroe,1-Day,1.0,2000-04-09,3.135809538973615,0.3174241333891802,0.06099654104154371
Monroe,1-Day,1.0,2000-04-10,3.1215681833720317,0.31766190903660557,0.07797664847115206
Monroe,1-Day,1.0,2000-04-11,3.1074248402214057,0.31791356023474293,0.09387093624527244
Monroe,1-Day,1.0,2000-04-12,3.0933952678170766,0.3181714007185811,0.1076120614418922
Monroe,1-Day,1.0,2000-04-13,3.0794899144096255,0.3184338878607842,0.11852245575225089
Monroe,1-Day,1.0,2000-04-14,3.0657209685978026,0.3186748800635787,0.1276691504083243
Monroe,1-Day,1.0,2000-04-15,3.052101580630334,0.31882010485088264,0.1371364882447646
Monroe,1-Day,1.0,2000-04-16,3.038640963502231,0.3188072774582193,0.14811106455075926
Monroe,1-Day,1.0,2000-04-17,3.0253419136577193,0.3186326655197447,0.1605090433716515
Monroe,1-Day,1.0,2000-04-18,3.0122012442813126,0.3183255111530965,0.17361925109156487
Monroe,1-Day,1.0,2000-04-19,2.9992108165341933,0.3179143935445075,0.18679853945105637
Monroe,1-Day,1.0,2000-04-20,2.986358994725386,0.31743636179045065,0.19961620666073218
Monroe,1-Day,1.0,2000-04-21,2.9736326193520406,0.3169356894528627,0.21190734611212123
Monroe,1-Day,1.0,2000-04-22,2.961017001651973,0.31646172191305044,0.22373084701283039
Monroe,1-Day,1.0,2000-04-23,2.9484965754487624,0.31607008832772376,0.23540026451996152
Monroe,1-Day,1.0,2000-04-24,2.9360538231175917,0.31581768908415003,0.2475877789675914
Monroe,1-Day,1.0,2000-04-25,2.9236687563704686,0.3157309190107068,0.2613828571344049
Monroe,1-Day,1.0,2000-04-26,2.9113222800757486,0.31579734107758234,0.2780570349289898
Monroe,1-Day,1.0,2000-04-27,2.899280012899452,0.3159849673586099,0.29829846085309053
Monroe,1-Day,1.0,2000-04-28,2.8871482835058693,0.3162433577651446,0.32141263001882
Monroe,1-Day,1.0,2000-04-29,2.874968563342768,0.31650658106995516,0.3453742409711876
Monroe,1-Day,1.0,2000-04-30,2.8627697190888286,0.31671722608994296,0.3679890098527916
Monroe,1-Day,1.0,2000-05-01,2.850568808754981,0.31684516707340704,0.38809616067584723
Monroe,1-Day,1.0,2000-05-02,2.8383759283409304,0.31688668849191487,0.40546782922453495
Monroe,1-Day,1.0,2000-05-03,2.8261972282754244,0.31646926607361536,0.41745994420996424
Monroe,1-Day,1.0,2000-05-04,2.814036241093911,0.3159510901467335,0.4298983657896979
Monroe,1-Day,1.0,2000-05-05,2.8018945143733833,0.3154284837479075,0.44302825491562736
Monroe,1-Day,1.0,2000-05-06,2.7897720809344984,0.31490673810978176,0.4565110534510564
Monroe,1-Day,1.0,2000-05-07,2.777667896923247,0.31437653601165305,0.4701186246657583
Monroe,1-Day,1.0,2000-05-08,2.765580158270507,0.31382960524881215,0.48371386796383165
Monroe,1-Day,1.0,2000-05-09,2.753506505808238,0.3132587610576638,0.49720622622730204
Monroe,1-Day,1.0,2000-05-10,2.7414441473699425,0.3126574168489191,0.510528633326315
Monroe,1-Day,1.0,2000-05-11,2.7293900791458676,0.31201973763579527,0.5236361689091751
Monroe,1-Day,1.0,2000-05-12,2.7173413726015685,0.311341154159826,0.5365153378427564
Monroe,1-Day,1.0,2000-05-13,2.7052953425580797,0.31061863414323226,0.5491806129720795
Monroe,1-Day,1.0,2000-05-14,2.6932496190954414,0.30985064411955443,0.5616689494153475
Monroe,1-Day,1.0,2000-05-15,2.681202397214888,0.3090378492814344,0.5740286919176772
Monroe,5-Day,5.0,2000-01-01,3.7658752642996616,0.25211515220588504,-0.9345197134651309
Monroe,5-Day,5.0,2000-01-02,3.7620812568455433,0.2515940029305743,-0.9218202872418312
Monroe,5-Day,5.0,2000-01-03,3.758267890753017,0.25107418980691765,-0.9090910474094799
Monroe,5-Day,5.0,2000-01-04,3.754433942079493,0.2505567259167439,-0.8963310452198557
Monroe,5-Day,5.0,2000-01-05,3.7505785911481877,0.25004217489050945,-0.883541416333775
Monroe,5-Day,5.0,2000-01-06,3.7467014022608423,0.24952991803439878,-0.8707445119875391
Monroe,5-Day,5.0,2000-01-07,3.742802458893843,0.24901882570064382,-0.8579730002606827
Monroe,5-Day,5.0,2000-01-08,3.7388823206651467,0.24850735236897908,-0.8452674058611541
Monroe,5-Day,5.0,2000-01-09,3.734941898525238,0.24799262285134202,-0.8326964457706555
Monroe,5-Day,5.0,2000-01-10,3.7309824196697368,0.24747033482580622,-0.8203582204322477
Monroe,5-Day,5.0,2000-01-11,3.727005639881831,0.24693591056350547,-0.8083543476085692
Monroe,5-Day,5.0,2000-01-12,3.7230139781634333,0.24638510006995032,-0.7967665715901955
Monroe,5-Day,5.0,2000-01-13,3.7190104839777116,0.24581275643275938,-0.7856511814991736
Monroe,5-Day,5.0,2000-01-14,3.714998946473816,0.24521990575331415,-0.775032928381802
Monroe,5-Day,5.0,2000-01-15,3.710984009867416,0.2445474472182143,-0.7717075459184938
Monroe,5-Day,5.0,2000-01-16,3.706971308226286,0.24384403701230783,-0.7720450122454706
Monroe,5-Day,5.0,2000-01-17,3.702967459463424,0.243137493649211,-0.7754189973707352
Monroe,5-Day,5.0,2000-01-18,3.698978754232811,0.24245762417877934,-0.7804829638770014
Monroe,5-Day,5.0,2000-01-19,3.695004239930556,0.24182375331961292,-0.7862561726786382
Monroe,5-Day,5.0,2000-01-20,3.691013385110345,0.24122804051333835,-0.7925979541374892
Monroe,5-Day,5.0,2000-01-21,3.6865573178866913,0.240644745969723,-0.8001987764328813
Monroe,5-Day,5.0,2000-01-22,3.681989431333446,0.2400561946453123,-0.809919844486139
Monroe,5-Day,5.0,2000-01-23,3.6773063852970154,0.23946708198207098,-0.8219520813987966
Monroe,5-Day,5.0,2000-01-24,3.672505227394215,0.23890314910004287,-0.8351894542937518
Monroe,5-Day,5.0,2000-01-25,3.66758345815087,0.23839641943853532,-0.847811582610137
Monroe,5-Day,5.0,2000-01-26,3.6625422671268795,0.2379969769427138,-0.8582030111931606
Monroe,5-Day,5.0,2000-01-27,3.657387826746217,0.23776088959232877,-0.8654651419193341
Monroe,5-Day,5.0,2000-01-28,3.6521335502523016,0.23772874970894334,-0.8693670388231404
Monroe,5-Day,5.0,2000-01-29,3.646800055896201,0.23793146089602973,-0.8695183856758728
Monroe,5-Day,5.0,2000-01-30,3.6414146153702007,0.23839483062819983,-0.8650248995612758
Monroe,5-Day,5.0,2000-01-31,3.6360055542036793,0.23914348045906356,-0.855356770464314
Monroe,5-Day,5.0,2000-02-01,3.630594818532582,0.2397957539383405,-0.8408029238425103
Monroe,5-Day,5.0,2000-02-02,3.6251929907971596,0.23988983843652173,-0.8225862124236284
Monroe,5-Day,5.0,2000-02-03,3.6197986492903986,0.23964790670548933,-0.802205251927525
Monroe,5-Day,5.0,2000-02-04,3.614403077824293,0.2393619376244731,-0.7816315404171369
Monroe,5-Day,5.0,2000-02-05,3.6089946902418952,0.23925694213610424,-0.7623971570106555
Monroe,5-Day,5.0,2000-02-06,3.6035597740192085,0.23935866970961914,-0.7446505804534672
Monroe,5-Day,5.0,2000-02-07,3.5980843182208377,0.23956786139721425,-0.7276549666021032
Monroe,5-Day,5.0,2000-02-08,3.592554201116693,0.23975966290743056,-0.7104817174860532
Monroe,5-Day,5.0,2000-02-09,3.5869544999194396,0.23990970686525848,-0.6929052944295248
Monroe,5-Day,5.0,2000-02-10,3.5812727014188552,0.24014503296187975,-0.6757906683682596
Monroe,5-Day,5.0,2000-02-11,3.5755058244129283,0.24063495027318701,-0.6603505878431273
Monroe,5-Day,5.0,2000-02-12,3.5696529436394995,0.24143968313369638,-0.6470275476385687
Monroe,5-Day,5.0,2000-02-13,3.563716070664241,0.2425111565600866,-0.6354881233511825
Monroe,5-Day,5.0,2000-02-14,3.5576996333025526,0.24381576191502496,-0.6255021575656431
Monroe,5-Day,5.0,2000-02-15,3.551609099584016,0.24533695108674178,-0.6169593758435427
Monroe,5-Day,5.0,2000-02-16,3.545450111110765,0.2469288014192105,-0.6088284053006798
Monroe,5-Day,5.0,2000-02-17,3.539226401909744,0.24855358407754238,-0.6008507934078673
Monroe,5-Day,5.0,2000-02-18,3.532942302817184,0.2501943532414885,-0.5929200355403069
Monroe,5-Day,5.0,2000-02-19,3.5266070744333797,0.2517113095956063,-0.5840855468538987
Monroe,5-Day,5.0,2000-02-20,3.5202358801401092,0.2529811335265913,-0.5735408740784569
Monroe,5-Day,5.0,2000-02-21,3.513845177355873,0.25394683595360035,-0.5609462498372243
Monroe,5-Day,5.0,2000-02-22,3.507446109155087,0.25463068392556787,-0.546489179107239
Monroe,5-Day,5.0,2000-02-23,3.5010448472983104,0.25508470164152736,-0.5305407596521224
Monroe,5-Day,5.0,2000-02-24,3.4946468568007827,0.25537143520307876,-0.5135402816669662
Monroe,5-Day,5.0,2000-02-25,3.4882573220136877,0.25555265049983233,-0.4959228557700493
Monroe,5-Day,5.0,2000-02-26,3.4818807165273977,0.2556660189167156,-0.47795564387243245
Monroe,5-Day,5.0,2000-02-27,3.475518458982746,0.25574596171359837,-0.4598781576805985
Monroe,5-Day,5.0,2000-02-28,3.469164706108406,0.25582377800576167,-0.44189145253642403
Monroe,5-Day,5.0,2000-03-01,3.4564148699330626,0.25608286058193347,-0.40678131686565167
Monroe,5-Day,5.0,2000-03-02,3.4499677304133525,0.2562558806924675,-0.3894541198822043
Monroe,5-Day,5.0,2000-03-03,3.4434305002031786,0.2564540090745559,-0.37213322373839003
Monroe,5-Day,5.0,2000-03-04,3.436778801074018,0.2567174588554004,-0.3550502394285372
Monroe,5-Day,5.0,2000-03-05,3.430003436435314,0.2570855273977208,-0.3384799570169903
Monroe,5-Day,5.0,2000-03-06,3.4231152121165707,0.2575554938584258,-0.322444947503708
Monroe,5-Day,5.0,2000-03-07,3.416134280886134,0.25812038357644995,-0.3069604067448643
Monroe,5-Day,5.0,2000-03-08,3.4090767235660002,0.2588046197728011,-0.29226325933769925
Monroe,5-Day,5.0,2000-03-09,3.4019414381373223,0.2596384474630214,-0.27858591689660955
Monroe,5-Day,5.0,2000-03-10,3.394709108848625,0.2606293594573168,-0.2659381649721859
Monroe,5-Day,5.0,2000-03-11,3.3873525942796623,0.26176965704942873,-0.25419224317660105
Monroe,5-Day,5.0,2000-03-12,3.379851718779214,0.2630467356912369,-0.2432016115102997
Monroe,5-Day,5.0,2000-03-13,3.372189885407025,0.2644454624626136,-0.23280996793198505
Monroe,5-Day,5.0,2000-03-14,3.364326000463789,0.2658518536025847,-0.222053815428829
Monroe,5-Day,5.0,2000-03-15,3.3561852714827434,0.26745563749248596,-0.2121613547040477
Monroe,5-Day,5.0,2000-03-16,3.3476873450939295,0.2692182718104845,-0.20263423770034342
Monroe,5-Day,5.0,2000-03-17,3.338780785790468,0.2712278938915691,-0.194
Monroe,5-Day,5.0,2000-03-18,3.329455115879752,0.27453928098173674,-0.194
Monroe,5-Day,5.0,2000-03-19,3.319723603531258,0.27799477583273685,-0.194
Monroe,5-Day,5.0,2000-03-20,3.309587626304703,0.28159388929649753,-0.194
Monroe,5-Day,5.0,2000-03-21,3.2990116851353775,0.28534922648875094,-0.194
Monroe,5-Day,5.0,2000-03-22,3.2879698452661805,0.28926999640018786,-0.194
Monroe,5-Day,5.0,2000-03-23,3.2764625786482355,0.29335603145046313,-0.194
Monroe,5-Day,5.0,2000-03-24,3.264508965554572,0.29637338464707513,-0.18566077702830328
Monroe,5-Day,5.0,2000-03-25,3.252146853697938,0.2976963476334182,-0.1649877660846228
Monroe,5-Day,5.0,2000-03-26,3.2394326883082556,0.29853065819828717,-0.14034908303890264
Monroe,5-Day,5.0,2000-03-27,3.226436668926549,0.2989764308998287,-0.1125495366455713
Monroe,5-Day,5.0,2000-03-28,3.2132356764745094,0.2991340296035336,-0.0824052723364748
Monroe,5-Day,5.0,2000-03-29,3.199899122764972,0.2991370698436955,-0.050961742895133715
Monroe,5-Day,5.0,2000-03-30,3.1864755466233836,0.29911295511581376,-0.02138787304525025
Monroe,5-Day,5.0,2000-03-31,3.1729878837314858,0.2991271790672634,-0.005448985300682719
Monroe,5-Day,5.0,2000-04-01,3.159444711791991,0.2991919220901605,0.01213586609860842
Monroe,5-Day,5.0,2000-04-02,3.1458446111572553,0.2992756585094503,0.0313008499413058
Monroe,5-Day,5.0,2000-04-03,3.13217100676486,0.2993193734452189,0.05161950699361776
Monroe,5-Day,5.0,2000-04-04,3.1184001530831447,0.29924048713709966,0.0725865529122361
Monroe,5-Day,5.0,2000-04-05,3.1045073411678192,0.2989926876562163,0.09371060423007842
Monroe,5-Day,5.0,2000-04-06,3.090482581770289,0.2986393480128593,0.11432172108184357
Monroe,5-Day,5.0,2000-04-07,3.0763398224886904,0.29838595521069505,0.13338622467480685
Monroe,5-Day,5.0,2000-04-08,3.0621194616601812,0.29839211806142324,0.1499496438683302
Monroe,5-Day,5.0,2000-04-09,3.04787957479882,0.2986256295169795,0.16343963861929225
Monroe,5-Day,5.0,2000-04-10,3.0336843363257318,0.2989375198033416,0.1737104843066069
Monroe,5-Day,5.0,2000-04-11,3.019586929383923,0.29920897320223555,0.1808406872279856
Monroe,5-Day,5.0,2000-04-12,3.005618248007303,0.299413568497075,0.18523543518980015
Monroe,5-Day,5.0,2000-04-13,2.9917925628213347,0.2995843468781971,0.18802433711116548
Monroe,5-Day,5.0,2000-04-14,2.97811852247112,0.2997342454673104,0.1909499475139778
Monroe,5-Day,5.0,2000-04-15,2.964603109583066,0.2998251029315261,0.19522548215634658
Monroe,5-Day,5.0,2000-04-16,2.951249970179145,0.2997850736886813,0.2009777267212263
Monroe,5-Day,5.0,2000-04-17,2.938055950621647,0.2995819454671096,0.2075105596199844
Monroe,5-Day,5.0,2000-04-18,2.9250117814590197,0.2992235970013181,0.2137693297943038
Monroe,5-Day,5.0,2000-04-19,2.9121045635207197,0.29872344450390453,0.2188027097025079
Monroe,5-Day,5.0,2000-04-20,2.89932090080645,0.29810548551451954,0.2219862708584927
Monroe,5-Day,5.0,2000-04-21,2.8866460387639274,0.2974185774811136,0.22344405399004968
Monroe,5-Day,5.0,2000-04-22,2.8740579736223975,0.29674218366110094,0.22418108986336227
Monroe,5-Day,5.0,2000-04-23,2.8615331651893565,0.29616391682636145,0.2258589375934893
Monroe,5-Day,5.0,2000-04-24,2.8490548763327936,0.29576962192975303,0.23040512559134102
Monroe,5-Day,5.0,2000-04-25,2.8366105913998854,0.2956256254665707,0.23931194720272958
Monroe,5-Day,5.0,2000-04-26,2.824188007819549,0.29575178696343496,0.2530011428508452
Monroe,5-Day,5.0,2000-04-27,2.8119575412578715,0.2961407556654996,0.2710323750550208
Monroe,5-Day,5.0,2000-04-28,2.799643427043531,0.2967604806951989,0.2924653965489139
Monroe,5-Day,5.0,2000-04-29,2.787283260298513,0.29754674645500695,0.31478173363277123
Monroe,5-Day,5.0,2000-04-30,2.7749023306204283,0.29841900695580575,0.3363062804845031
Monroe,5-Day,5.0,2000-05-01,2.762515444085253,0.29929276179713404,0.3576986492851616
Monroe,5-Day,5.0,2000-05-02,2.7501315377249083,0.3001225888323881,0.37785215397047717
Monroe,5-Day,5.0,2000-05-03,2.7377562987231068,0.30080336269843294,0.38925109066088903
Monroe,5-Day,5.0,2000-05-04,2.725393143178594,0.30131593910606796,0.40013073409789196
Monroe,5-Day,5.0,2000-05-05,2.713043750235612,0.30178888923594127,0.4115442581342291
Monroe,5-Day,5.0,2000-05-06,2.7007083129465643,0.3022597419143482,0.42335916103935267
Monroe,5-Day,5.0,2000-05-07,2.6883859775166505,0.3027350932939149,0.435378727714632
Monroe,5-Day,5.0,2000-05-08,2.6760751598158996,0.30321227374378706,0.44745453009001573
Monroe,5-Day,5.0,2000-05-09,2.6637737003100797,0.30368443090898045,0.459482697295172
Monroe,5-Day,5.0,2000-05-10,2.651478908898438,0.3041424517729221,0.47137822986088507
Monroe,5-Day,5.0,2000-05-11,2.6391878879430473,0.3045760739183222,0.4830630768060217
Monroe,5-Day,5.0,2000-05-12,2.6268979469328784,0.30497515075783577,0.4944805096904685
Monroe,5-Day,5.0,2000-05-13,2.614606821170612,0.3053305895741961,0.5055961579092716
Monroe,5-Day,5.0,2000-05-14,2.602312442879884,0.30563591035424853,0.51639579051896
Monroe,5-Day,5.0,2000-05-15,2.5900130618797763,0.3058885385680125,0.5268873661152269
Lookout Point,1-Day,1.0,2000-01-01,4.295732202610695,0.2320267438468706,-0.13209778191649962
Lookout Point,1-Day,1.0,2000-01-02,4.290838840041799,0.23240264692535736,-0.12190483267350172
Lookout Point,1-Day,1.0,2000-01-03,4.285939577067869,0.23277241481755598,-0.11179001077572628
Lookout Point,1-Day,1.0,2000-01-04,4.281034174140661,0.23313300697005016,-0.10179565536025745
Lookout Point,1-Day,1.0,2000-01-05,4.27612244022893,0.23348176567447265,-0.09196552906893603
Lookout Point,1-Day,1.0,2000-01-06,4.271204483349749,0.23381653773977476,-0.08234816381207209
Lookout Point,1-Day,1.0,2000-01-07,4.266281047351853,0.23413565943350503,-0.07299395662246264
Lookout Point,1-Day,1.0,2000-01-08,4.261353461386794,0.23443811285683425,-0.06395434930491262
Lookout Point,1-Day,1.0,2000-01-09,4.256423379409699,0.23472328253729544,-0.05527090232030904
Lookout Point,1-Day,1.0,2000-01-10,4.25149261635238,0.234991627037769,-0.0469660012048316
Lookout Point,1-Day,1.0,2000-01-11,4.246562942311201,0.23524572371802094,-0.03902469982618652
Lookout Point,1-Day,1.0,2000-01-12,4.241636010567973,0.23549108671906474,-0.03136402575430207
Lookout Point,1-Day,1.0,2000-01-13,4.236713271554346,0.23573594876414336,-0.023807806950465315
Lookout Point,1-Day,1.0,2000-01-14,4.231795978582844,0.23597349852133184,-0.016284390917904006
Lookout Point,1-Day,1.0,2000-01-15,4.226885074592828,0.23581059554396805,-0.014119354121653303
Lookout Point,1-Day,1.0,2000-01-16,4.221981314793452,0.235554559547676,-0.011991368976604935
Lookout Point,1-Day,1.0,2000-01-17,4.217085104439923,0.23525360397252498,-0.009679292631953766
Lookout Point,1-Day,1.0,2000-01-18,4.212196060750065,0.2349549398401484,-0.007248191296761242
Lookout Point,1-Day,1.0,2000-01-19,4.207311928713798,0.23468638996387062,-0.004886447683752614
Lookout Point,1-Day,1.0,2000-01-20,4.202425710405487,0.23445481122316586,-0.002798908102039453
Lookout Point,1-Day,1.0,2000-01-21,4.1975092458744,0.23424983598569668,-0.000976016045415907
Lookout Point,1-Day,1.0,2000-01-22,4.192586474271519,0.234059135581852,0.0008728319296188714
Lookout Point,1-Day,1.0,2000-01-23,4.187655468603916,0.2338801811136906,0.0034172849278798043
Lookout Point,1-Day,1.0,2000-01-24,4.182716652002739,0.23372730197748218,0.0076336296193012364
Lookout Point,1-Day,1.0,2000-01-25,4.177780043880971,0.2336350303544869,0.01453286964995024
Lookout Point,1-Day,1.0,2000-01-26,4.172868114586322,0.23365161554064695,0.02482862294177234
Lookout Point,1-Day,1.0,2000-01-27,4.168008774499162,0.23381974398140815,0.037806424122697226
Lookout Point,1-Day,1.0,2000-01-28,4.163225962061931,0.23415987856653053,0.04890086976080199
Lookout Point,1-Day,1.0,2000-01-29,4.158533611287715,0.23466823676482543,0.058094493352768874
Lookout Point,1-Day,1.0,2000-01-30,4.153933232783007,0.23532605496587264,0.0655563034552069
Lookout Point,1-Day,1.0,2000-01-31,4.149416051743249,0.23609751898794787,0.07165322038353501
Lookout Point,1-Day,1.0,2000-02-01,4.144967105204382,0.2369113546993665,0.07710740675888267
Lookout Point,1-Day,1.0,2000-02-02,4.1405717615558,0.23768371527102136,0.08275574377788002
Lookout Point,1-Day,1.0,2000-02-03,4.136221275376397,0.23835103327902896,0.0892231903460004
Lookout Point,1-Day,1.0,2000-02-04,4.131913489087742,0.2388791686197243,0.09683850941073695
Lookout Point,1-Day,1.0,2000-02-05,4.127645165263715,0.2392551122710707,0.10573819337723803
Lookout Point,1-Day,1.0,2000-02-06,4.123409068787388,0.23948279385303292,0.11591517262439054
Lookout Point,1-Day,1.0,2000-02-07,4.119195578489888,0.23957419117642959,0.12729681233462
Lookout Point,1-Day,1.0,2000-02-08,4.11499645879198,0.23954114287252687,0.1398100388873458
Lookout Point,1-Day,1.0,2000-02-09,4.110808347949297,0.23939641356509456,0.15336010476637388
Lookout Point,1-Day,1.0,2000-02-10,4.106633581765786,0.2391507469598747,0.16785554767745023
Lookout Point,1-Day,1.0,2000-02-11,4.102478361804654,0.23881063322553922,0.18323504180344027
Lookout Point,1-Day,1.0,2000-02-12,4.09834994746928,0.23837528430800214,0.19950616702288568
Lookout Point,1-Day,1.0,2000-02-13,4.094255064549808,0.2378310438809984,0.2168081903562717
Lookout Point,1-Day,1.0,2000-02-14,4.090200768701685,0.23715596610229556,0.23537014196380385
Lookout Point,1-Day,1.0,2000-02-15,4.08619341804427,0.23633419721206755,0.2553742925417807
Lookout Point,1-Day,1.0,2000-02-16,4.0822389775162975,0.23528076375420162,0.27772612333717595
Lookout Point,1-Day,1.0,2000-02-17,4.078344827839853,0.2342428815704716,0.29992600219323556
Lookout Point,1-Day,1.0,2000-02-18,4.074522655606315,0.23313957533750632,0.32278814332241124
Lookout Point,1-Day,1.0,2000-02-19,4.070786277496034,0.23202623717180085,0.34570906113644057
Lookout Point,1-Day,1.0,2000-02-20,4.067142983028808,0.23094870171661394,0.3681761125315072
Lookout Point,1-Day,1.0,2000-02-21,4.063589039987769,0.2299247962495627,0.3899902076717308
Lookout Point,1-Day,1.0,2000-02-22,4.060113832852351,0.22894625833643464,0.411253050276797
Lookout Point,1-Day,1.0,2000-02-23,4.056703193478433,0.2279954378967604,0.4321878537066841
Lookout Point,1-Day,1.0,2000-02-24,4.053345141249246,0.22705676518480322,0.43120106113245954
Lookout Point,1-Day,1.0,2000-02-25,4.050032372663766,0.2261209805610287,0.42684530445800545
Lookout Point,1-Day,1.0,2000-02-26,4.046762330247139,0.22518848010177153,0.4209570767125615
Lookout Point,1-Day,1.0,2000-02-27,4.0435342716732015,0.22426564523025408,0.41385032826651974
Lookout Point,1-Day,1.0,2000-02-28,4.040346518135125,0.2233593368477024,0.4059229663941914
Lookout Point,1-Day,1.0,2000-03-01,4.034079567187122,0.22162521759716355,0.38920369362544527
Lookout Point,1-Day,1.0,2000-03-02,4.030993853929699,0.2208218743497324,0.38110031564660446
Lookout Point,1-Day,1.0,2000-03-03,4.027935104989635,0.22008327346673656,0.3735922515622259
Lookout Point,1-Day,1.0,2000-03-04,4.024900254015467,0.21943077932207475,0.36689312745581976
Lookout Point,1-Day,1.0,2000-03-05,4.021888364788306,0.21887933343751637,0.3610932744981491
Lookout Point,1-Day,1.0,2000-03-06,4.018902475467418,0.2184298220799266,0.35625070212826065
Lookout Point,1-Day,1.0,2000-03-07,4.015952433765934,0.2180707165847201,0.3524046501670597
Lookout Point,1-Day,1.0,2000-03-08,4.013053822594207,0.21778091057128515,0.34961389745788224
Lookout Point,1-Day,1.0,2000-03-09,4.010218893295518,0.21753140342944038,0.34784530993139195
Lookout Point,1-Day,1.0,2000-03-10,4.007444612209959,0.2172893629254597,0.3470156189024055
Lookout Point,1-Day,1.0,2000-03-11,4.004707314764445,0.21702100372975433,0.346935715132319
Lookout Point,1-Day,1.0,2000-03-12,4.001966110922801,0.21669496246733566,0.3472635422868515
Lookout Point,1-Day,1.0,2000-03-13,3.999182372769664,0.21629238003706644,0.3476600501585431
Lookout Point,1-Day,1.0,2000-03-14,3.996333170334937,0.21605427920702003,0.3497489825756118
Lookout Point,1-Day,1.0,2000-03-15,3.9934134581193934,0.21555887063909532,0.3509240752777663
Lookout Point,1-Day,1.0,2000-03-16,3.990427135183398,0.21497759427826624,0.35151334581538146
Lookout Point,1-Day,1.0,2000-03-17,3.987377936811596,0.2143240054153266,0.3514323450250154
Lookout Point,1-Day,1.0,2000-03-18,3.9842669809733047,0.2136222775631525,0.3510127657356541
Lookout Point,1-Day,1.0,2000-03-19,3.981093480321504,0.21289702248853046,0.3507479932238935
Lookout Point,1-Day,1.0,2000-03-20,3.9778544142557033,0.21215926189706819,0.3510184191910206
Lookout Point,1-Day,1.0,2000-03-21,3.974546011797572,0.21140075031645691,0.3520245990057025
Lookout Point,1-Day,1.0,2000-03-22,3.971166514376683,0.21059918509667255,0.35374639176412825
Lookout Point,1-Day,1.0,2000-03-23,3.967716112051246,0.20972458555765527,0.3560141336268229
Lookout Point,1-Day,1.0,2000-03-24,3.964196283931935,0.2087569797050205,0.3587370499305321
Lookout Point,1-Day,1.0,2000-03-25,3.9606101860177247,0.20770004054581484,0.36195602342697436
Lookout Point,1-Day,1.0,2000-03-26,3.9569634536043905,0.20659299802647654,0.36587437712960463
Lookout Point,1-Day,1.0,2000-03-27,3.9532638700991134,0.2055063778065695,0.37085659035388807
Lookout Point,1-Day,1.0,2000-03-28,3.949519359056956,0.20452487596646826,0.3772553911396964
Lookout Point,1-Day,1.0,2000-03-29,3.945734973228252,0.2037221419955832,0.38523201788978223
Lookout Point,1-Day,1.0,2000-03-30,3.9419124881501997,0.20313898511218317,0.39465630876987867
Lookout Point,1-Day,1.0,2000-03-31,3.938051935155544,0.20278379359125864,0.40491843917412385
Lookout Point,1-Day,1.0,2000-04-01,3.934155330968004,0.20263858059825116,0.4149422157658603
Lookout Point,1-Day,1.0,2000-04-02,3.93022586443728,0.2026700315846039,0.4235115024954631
Lookout Point,1-Day,1.0,2000-04-03,3.926264375842798,0.2028422040416339,0.429558843053507
Lookout Point,1-Day,1.0,2000-04-04,3.9222707397287446,0.20313393521684853,0.4325584492872621
Lookout Point,1-Day,1.0,2000-04-05,3.918246025169373,0.20353750038135457,0.432434032212409
Lookout Point,1-Day,1.0,2000-04-06,3.9141928506814123,0.2040322596410035,0.4291014628020928
Lookout Point,1-Day,1.0,2000-04-07,3.910114343370447,0.20458350191021632,0.4222383700689796
Lookout Point,1-Day,1.0,2000-04-08,3.9060123013769874,0.20516732395734327,0.41161762104013183
Lookout Point,1-Day,1.0,2000-04-09,3.9018887451024438,0.20579186381548453,0.3973670167869949
Lookout Point,1-Day,1.0,2000-04-10,3.897747809465495,0.2064902475297582,0.3802567389172321
Lookout Point,1-Day,1.0,2000-04-11,3.8935935993196322,0.20730636727093468,0.3616364843278481
Lookout Point,1-Day,1.0,2000-04-12,3.889427514941724,0.20825368225674773,0.34281499658406567
Lookout Point,1-Day,1.0,2000-04-13,3.8852499031874204,0.20929846426648804,0.3245083932971298
Lookout Point,1-Day,1.0,2000-04-14,3.881059753369872,0.2103822900623571,0.3068030878845438
Lookout Point,1-Day,1.0,2000-04-15,3.8768545329986197,0.21145912046837073,0.2894039571023888
Lookout Point,1-Day,1.0,2000-04-16,3.872630880521125,0.2125054967538188,0.2722053521646631
Lookout Point,1-Day,1.0,2000-04-17,3.8683864980151577,0.21350482575761326,0.2555287317609509
Lookout Point,1-Day,1.0,2000-04-18,3.864121678872708,0.2144243371085165,0.2397380765582403
Lookout Point,1-Day,1.0,2000-04-19,3.8598375353433783,0.21522873369616388,0.22494894010545194
Lookout Point,1-Day,1.0,2000-04-20,3.8555347178863726,0.2158957753679219,0.21118246449055236
Lookout Point,1-Day,1.0,2000-04-21,3.851212873030065,0.21642781990123136,0.1984955638370181
Lookout Point,1-Day,1.0,2000-04-22,3.846871360240564,0.21685460204244664,0.18703987008699846
Lookout Point,1-Day,1.0,2000-04-23,3.8425093948910596,0.21721581814175503,0.17681689603280104
Lookout Point,1-Day,1.0,2000-04-24,3.838127570023745,0.21754842999884208,0.16756021289649764
Lookout Point,1-Day,1.0,2000-04-25,3.8337271003484394,0.21787526235725088,0.15849360189471942
Lookout Point,1-Day,1.0,2000-04-26,3.8293088416146723,0.21820765283084206,0.14843416948816737
Lookout Point,1-Day,1.0,2000-04-27,3.824840746043799,0.2185461560560229,0.13633529985754003
Lookout Point,1-Day,1.0,2000-04-28,3.8203549173437072,0.21887888312367468,0.12181192825359106
Lookout Point,1-Day,1.0,2000-04-29,3.815860038901227,0.21918823146856592,0.10506469553071592
Lookout Point,1-Day,1.0,2000-04-30,3.811360167318133,0.21946777767653938,0.08658711795072631
Lookout Point,1-Day,1.0,2000-05-01,3.8068569704812747,0.2197286986195913,0.06693925371947179
Lookout Point,1-Day,1.0,2000-05-02,3.802351297936393,0.2199938885701096,0.046687421553847856
Lookout Point,1-Day,1.0,2000-05-03,3.797843636655628,0.22047641062499357,0.026868438596577848
Lookout Point,1-Day,1.0,2000-05-04,3.793334289186491,0.22105626191672884,0.008771140607979542
Lookout Point,1-Day,1.0,2000-05-05,3.788823461306282,0.22166615062375672,-0.008970190142070292
Lookout Point,1-Day,1.0,2000-05-06,3.7843113114437816,0.22228942768339394,-0.02673137673708574
Lookout Point,1-Day,1.0,2000-05-07,3.77979792203445,0.22292347935981488,-0.04457293556889544
Lookout Point,1-Day,1.0,2000-05-08,3.7752832272905197,0.22356863930888576,-0.06247342225814765
Lookout Point,1-Day,1.0,2000-05-09,3.770767038429792,0.22422595139342333,-0.08038245104526592
Lookout Point,1-Day,1.0,2000-05-10,3.7662490683456307,0.22489702098334177,-0.09823447056095162
Lookout Point,1-Day,1.0,2000-05-11,3.7617289720873774,0.22558403483121942,-0.11595382136428779
Lookout Point,1-Day,1.0,2000-05-12,3.757206402231914,0.2262894509351204,-0.13346108592180403
Lookout Point,1-Day,1.0,2000-05-13,3.752681023000762,0.2270155050158093,-0.1506843331617985
Lookout Point,1-Day,1.0,2000-05-14,3.7481525346338147,0.22776377762564093,-0.16757331082335697
Lookout Point,1-Day,1.0,2000-05-15,3.743620762624536,0.22853468439549676,-0.18410169130458853
Lookout Point,5-Day,5.0,2000-01-01,4.121627651973832,0.19391604922514943,-0.12414551270909818
Lookout Point,5-Day,5.0,2000-01-02,4.118433953228385,0.19390259551348824,-0.1123190227424389
Lookout Point,5-Day,5.0,2000-01-03,4.1152232189299776,0.19389408211743278,-0.10049625981602656
Lookout Point,5-Day,5.0,2000-01-04,4.111995476046849,0.19389503948555165,-0.08872679834848979
Lookout Point,5-Day,5.0,2000-01-05,4.108751349706376,0.1939090036851691,-0.07705246662457256
Lookout Point,5-Day,5.0,2000-01-06,4.1054921012342165,0.1939379225365305,-0.06550073509284234
Lookout Point,5-Day,5.0,2000-01-07,4.102219623991739,0.19398232528830772,-0.05408615025581233
Lookout Point,5-Day,5.0,2000-01-08,4.0989362821791495,0.19404300390569082,-0.04282788264379319
Lookout Point,5-Day,5.0,2000-01-09,4.0956446134913875,0.19412277348696488,-0.0317681107613904
Lookout Point,5-Day,5.0,2000-01-10,4.092347133884477,0.19422624279833894,-0.020969158371228206
Lookout Point,5-Day,5.0,2000-01-11,4.089046380592626,0.19435795620830035,-0.010493273565122365
Lookout Point,5-Day,5.0,2000-01-12,4.085744913716875,0.19493563511055023,-0.005
Lookout Point,5-Day,5.0,2000-01-13,4.0824452501428485,0.19600587411377482,-0.005
Lookout Point,5-Day,5.0,2000-01-14,4.0791499421461666,0.19707470039356678,-0.005
Lookout Point,5-Day,5.0,2000-01-15,4.075861680376744,0.19814124124522986,-0.005
Lookout Point,5-Day,5.0,2000-01-16,4.0725834911476495,0.19920451508928752,-0.005
Lookout Point,5-Day,5.0,2000-01-17,4.069318650523485,0.2002634593410633,-0.005
Lookout Point,5-Day,5.0,2000-01-18,4.066068832754153,0.2013175309611529,-0.005
Lookout Point,5-Day,5.0,2000-01-19,4.06282588027416,0.20216956125049074,-0.002860851850121043
Lookout Point,5-Day,5.0,2000-01-20,4.059549366775981,0.20205548314131166,0.009738865743434055
Lookout Point,5-Day,5.0,2000-01-21,4.055979314182236,0.2019480446171546,0.023287388962960776
Lookout Point,5-Day,5.0,2000-01-22,4.052331282649471,0.2018227421971574,0.027412991333933334
Lookout Point,5-Day,5.0,2000-01-23,4.048604478375586,0.2016421585512163,0.027144907382511296
Lookout Point,5-Day,5.0,2000-01-24,4.044802851675453,0.2013692282999402,0.025576693412552844
Lookout Point,5-Day,5.0,2000-01-25,4.040937329569916,0.20097990972112306,0.024725868900274815
Lookout Point,5-Day,5.0,2000-01-26,4.03702737707516,0.20050434245404974,0.02759434895651175
Lookout Point,5-Day,5.0,2000-01-27,4.033097833621209,0.20001707906440658,0.03563494814523621
Lookout Point,5-Day,5.0,2000-01-28,4.0291725934175,0.19959924621426003,0.04816883318920168
Lookout Point,5-Day,5.0,2000-01-29,4.025271816003308,0.19931160728236047,0.06367821400833727
Lookout Point,5-Day,5.0,2000-01-30,4.021411084698492,0.19917555754833743,0.07873195662733723
Lookout Point,5-Day,5.0,2000-01-31,4.017598310497875,0.1991925998683287,0.09189631939978343
Lookout Point,5-Day,5.0,2000-02-01,4.013832954594456,0.1993519787171983,0.1032699981622684
Lookout Point,5-Day,5.0,2000-02-02,4.0101097738070335,0.19962629499724976,0.11316591987263326
Lookout Point,5-Day,5.0,2000-02-03,4.006422171271097,0.19997381136897485,0.12207303912265521
Lookout Point,5-Day,5.0,2000-02-04,4.0027666711854355,0.20034358316071232,0.13058018625988893
Lookout Point,5-Day,5.0,2000-02-05,3.9991421086016063,0.20067311743114152,0.1394039287922702
Lookout Point,5-Day,5.0,2000-02-06,3.995545483250143,0.20091290177102122,0.14912409719793698
Lookout Point,5-Day,5.0,2000-02-07,3.9919697691763583,0.20104448233290104,0.15998541584859197
Lookout Point,5-Day,5.0,2000-02-08,3.9884067006490507,0.20106810019377444,0.17202743770802625
Lookout Point,5-Day,5.0,2000-02-09,3.98484930740624,0.2009926550749358,0.18518846267699232
Lookout Point,5-Day,5.0,2000-02-10,3.9812943603987088,0.2008331171875383,0.1993242762120587
Lookout Point,5-Day,5.0,2000-02-11,3.9777437610394384,0.2006120815976101,0.21418184086568298
Lookout Point,5-Day,5.0,2000-02-12,3.974202996927381,0.20034377277200843,0.22958929522652388
Lookout Point,5-Day,5.0,2000-02-13,3.970680204719656,0.20002182596264861,0.24560721397041732
Lookout Point,5-Day,5.0,2000-02-14,3.967187848814836,0.1996149043025306,0.2625847976246253
Lookout Point,5-Day,5.0,2000-02-15,3.963738202941343,0.19908219000039373,0.28100201166625666
Lookout Point,5-Day,5.0,2000-02-16,3.960340687643085,0.19821294520416685,0.3034620858286413
Lookout Point,5-Day,5.0,2000-02-17,3.9570030653669455,0.19740368136880515,0.3251512091677098
Lookout Point,5-Day,5.0,2000-02-18,3.9537325439923094,0.19647543348468072,0.34827603421601067
Lookout Point,5-Day,5.0,2000-02-19,3.950536019061147,0.19547881855430652,0.37222621164510605
Lookout Point,5-Day,5.0,2000-02-20,3.947419522446806,0.19447770251538252,0.38912255129756784
Lookout Point,5-Day,5.0,2000-02-21,3.944388000641184,0.19351943160775156,0.38649679620806243
Lookout Point,5-Day,5.0,2000-02-22,3.9414445356275114,0.19261819311225373,0.3817075415728158
Lookout Point,5-Day,5.0,2000-02-23,3.938589238920884,0.19176617671227397,0.37427978534264145
Lookout Point,5-Day,5.0,2000-02-24,3.935820656653672,0.1909471665426079,0.3640250411245216
Lookout Point,5-Day,5.0,2000-02-25,3.9331378543263407,0.19014580838541045,0.3512262208857635
Lookout Point,5-Day,5.0,2000-02-26,3.9305405517276637,0.189361145142981,0.33668865565830636
Lookout Point,5-Day,5.0,2000-02-27,3.928027678635699,0.1886133232665514,0.32148501186974965
Lookout Point,5-Day,5.0,2000-02-28,3.925595733464069,0.18791667900059159,0.3063848743741152
Lookout Point,5-Day,5.0,2000-03-01,3.9209556133621764,0.18664107699793717,0.2760213631637787
Lookout Point,5-Day,5.0,2000-03-02,3.918741723228233,0.1860301770332977,0.2597534441959908
Lookout Point,5-Day,5.0,2000-03-03,3.916595128512533,0.1854331565898285,0.2426207663788764
Lookout Point,5-Day,5.0,2000-03-04,3.914511907097207,0.1848731036623359,0.22534386888320382
Lookout Point,5-Day,5.0,2000-03-05,3.9124857630520866,0.1843836937743122,0.20891504704462796
Lookout Point,5-Day,5.0,2000-03-06,3.9105105609265958,0.18399158874814708,0.19377292656276016
Lookout Point,5-Day,5.0,2000-03-07,3.908583277156089,0.18370348132174477,0.17981260700125531
Lookout Point,5-Day,5.0,2000-03-08,3.9067047509448516,0.18350296460323487,0.16700233085732627
Lookout Point,5-Day,5.0,2000-03-09,3.904877151893434,0.18336699170924345,0.15611152608300874
Lookout Point,5-Day,5.0,2000-03-10,3.9030979807383988,0.18327340026592948,0.14815400760479835
Lookout Point,5-Day,5.0,2000-03-11,3.901359429832745,0.18319863057454713,0.1435061905989636
Lookout Point,5-Day,5.0,2000-03-12,3.899646216113653,0.1831083404003875,0.14152708735238975
Lookout Point,5-Day,5.0,2000-03-13,3.8979360996571453,0.18296828531350315,0.14103284017200268
Lookout Point,5-Day,5.0,2000-03-14,3.896203290908486,0.18286720437318849,0.14130557209155603
Lookout Point,5-Day,5.0,2000-03-15,3.8944247952117084,0.1826694242362323,0.14251231444051524
Lookout Point,5-Day,5.0,2000-03-16,3.892583127213344,0.18237789434796534,0.1430167853289249
Lookout Point,5-Day,5.0,2000-03-17,3.890665399249536,0.18199060558588082,0.142727165553708
Lookout Point,5-Day,5.0,2000-03-18,3.888661694469995,0.18152333093226877,0.14147381314367644
Lookout Point,5-Day,5.0,2000-03-19,3.8865646635053737,0.18101626496126108,0.13973544134316257
Lookout Point,5-Day,5.0,2000-03-20,3.884368120077305,0.18051164286984514,0.1382144167935645
Lookout Point,5-Day,5.0,2000-03-21,3.882065424558521,0.18003436237905074,0.13732973152914452
Lookout Point,5-Day,5.0,2000-03-22,3.879656206784269,0.17958269672751728,0.1371732709315573
Lookout Point,5-Day,5.0,2000-03-23,3.8771452630308043,0.17911172084778407,0.13745006351802586
Lookout Point,5-Day,5.0,2000-03-24,3.874537638555539,0.17854745239333306,0.13758308712872322
Lookout Point,5-Day,5.0,2000-03-25,3.871837746492125,0.1778243403906297,0.13702784204792326
Lookout Point,5-Day,5.0,2000-03-26,3.8690511267231535,0.17692340468986822,0.13571818093227817
Lookout Point,5-Day,5.0,2000-03-27,3.8661871754470085,0.17587673625337297,0.13409510109385459
Lookout Point,5-Day,5.0,2000-03-28,3.863257959140347,0.1747574940402581,0.13282615725078722
Lookout Point,5-Day,5.0,2000-03-29,3.8602733958498066,0.1736547223901552,0.13238788446614824
Lookout Point,5-Day,5.0,2000-03-30,3.857237782107641,0.17264956600431225,0.13286231108149035
Lookout Point,5-Day,5.0,2000-03-31,3.8541502032467263,0.17179777292169648,0.13393639105414712
Lookout Point,5-Day,5.0,2000-04-01,3.851010935622084,0.17113152969527315,0.13542503736948236
Lookout Point,5-Day,5.0,2000-04-02,3.847823193436289,0.17065942369862994,0.13756183441577874
Lookout Point,5-Day,5.0,2000-04-03,3.844588210809707,0.17035472043643582,0.14060924225653243
Lookout Point,5-Day,5.0,2000-04-04,3.841304833987865,0.17018978749533423,0.1442597024471852
Lookout Point,5-Day,5.0,2000-04-05,3.8379724406582247,0.17015765802987004,0.14757821912443037
Lookout Point,5-Day,5.0,2000-04-06,3.8345933741689127,0.17025462709080874,0.14928216591346172
Lookout Point,5-Day,5.0,2000-04-07,3.8311722917560362,0.1704703483950565,0.14764061931287967
Lookout Point,5-Day,5.0,2000-04-08,3.827713731573711,0.1708007404187756,0.1412012136182077
Lookout Point,5-Day,5.0,2000-04-09,3.8242239245895204,0.1712550879739126,0.12960552160923658
Lookout Point,5-Day,5.0,2000-04-10,3.8207142770396945,0.1718504942910616,0.11373329376691595
Lookout Point,5-Day,5.0,2000-04-11,3.8171977858251482,0.17261819156585428,0.09541793921501575
Lookout Point,5-Day,5.0,2000-04-12,3.8136821132571437,0.17357152080246377,0.07690622540099437
Lookout Point,5-Day,5.0,2000-04-13,3.8101708702681707,0.17470335010922822,0.060115370795095636
Lookout Point,5-Day,5.0,2000-04-14,3.8066656588237793,0.17599490244231952,0.045805199961679685
Lookout Point,5-Day,5.0,2000-04-15,3.8031666673276403,0.17739563350847817,0.03345774624232866
Lookout Point,5-Day,5.0,2000-04-16,3.7996728412218514,0.17885105444271732,0.021903970431240715
Lookout Point,5-Day,5.0,2000-04-17,3.7961833864053536,0.18033147149346482,0.010080234962806224
Lookout Point,5-Day,5.0,2000-04-18,3.7926990920215706,0.18180285741787708,-0.002166505760414141
Lookout Point,5-Day,5.0,2000-04-19,3.7892203245125224,0.18321673707523028,-0.014682917116040134
Lookout Point,5-Day,5.0,2000-04-20,3.7857442448005436,0.18452790767182325,-0.0268014642089101
Lookout Point,5-Day,5.0,2000-04-21,3.7822645185684296,0.18572025416907662,-0.037321604165964965
Lookout Point,5-Day,5.0,2000-04-22,3.778774632400469,0.18681077315649283,-0.04461977088365657
Lookout Point,5-Day,5.0,2000-04-23,3.7752702269655853,0.187826026772957,-0.04746204538562267
Lookout Point,5-Day,5.0,2000-04-24,3.771749722101272,0.18879382120977303,-0.04641808613287901
Lookout Point,5-Day,5.0,2000-04-25,3.768213205661668,0.18971764561166823,-0.04366069036585568
Lookout Point,5-Day,5.0,2000-04-26,3.764660646420215,0.19067734607608963,-0.04127311783112143
Lookout Point,5-Day,5.0,2000-04-27,3.7610819330267082,0.19167266103552788,-0.04026771894335985
Lookout Point,5-Day,5.0,2000-04-28,3.757470981493632,0.19263760348350675,-0.04089977647602202
Lookout Point,5-Day,5.0,2000-04-29,3.753843761169966,0.19356884798577959,-0.04361016453036474
Lookout Point,5-Day,5.0,2000-04-30,3.7502086707721696,0.1944478574830561,-0.04895150773768043
Lookout Point,5-Day,5.0,2000-05-01,3.746569625433067,0.19527744460949514,-0.056987210464302884
Lookout Point,5-Day,5.0,2000-05-02,3.742928753402716,0.19607540482652017,-0.0674231864070434
Lookout Point,5-Day,5.0,2000-05-03,3.7392873375713735,0.19694358561383674,-0.08458379870309259
Lookout Point,5-Day,5.0,2000-05-04,3.735646126828931,0.19789234112368617,-0.10094569720047093
Lookout Point,5-Day,5.0,2000-05-05,3.7320054934994893,0.19886149866144484,-0.11693915779928478
Lookout Point,5-Day,5.0,2000-05-06,3.728365547530245,0.19983696132097584,-0.13292268817529387
Lookout Point,5-Day,5.0,2000-05-07,3.724726117667058,0.20081745667231665,-0.14905979566573144
Lookout Point,5-Day,5.0,2000-05-08,3.721086741796415,0.2018038716734241,-0.1654252395194168
Lookout Point,5-Day,5.0,2000-05-09,3.7174467594508114,0.20279722021692556,-0.18205993429994025
Lookout Point,5-Day,5.0,2000-05-10,3.713805426233435,0.20379896537169354,-0.19898121268205554
Lookout Point,5-Day,5.0,2000-05-11,3.7101619479476073,0.20481142262877472,-0.2161801216776038
Lookout Point,5-Day,5.0,2000-05-12,3.706515491904205,0.2058372785343434,-0.2336186612022133
Lookout Point,5-Day,5.0,2000-05-13,3.7028652194292055,0.2068788307737529,-0.2512370772932761
Lookout Point,5-Day,5.0,2000-05-14,3.699210395571571,0.2079375453673389,-0.2689721288447251
Lookout Point,5-Day,5.0,2000-05-15,3.695550534292302,0.2090136736149043,-0.28676504776583506
Vida,1-Day,1.0,2000-01-01,4.311689674885011,0.2041162585757712,-0.113
Vida,1-Day,1.0,2000-01-02,4.307305479241104,0.20544548111664096,-0.11131070349734284
Vida,1-Day,1.0,2000-01-03,4.3029152179429015,0.2057854240042881,-0.09962919220489634
Vida,1-Day,1.0,2000-01-04,4.29851858642428,0.20613164421128014,-0.088041764292299
Vida,1-Day,1.0,2000-01-05,4.294115318945193,0.20648357733741785,-0.07654171634632853
Vida,1-Day,1.0,2000-01-06,4.289705449624493,0.20684074704232897,-0.06512422415565242
Vida,1-Day,1.0,2000-01-07,4.285289655583215,0.20720267536398648,-0.05378658941343152
Vida,1-Day,1.0,2000-01-08,4.280869224424874,0.20756890917727921,-0.04252837223711645
Vida,1-Day,1.0,2000-01-09,4.27644568171676,0.20793912880370613,-0.031351226550562265
Vida,1-Day,1.0,2000-01-10,4.272020688264717,0.20831339532935844,-0.020261116386805826
Vida,1-Day,1.0,2000-01-11,4.267595953132833,0.20869233937597878,-0.009270021043789396
Vida,1-Day,1.0,2000-01-12,4.263173128987873,0.20907767816145614,0.00159898199445023
Vida,1-Day,1.0,2000-01-13,4.25875364272067,0.2094754149638112,0.012278875740949454
Vida,1-Day,1.0,2000-01-14,4.254338628394324,0.20990235381133612,0.022590570570020424
Vida,1-Day,1.0,2000-01-15,4.249928853970684,0.21029270398753183,0.03321748507849037
Vida,1-Day,1.0,2000-01-16,4.245524811455735,0.21064710842825504,0.04415452363613073
Vida,1-Day,1.0,2000-01-17,4.241126679739887,0.21098324129003088,0.05521904814367297
Vida,1-Day,1.0,2000-01-18,4.236734032249056,0.2113188816251444,0.06622748437750882
Vida,1-Day,1.0,2000-01-19,4.23234472680855,0.21166403045562518,0.07708201690980525
Vida,1-Day,1.0,2000-01-20,4.227952150214334,0.21202116851004651,0.0877779698894886
Vida,1-Day,1.0,2000-01-21,4.2234974516327695,0.21238489049145098,0.09856535645362756
Vida,1-Day,1.0,2000-01-22,4.2190274615389205,0.2127366122769345,0.10948698140579424
Vida,1-Day,1.0,2000-01-23,4.214540847206695,0.21305008880820794,0.1208282292176411
Vida,1-Day,1.0,2000-01-24,4.210039669319349,0.21330134965424505,0.13284261818091286
Vida,1-Day,1.0,2000-01-25,4.205534811715469,0.2134800009980712,0.1456135499658829
Vida,1-Day,1.0,2000-01-26,4.201047191714209,0.21359658091055359,0.1589692193061538
Vida,1-Day,1.0,2000-01-27,4.196600411155258,0.2136781795095865,0.17254892202338715
Vida,1-Day,1.0,2000-01-28,4.192211797222131,0.21375700666814998,0.18595159088423005
Vida,1-Day,1.0,2000-01-29,4.187888523416215,0.21385828577262161,0.1988790922337772
Vida,1-Day,1.0,2000-01-30,4.183626860336952,0.2139930302034939,0.21122008362630879
Vida,1-Day,1.0,2000-01-31,4.17941493023634,0.2141473123247159,0.22316321967633518
Vida,1-Day,1.0,2000-02-01,4.175237742402583,0.2142911417207364,0.23508772389207522
Vida,1-Day,1.0,2000-02-02,4.171082213739545,0.2143915973743792,0.2474043616201305
Vida,1-Day,1.0,2000-02-03,4.166940493422257,0.21442199568120263,0.26044370974322534
Vida,1-Day,1.0,2000-02-04,4.162810998850102,0.2143608406904865,0.2744646869506347
Vida,1-Day,1.0,2000-02-05,4.158693843319017,0.214194449342909,0.2896399964370119
Vida,1-Day,1.0,2000-02-06,4.154587494709399,0.21392254433139934,0.30600203937450093
Vida,1-Day,1.0,2000-02-07,4.150487931118941,0.21355869536834232,0.3234357415305358
Vida,1-Day,1.0,2000-02-08,4.14639224780416,0.21312827497008272,0.34168347487597966
Vida,1-Day,1.0,2000-02-09,4.142301217650206,0.21265893964054927,0.3604405713480658
Vida,1-Day,1.0,2000-02-10,4.13821876653652,0.21216794581861226,0.37950413696084156
Vida,1-Day,1.0,2000-02-11,4.134150604396915,0.21165884202299673,0.39882185337200166
Vida,1-Day,1.0,2000-02-12,4.13010301244236,0.21112180996104846,0.4008249004877979
Vida,1-Day,1.0,2000-02-13,4.126081664946181,0.21053443992063264,0.3948837565321428
Vida,1-Day,1.0,2000-02-14,4.122093234944072,0.20986692043999453,0.3885052896785861
Vida,1-Day,1.0,2000-02-15,4.118146343923656,0.20909569288041469,0.38187055990232194
Vida,1-Day,1.0,2000-02-16,4.114252831464616,0.20812843168965536,0.375917797589155
Vida,1-Day,1.0,2000-02-17,4.1104269567993255,0.20715334711642971,0.3682892597812503
Vida,1-Day,1.0,2000-02-18,4.106682239240409,0.20610659710948193,0.3606438805776173
Vida,1-Day,1.0,2000-02-19,4.103026450639365,0.2050295117949333,0.3532790189902236
Vida,1-Day,1.0,2000-02-20,4.0994592061173725,0.20396661686258705,0.34649592240128874
Vida,1-Day,1.0,2000-02-21,4.0959731026848205,0.2029406566322865,0.3403165360194034
Vida,1-Day,1.0,2000-02-22,4.092557462044549,0.2019528444767018,0.33455813874795787
Vida,1-Day,1.0,2000-02-23,4.089200610323054,0.20099761601151658,0.3290052790425188
Vida,1-Day,1.0,2000-02-24,4.085894777566668,0.2000689678208281,0.32349997003817627
Vida,1-Day,1.0,2000-02-25,4.082637094529816,0.19915906054269614,0.3179364176831579
Vida,1-Day,1.0,2000-02-26,4.079428139966204,0.1982640821581597,0.3122774598691
Vida,1-Day,1.0,2000-02-27,4.076270936709403,0.197384460623969,0.30657241949890246
Vida,1-Day,1.0,2000-02-28,4.073168416182452,0.1965157344149187,0.300922670718578
Vida,1-Day,1.0,2000-03-01,4.067136586445601,0.1947844697477925,0.2905248114845201
Vida,1-Day,1.0,2000-03-02,4.0642078782173305,0.19394474856688906,0.2863568844115561
Vida,1-Day,1.0,2000-03-03,4.061333966956663,0.19315983539717038,0.28342949004301254
Vida,1-Day,1.0,2000-03-04,4.058511420560412,0.19246034767493533,0.28213377751676205
Vida,1-Day,1.0,2000-03-05,4.055737362621514,0.19186400415735805,0.2826954785583763
Vida,1-Day,1.0,2000-03-06,4.05301143427921,0.19137270322704522,0.2851484753429042
Vida,1-Day,1.0,2000-03-07,4.050337585956349,0.19097126523387853,0.2893638319862951
Vida,1-Day,1.0,2000-03-08,4.047724246843889,0.19062730971414824,0.29504419922076863
Vida,1-Day,1.0,2000-03-09,4.045177710520289,0.19029769031255658,0.3016629390658739
Vida,1-Day,1.0,2000-03-10,4.042697773731693,0.18994591720469503,0.30867655024328006
Vida,1-Day,1.0,2000-03-11,4.040273683471986,0.18955315433142642,0.31574830077164673
Vida,1-Day,1.0,2000-03-12,4.037883388949408,0.18911193192035927,0.322675344864932
Vida,1-Day,1.0,2000-03-13,4.035500166409007,0.18862265448224033,0.32939072551258797
Vida,1-Day,1.0,2000-03-14,4.033099449644313,0.18821415601174413,0.33765222947394496
Vida,1-Day,1.0,2000-03-15,4.03066314917407,0.1876649775104679,0.34474668957848104
Vida,1-Day,1.0,2000-03-16,4.028177694095584,0.1870849350908929,0.35149117823968123
Vida,1-Day,1.0,2000-03-17,4.025632437366426,0.18649269312025235,0.35784511164174554
Vida,1-Day,1.0,2000-03-18,4.023019291021377,0.18591171031389553,0.3640604608141107
Vida,1-Day,1.0,2000-03-19,4.0203325502049685,0.1853609580861287,0.3704498597338244
Vida,1-Day,1.0,2000-03-20,4.017569275194422,0.1848479893706114,0.37727062268993544
Vida,1-Day,1.0,2000-03-21,4.014730249622864,0.18436892421517176,0.3847238637857103
Vida,1-Day,1.0,2000-03-22,4.011821729635495,0.18390629038307985,0.39285586090983726
Vida,1-Day,1.0,2000-03-23,4.008851751756969,0.18342923210217257,0.4015487949198546
Vida,1-Day,1.0,2000-03-24,4.005826575211005,0.18290990979164554,0.41075928496948627
Vida,1-Day,1.0,2000-03-25,4.002750558231236,0.18233655896749648,0.4205982039184247
Vida,1-Day,1.0,2000-03-26,3.9996273230271293,0.18171809597245545,0.4312481499054548
Vida,1-Day,1.0,2000-03-27,3.9964612008997316,0.18107518829324873,0.4429399471233851
Vida,1-Day,1.0,2000-03-28,3.993255598947222,0.18043386257596944,0.4558773562178136
Vida,1-Day,1.0,2000-03-29,3.990009940404206,0.17982140032311947,0.4701475131545187
Vida,1-Day,1.0,2000-03-30,3.9867199831789875,0.17926488827931236,0.48566672341730044
Vida,1-Day,1.0,2000-03-31,3.983380745170066,0.1787892121662206,0.502072816100114
Vida,1-Day,1.0,2000-04-01,3.9799893700871567,0.17840834248954773,0.5186368720545687
Vida,1-Day,1.0,2000-04-02,3.9765434782748077,0.17811740508883728,0.5342783907511718
Vida,1-Day,1.0,2000-04-03,3.973040074268233,0.1778960950086095,0.5479067748170794
Vida,1-Day,1.0,2000-04-04,3.96947632871067,0.17772474708938477,0.5587900778236384
Vida,1-Day,1.0,2000-04-05,3.9658509568267215,0.17759399126260675,0.5665762279673415
Vida,1-Day,1.0,2000-04-06,3.962164628341325,0.17749697922913316,0.5710124536136092
Vida,1-Day,1.0,2000-04-07,3.958420504004067,0.17743488994023035,0.57185098493466
Vida,1-Day,1.0,2000-04-08,3.9546236815580356,0.1774218000648403,0.5689544697188772
Vida,1-Day,1.0,2000-04-09,3.950782189217692,0.17748175307134342,0.5624932851080967
Vida,1-Day,1.0,2000-04-10,3.9469070893911358,0.177642300797145,0.55315532095129
Vida,1-Day,1.0,2000-04-11,3.943008284882525,0.17792744978723898,0.5420289425647821
Vida,1-Day,1.0,2000-04-12,3.9390915712999015,0.17834703974597846,0.5301992677138029
Vida,1-Day,1.0,2000-04-13,3.935159746953287,0.17888939005356067,0.5183931367716876
Vida,1-Day,1.0,2000-04-14,3.9312125779726683,0.17951116790667074,0.5068067385305427
Vida,1-Day,1.0,2000-04-15,3.9272468899746737,0.18014591238176889,0.4952030073634058
Vida,1-Day,1.0,2000-04-16,3.9232575351788777,0.180738057329836,0.4833360566978718
Vida,1-Day,1.0,2000-04-17,3.919238572934686,0.18126123938937216,0.4714418153415517
Vida,1-Day,1.0,2000-04-18,3.915185859575813,0.18169817577280487,0.46001700587552924
Vida,1-Day,1.0,2000-04-19,3.9110973153650264,0.18203707678693792,0.4493596560959662
Vida,1-Day,1.0,2000-04-20,3.906970990564736,0.18226505608254553,0.43957857996460925
Vida,1-Day,1.0,2000-04-21,3.9028053526005704,0.1823749198467068,0.43054793641761463
Vida,1-Day,1.0,2000-04-22,3.898600099432343,0.18238480160964252,0.4217482663212844
Vida,1-Day,1.0,2000-04-23,3.894356676834271,0.1823302559860721,0.4126690936980465
Vida,1-Day,1.0,2000-04-24,3.89007868826665,0.18225079235624345,0.4028494453877633
Vida,1-Day,1.0,2000-04-25,3.8857705732769543,0.18217855387174314,0.39143231271455975
Vida,1-Day,1.0,2000-04-26,3.881436950635115,0.18213613896569827,0.3770733212039645
Vida,1-Day,1.0,2000-04-27,3.8770246068821863,0.18213727306156538,0.35867228177679256
Vida,1-Day,1.0,2000-04-28,3.8726037724248354,0.18218793077410872,0.33608239622738195
Vida,1-Day,1.0,2000-04-29,3.868179170618985,0.18228742092154815,0.31016908921308856
Vida,1-Day,1.0,2000-04-30,3.8637518375330977,0.1824420100923304,0.2821817679529965
Vida,1-Day,1.0,2000-05-01,3.8593216311491316,0.1826654791087493,0.2531607909474501
Vida,1-Day,1.0,2000-05-02,3.8548883369430142,0.18297225057307276,0.22360029154281855
Vida,1-Day,1.0,2000-05-03,3.8504518428640053,0.18374704899828895,0.19317888135238398
Vida,1-Day,1.0,2000-05-04,3.8460121636955478,0.1845893963383991,0.16433553537066103
Vida,1-Day,1.0,2000-05-05,3.8415694874082082,0.18544177692021263,0.13559039106000137
Vida,1-Day,1.0,2000-05-06,3.8371241324523817,0.18630244464156195,0.10665067674682094
Vida,1-Day,1.0,2000-05-07,3.832676441280632,0.18717702776845066,0.07752535845525059
Vida,1-Day,1.0,2000-05-08,3.8282266270976297,0.18806998063947214,0.04829234872602372
Vida,1-Day,1.0,2000-05-09,3.82377473925677,0.18898456091109447,0.019052555773638125
Vida,1-Day,1.0,2000-05-10,3.819320738399988,0.18992331345732205,-0.010084771744669136
Vida,1-Day,1.0,2000-05-11,3.8148645285573486,0.19088835787858197,-0.03900720157566864
Vida,1-Day,1.0,2000-05-12,3.810406004376687,0.19188147569389497,-0.06760533348590309
Vida,1-Day,1.0,2000-05-13,3.8059450910160635,0.19290378090237179,-0.09578173841364751
Vida,1-Day,1.0,2000-05-14,3.801481783286898,0.1939553156154602,-0.12346521354784379
Vida,1-Day,1.0,2000-05-15,3.7970161657534405,0.19503496260412925,-0.15062136638791698
Vida,5-Day,5.0,2000-01-01,4.156617222114526,0.16828276012982765,-0.085
Vida,5-Day,5.0,2000-01-02,4.153627667624229,0.1692894998294371,-0.085
Vida,5-Day,5.0,2000-01-03,4.150624039215564,0.1703009789550207,-0.085
Vida,5-Day,5.0,2000-01-04,4.147606196814796,0.17131724467676607,-0.085
Vida,5-Day,5.0,2000-01-05,4.144574536860191,0.17233816349314232,-0.085
Vida,5-Day,5.0,2000-01-06,4.141530102373905,0.17336338416392644,-0.085
Vida,5-Day,5.0,2000-01-07,4.1384746301151845,0.17439232183124917,-0.085
Vida,5-Day,5.0,2000-01-08,4.135410390737951,0.17542421184691784,-0.085
Vida,5-Day,5.0,2000-01-09,4.132339680340206,0.17645828099470143,-0.085
Vida,5-Day,5.0,2000-01-10,4.129264616953396,0.17743442306804014,-0.08429730251357803
Vida,5-Day,5.0,2000-01-11,4.126187192008385,0.17789949276792164,-0.07756043463840892
Vida,5-Day,5.0,2000-01-12,4.123109302275264,0.17838354249291202,-0.07108569037113226
Vida,5-Day,5.0,2000-01-13,4.120032585152763,0.17890417901707661,-0.0650871538795167
Vida,5-Day,5.0,2000-01-14,4.116958431283634,0.17949486130471434,-0.0599641560779882
Vida,5-Day,5.0,2000-01-15,4.113887903494259,0.1799558485026478,-0.05336094172852683
Vida,5-Day,5.0,2000-01-16,4.110821609271285,0.1802953425071975,-0.045376525504581024
Vida,5-Day,5.0,2000-01-17,4.10775953538653,0.18053635880794786,-0.03627803141666908
Vida,5-Day,5.0,2000-01-18,4.10469985099789,0.18072948555735538,-0.026651409139166953
Vida,5-Day,5.0,2000-01-19,4.101634871773123,0.18092024531397508,-0.01700421578175516
Vida,5-Day,5.0,2000-01-20,4.0985414016835,0.18113650714795687,-0.007578828230189537
Vida,5-Day,5.0,2000-01-21,4.095228111411022,0.18137463800182982,0.0024058876422528644
Vida,5-Day,5.0,2000-01-22,4.091853175260651,0.18160296409492638,0.012712496446983914
Vida,5-Day,5.0,2000-01-23,4.088415136439356,0.18177873859320923,0.023861098980045004
Vida,5-Day,5.0,2000-01-24,4.084918371703356,0.18185636285718362,0.036391604430945974
Vida,5-Day,5.0,2000-01-25,4.081372709418479,0.18179969088413828,0.05072106928733219
Vida,5-Day,5.0,2000-01-26,4.077793703907475,0.18161059409585956,0.06679554794611596
Vida,5-Day,5.0,2000-01-27,4.074198914291323,0.18133721563777233,0.08398865476798555
Vida,5-Day,5.0,2000-01-28,4.070602515068066,0.1810510150458665,0.10138191467075951
Vida,5-Day,5.0,2000-01-29,4.067016805870715,0.1808219695458351,0.11805431548833836
Vida,5-Day,5.0,2000-01-30,4.063453429158757,0.1806943315409464,0.13338602360047805
Vida,5-Day,5.0,2000-01-31,4.059920568206303,0.18067048224736976,0.1472905293510046
Vida,5-Day,5.0,2000-02-01,4.056420924475862,0.18072389098099934,0.16007500227382077
Vida,5-Day,5.0,2000-02-02,4.05295273843116,0.18082956144201467,0.1720535474210959
Vida,5-Day,5.0,2000-02-03,4.049511121087653,0.18095942762758224,0.1835985887904289
Vida,5-Day,5.0,2000-02-04,4.046092213100225,0.18107386750122229,0.19523377769075997
Vida,5-Day,5.0,2000-02-05,4.042693504829839,0.1811187284443097,0.2076741202188454
Vida,5-Day,5.0,2000-02-06,4.039310268484668,0.18105114876133388,0.22150985302273904
Vida,5-Day,5.0,2000-02-07,4.035935322757847,0.1808574483568755,0.23697397423687916
Vida,5-Day,5.0,2000-02-08,4.032562030257309,0.18055601033683166,0.25388401042613107
Vida,5-Day,5.0,2000-02-09,4.029186917198519,0.18018019915332453,0.2718431650601598
Vida,5-Day,5.0,2000-02-10,4.025811273147777,0.17976135677157926,0.29045147204329175
Vida,5-Day,5.0,2000-02-11,4.022441283600004,0.179328015735003,0.30931408947430344
Vida,5-Day,5.0,2000-02-12,4.019086078328,0.17889456292372558,0.3282048287863289
Vida,5-Day,5.0,2000-02-13,4.015755654099474,0.1784510313280549,0.34722477594479134
Vida,5-Day,5.0,2000-02-14,4.012460792548957,0.17795625742793542,0.3669152902363206
Vida,5-Day,5.0,2000-02-15,4.009210775409527,0.17735493107221162,0.3880491925909024
Vida,5-Day,5.0,2000-02-16,4.0060131851695155,0.17644853989889978,0.41351041649238424
Vida,5-Day,5.0,2000-02-17,4.002876438481041,0.17556748884123374,0.40453802043477327
Vida,5-Day,5.0,2000-02-18,3.999810131944243,0.17455206207403823,0.3869713928422324
Vida,5-Day,5.0,2000-02-19,3.9968225648123146,0.17343909339078575,0.36877110750441977
Vida,5-Day,5.0,2000-02-20,3.993918789214451,0.17228526424596116,0.3510268041816723
Vida,5-Day,5.0,2000-02-21,3.991097919052815,0.17113231512697957,0.33433894317319424
Vida,5-Day,5.0,2000-02-22,3.988357482062709,0.16999316260015737,0.3186434261901116
Vida,5-Day,5.0,2000-02-23,3.9856945838856137,0.16887501413815717,0.30373662931861156
Vida,5-Day,5.0,2000-02-24,3.983105679569373,0.16779107264373105,0.2896175279652451
Vida,5-Day,5.0,2000-02-25,3.980586879296974,0.16674448881947804,0.2764522444541031
Vida,5-Day,5.0,2000-02-26,3.9781343665221818,0.16573931148938414,0.2646779411351434
Vida,5-Day,5.0,2000-02-27,3.975744521226772,0.16478579537819396,0.25478989226185045
Vida,5-Day,5.0,2000-02-28,3.973413282898747,0.16387650297408118,0.24650818637393943
Vida,5-Day,5.0,2000-03-01,3.968919360442877,0.16208267998197035,0.23068124244024807
Vida,5-Day,5.0,2000-03-02,3.966755427452941,0.16116742515663585,0.2220482454262793
Vida,5-Day,5.0,2000-03-03,3.9646437740343567,0.16025279892865743,0.2134801406778828
Vida,5-Day,5.0,2000-03-04,3.96258233891888,0.15937121364681817,0.206010456957476
Vida,5-Day,5.0,2000-03-05,3.960568578979617,0.15855855599706808,0.20058594249820808
Vida,5-Day,5.0,2000-03-06,3.9586020499103225,0.15784950493047026,0.19749471528685192
Vida,5-Day,5.0,2000-03-07,3.956685622549431,0.1572657890845226,0.1966031022799819
Vida,5-Day,5.0,2000-03-08,3.954824885136767,0.1567969941261417,0.19764132313668017
Vida,5-Day,5.0,2000-03-09,3.953024019002129,0.15640303499189767,0.20043184809998787
Vida,5-Day,5.0,2000-03-10,3.9512803520964623,0.1560319224936238,0.20407794493499348
Vida,5-Day,5.0,2000-03-11,3.9495848280638057,0.1556380478393531,0.20696648345003843
Vida,5-Day,5.0,2000-03-12,3.9479237423915428,0.15519038236430394,0.20775302357586592
Vida,5-Day,5.0,2000-03-13,3.94627733611695,0.15467407511840237,0.20591996862688874
Vida,5-Day,5.0,2000-03-14,3.944623360112334,0.15421386225569092,0.20768924891980928
Vida,5-Day,5.0,2000-03-15,3.9429439733497875,0.1536083598742576,0.20224447002040624
Vida,5-Day,5.0,2000-03-16,3.941226244036215,0.15295732914179766,0.19528460629846822
Vida,5-Day,5.0,2000-03-17,3.9394595382441167,0.15228967371537502,0.18728911944070692
Vida,5-Day,5.0,2000-03-18,3.9376343126621354,0.15164413958453898,0.17865233210593032
Vida,5-Day,5.0,2000-03-19,3.935742220204304,0.15106394036728538,0.1701277879272811
Vida,5-Day,5.0,2000-03-20,3.933776523143634,0.15056987592130713,0.16225484626299558
Vida,5-Day,5.0,2000-03-21,3.931732543230684,0.15016596744228097,0.15506585833658026
Vida,5-Day,5.0,2000-03-22,3.9296120147918896,0.1498512392246903,0.1482835022980769
Vida,5-Day,5.0,2000-03-23,3.927421924779623,0.14959229402054885,0.14130803458081018
Vida,5-Day,5.0,2000-03-24,3.925169378090632,0.14932234440831568,0.133356413001759
Vida,5-Day,5.0,2000-03-25,3.9228596023943547,0.1489782783693953,0.12415330159455244
Vida,5-Day,5.0,2000-03-26,3.9204975069984473,0.14853795303580047,0.11437777154362182
Vida,5-Day,5.0,2000-03-27,3.91809067320428,0.14802187206693967,0.10519963043084309
Vida,5-Day,5.0,2000-03-28,3.9156476785579017,0.14748351052360179,0.09785763494292644
Vida,5-Day,5.0,2000-03-29,3.913173233556465,0.14698543144371679,0.09321782114874046
Vida,5-Day,5.0,2000-03-30,3.910665484687869,0.14657605713851216,0.09155279805585453
Vida,5-Day,5.0,2000-03-31,3.9081183390656764,0.14627396793033257,0.09261778360919332
Vida,5-Day,5.0,2000-04-01,3.905526752867634,0.14607282120665324,0.09590819965503601
Vida,5-Day,5.0,2000-04-02,3.9028884725153157,0.14595599528909392,0.10083687056170196
Vida,5-Day,5.0,2000-04-03,3.9002018336105166,0.14589957011404778,0.10662581773570928
Vida,5-Day,5.0,2000-04-04,3.8974643531060753,0.14588057158831927,0.11255621250758864
Vida,5-Day,5.0,2000-04-05,3.89467338313908,0.14587863727238157,0.11798314538205688
Vida,5-Day,5.0,2000-04-06,3.8918270918201716,0.14588229367747363,0.12230666841604437
Vida,5-Day,5.0,2000-04-07,3.888925219209638,0.14590327602637831,0.12494291297468116
Vida,5-Day,5.0,2000-04-08,3.88596866572004,0.14598522440378875,0.12552335348289292
Vida,5-Day,5.0,2000-04-09,3.882962179757291,0.1461849873331003,0.12379138165956277
Vida,5-Day,5.0,2000-04-10,3.8799162034379138,0.14653943966635194,0.1200134075892858
Vida,5-Day,5.0,2000-04-11,3.876842405500649,0.14705348685116404,0.11516393360753152
Vida,5-Day,5.0,2000-04-12,3.8737491449152386,0.14770565087380702,0.11047852977753475
Vida,5-Day,5.0,2000-04-13,3.870642143155026,0.14847371512382088,0.10694510563323016
Vida,5-Day,5.0,2000-04-14,3.867525565840992,0.14934741907663002,0.10480099944374524
Vida,5-Day,5.0,2000-04-15,3.8644003848415607,0.15030015963247653,0.1034632281822719
Vida,5-Day,5.0,2000-04-16,3.861264545429119,0.1512935631137202,0.10204765130301299
Vida,5-Day,5.0,2000-04-17,3.858114675213231,0.15230009917371362,0.0998536423321932
Vida,5-Day,5.0,2000-04-18,3.854949416743435,0.15328832978222182,0.09667774510761486
Vida,5-Day,5.0,2000-04-19,3.8517681736456413,0.15422125796723588,0.09254612793644583
Vida,5-Day,5.0,2000-04-20,3.8485677099882256,0.1550626005750161,0.08805341211720671
Vida,5-Day,5.0,2000-04-21,3.8453424813456523,0.15579268963809936,0.08439106509457706
Vida,5-Day,5.0,2000-04-22,3.842086811193676,0.1564201540586108,0.08286411411230589
Vida,5-Day,5.0,2000-04-23,3.838797133012635,0.15696423949068766,0.0836354379023449
Vida,5-Day,5.0,2000-04-24,3.835473245305115,0.15744953680142923,0.08514869913944885
Vida,5-Day,5.0,2000-04-25,3.8321169054010062,0.15791093059403788,0.08505207688795095
Vida,5-Day,5.0,2000-04-26,3.828730440223885,0.15838454349580747,0.08181445931883165
Vida,5-Day,5.0,2000-04-27,3.825269993904841,0.15888728421104437,0.07531067404853008
Vida,5-Day,5.0,2000-04-28,3.8217778310769357,0.15941147290583266,0.0660912493719112
Vida,5-Day,5.0,2000-04-29,3.8182697876533056,0.15993972594745218,0.05430173787963543
Vida,5-Day,5.0,2000-04-30,3.814753644548305,0.1604680604616109,0.039928438183052146
Vida,5-Day,5.0,2000-05-01,3.8112328720679036,0.1610085968502715,0.023178080840576404
Vida,5-Day,5.0,2000-05-02,3.8077092399581316,0.16158191877226133,0.0044498252892197394
Vida,5-Day,5.0,2000-05-03,3.804183686700551,0.16244910032495688,-0.020254464855180888
Vida,5-Day,5.0,2000-05-04,3.800656649068083,0.16338549986898304,-0.0431856737097707
Vida,5-Day,5.0,2000-05-05,3.797128337238911,0.16433354680378592,-0.06571803937752413
Vida,5-Day,5.0,2000-05-06,3.7935988418901077,0.16528774488806966,-0.0883791992026182
Vida,5-Day,5.0,2000-05-07,3.7900681161575918,0.16625194923547476,-0.11129966614257251
Vida,5-Day,5.0,2000-05-08,3.7865358710136072,0.16722993927524352,-0.1344782606902861
Vida,5-Day,5.0,2000-05-09,3.783001579387987,0.16822433798425374,-0.15787694717355358
Vida,5-Day,5.0,2000-05-10,3.779464605221175,0.1692371223633165,-0.18144358969385735
Vida,5-Day,5.0,2000-05-11,3.775924266122675,0.17027008618170597,-0.20511087784409937
Vida,5-Day,5.0,2000-05-12,3.7723798723178645,0.17132487982509664,-0.22879173344668052
Vida,5-Day,5.0,2000-05-13,3.7688307363932214,0.17240260059776275,-0.2523857130307719
Vida,5-Day,5.0,2000-05-14,3.765276285814809,0.17350329488668026,-0.27579949943885673
Vida,5-Day,5.0,2000-05-15,3.7617162045840202,0.17462583949979452,-0.29896574143675675
Jasper,1-Day,1.0,2000-01-01,4.451216874749176,0.22261834235686587,-0.14130244939167583
Jasper,1-Day,1.0,2000-01-02,4.446619882526821,0.2227809010172745,-0.12813852352912372
Jasper,1-Day,1.0,2000-01-03,4.442010667419917,0.22294796112570242,-0.11501531884554302
Jasper,1-Day,1.0,2000-01-04,4.43738951026292,0.22311813584844387,-0.10192078503156121
Jasper,1-Day,1.0,2000-01-05,4.432757209892943,0.2232899603028333,-0.08884356869737649
Jasper,1-Day,1.0,2000-01-06,4.428115187947341,0.22346185709985422,-0.07577298630364374
Jasper,1-Day,1.0,2000-01-07,4.423465433561309,0.22363214619289745,-0.06271801817905807
Jasper,1-Day,1.0,2000-01-08,4.418810213594963,0.22379907323510556,-0.05033064742181648
Jasper,1-Day,1.0,2000-01-09,4.414151830798532,0.2239607146826322,-0.03820079045834831
Jasper,1-Day,1.0,2000-01-10,4.409492502904361,0.22411539571489686,-0.02632794315763474
Jasper,1-Day,1.0,2000-01-11,4.404834240892732,0.22426263773798555,-0.014683383670817762
Jasper,1-Day,1.0,2000-01-12,4.400178800090704,0.2244042166118094,-0.003177286023442239
Jasper,1-Day,1.0,2000-01-13,4.395527588170015,0.22454696417782266,0.008364800062446928
Jasper,1-Day,1.0,2000-01-14,4.390881615508798,0.22470422477079194,0.019955913513479924
Jasper,1-Day,1.0,2000-01-15,4.386241246175776,0.22465746337834724,0.02777362544648421
Jasper,1-Day,1.0,2000-01-16,4.381605866550622,0.22456013042181736,0.03552461143569911
Jasper,1-Day,1.0,2000-01-17,4.376973074198823,0.22444852519510064,0.04311420202991666
Jasper,1-Day,1.0,2000-01-18,4.372336919559929,0.2243625555224776,0.050269753863892194
Jasper,1-Day,1.0,2000-01-19,4.367683993767598,0.2243287121865759,0.0567613401852442
Jasper,1-Day,1.0,2000-01-20,4.362985768305351,0.22435257352037874,0.06249664650597537
Jasper,1-Day,1.0,2000-01-21,4.358200355890647,0.22441966778561753,0.06758608079968476
Jasper,1-Day,1.0,2000-01-22,4.353387703516083,0.22450588578313607,0.0723823532193822
Jasper,1-Day,1.0,2000-01-23,4.348554784490729,0.22459570760942985,0.07755550660852455
Jasper,1-Day,1.0,2000-01-24,4.3437125257909965,0.22469181187272538,0.08395182838032125
Jasper,1-Day,1.0,2000-01-25,4.338877102816881,0.22481841608845995,0.0923297580616508
Jasper,1-Day,1.0,2000-01-26,4.334066647476432,0.2250197292932965,0.10306697120478897
Jasper,1-Day,1.0,2000-01-27,4.329297006168028,0.2253456697605317,0.11455241135698328
Jasper,1-Day,1.0,2000-01-28,4.324579592376633,0.22583421573248794,0.1241971582833428
Jasper,1-Day,1.0,2000-01-29,4.319920989305511,0.22649810772964699,0.13184669991675121
Jasper,1-Day,1.0,2000-01-30,4.3153226177457125,0.22732827361619168,0.1375901334062727
Jasper,1-Day,1.0,2000-01-31,4.310780882376379,0.22829486848302566,0.1417477443986352
Jasper,1-Day,1.0,2000-02-01,4.306287757089722,0.229322600850854,0.14511032605196555
Jasper,1-Day,1.0,2000-02-02,4.301833391650767,0.2303105199435111,0.14872236701352629
Jasper,1-Day,1.0,2000-02-03,4.297408366300914,0.23118018055571846,0.15339131837640563
Jasper,1-Day,1.0,2000-02-04,4.2930052751578245,0.23188850463531843,0.15956238028413441
Jasper,1-Day,1.0,2000-02-05,4.288615301701502,0.23242078180071893,0.1674062078343961
Jasper,1-Day,1.0,2000-02-06,4.284228214691314,0.23278557889652482,0.17687249082671128
Jasper,1-Day,1.0,2000-02-07,4.2798347862757495,0.23300385816844094,0.18778982597270524
Jasper,1-Day,1.0,2000-02-08,4.275429288255421,0.23309781028767357,0.19996692120311968
Jasper,1-Day,1.0,2000-02-09,4.271010743659886,0.23309241065551947,0.2131707340535769
Jasper,1-Day,1.0,2000-02-10,4.266581359839499,0.23301061784013188,0.22717716414044942
Jasper,1-Day,1.0,2000-02-11,4.262145619406156,0.2328629646523366,0.24187903439673925
Jasper,1-Day,1.0,2000-02-12,4.2577083316074,0.23264407790522848,0.2573306774561732
Jasper,1-Day,1.0,2000-02-13,4.253274184643303,0.23232888367619162,0.27379419164526747
Jasper,1-Day,1.0,2000-02-14,4.248848854726849,0.23188285508697204,0.29163805503040446
Jasper,1-Day,1.0,2000-02-15,4.244439319529861,0.23128501981163022,0.31110049222652586
Jasper,1-Day,1.0,2000-02-16,4.240054204058685,0.2305152371676661,0.33242118109410473
Jasper,1-Day,1.0,2000-02-17,4.235706514131443,0.22973444028857037,0.3538831375581856
Jasper,1-Day,1.0,2000-02-18,4.23141519125472,0.22890355647648286,0.3758631961391816
Jasper,1-Day,1.0,2000-02-19,4.227201239851089,0.22809341816946205,0.37728794255995957
Jasper,1-Day,1.0,2000-02-20,4.223079813864833,0.22735965337092856,0.3774472237988977
Jasper,1-Day,1.0,2000-02-21,4.219055067632214,0.2267243815517758,0.3764007249337568
Jasper,1-Day,1.0,2000-02-22,4.215123314540868,0.22617371126910932,0.3741004637766448
Jasper,1-Day,1.0,2000-02-23,4.2112763632714145,0.22567849198716186,0.3705064393803746
Jasper,1-Day,1.0,2000-02-24,4.207505038204784,0.22521123651053934,0.3655427100070371
Jasper,1-Day,1.0,2000-02-25,4.203801636935209,0.22475246370256266,0.3591017192826618
Jasper,1-Day,1.0,2000-02-26,4.200161172237696,0.22429317335756593,0.35118307901753043
Jasper,1-Day,1.0,2000-02-27,4.196580437095331,0.22383366633942442,0.34203492332114527
Jasper,1-Day,1.0,2000-02-28,4.193055680505394,0.22337289837274116,0.33210854157586966
Jasper,1-Day,1.0,2000-03-01,4.18615595301157,0.22242727582617874,0.31211810137550755
Jasper,1-Day,1.0,2000-03-02,4.182772383374515,0.2219490960122352,0.3030197621403259
Jasper,1-Day,1.0,2000-03-03,4.179427578299435,0.22148257150019998,0.2950143209205502
Jasper,1-Day,1.0,2000-03-04,4.176119188290511,0.22104879624115592,0.28830469501516015
Jasper,1-Day,1.0,2000-03-05,4.172847518646411,0.22066316452784587,0.2829676266707106
Jasper,1-Day,1.0,2000-03-06,4.16961623845856,0.22032645154780942,0.27911041424633937
Jasper,1-Day,1.0,2000-03-07,4.166432158756347,0.22002559432306684,0.2769067836780806
Jasper,1-Day,1.0,2000-03-08,4.163302456124061,0.21973738283971253,0.27660037395935455
Jasper,1-Day,1.0,2000-03-09,4.160228718932512,0.21943783708146544,0.2783710323085105
Jasper,1-Day,1.0,2000-03-10,4.157199709954131,0.21911168685598387,0.282148235843242
Jasper,1-Day,1.0,2000-03-11,4.154187170920378,0.21874823016787387,0.2875502231040582
Jasper,1-Day,1.0,2000-03-12,4.1511471118341134,0.21833358698905336,0.29393256020734354
Jasper,1-Day,1.0,2000-03-13,4.148033045665539,0.21785445783613083,0.3006770906203036
Jasper,1-Day,1.0,2000-03-14,4.144810727950211,0.21748115107303845,0.30873367680353014
Jasper,1-Day,1.0,2000-03-15,4.141465968829446,0.21691447417072493,0.31707398172638657
Jasper,1-Day,1.0,2000-03-16,4.138000282654505,0.21626366240798459,0.3248130069169476
Jasper,1-Day,1.0,2000-03-17,4.134421717810219,0.215543519604918,0.3316091734672693
Jasper,1-Day,1.0,2000-03-18,4.1307388798938405,0.214783784221127,0.33757007668581435
Jasper,1-Day,1.0,2000-03-19,4.1269588420992696,0.21402038081666594,0.3431045743798223
Jasper,1-Day,1.0,2000-03-20,4.123084132785099,0.2132746611202718,0.3486359826229148
Jasper,1-Day,1.0,2000-03-21,4.119113195741368,0.2125444130661265,0.35444550581453177
Jasper,1-Day,1.0,2000-03-22,4.11504738145138,0.21180890675958117,0.36055670996112404
Jasper,1-Day,1.0,2000-03-23,4.11088944029599,0.21103484661799574,0.36676400788325353
Jasper,1-Day,1.0,2000-03-24,4.1066425231838934,0.210192493297176,0.3728362282985057
Jasper,1-Day,1.0,2000-03-25,4.102310352897358,0.20927001626974082,0.37873992524492905
Jasper,1-Day,1.0,2000-03-26,4.097898725865219,0.2082863448514777,0.3847177128788768
Jasper,1-Day,1.0,2000-03-27,4.093416678638984,0.2072901928283662,0.39127692571632766
Jasper,1-Day,1.0,2000-03-28,4.088874771325413,0.20635027931942584,0.398985636300712
Jasper,1-Day,1.0,2000-03-29,4.084281020654679,0.20553398014923976,0.4082586686840513
Jasper,1-Day,1.0,2000-03-30,4.079639747359514,0.20489109382157017,0.41926753291143415
Jasper,1-Day,1.0,2000-03-31,4.074953106428541,0.20445198472964568,0.4318319705330878
Jasper,1-Day,1.0,2000-04-01,4.0702261322433655,0.20422423845940058,0.44522985208758376
Jasper,1-Day,1.0,2000-04-02,4.065465743674481,0.20419087124176194,0.45802303977392717
Jasper,1-Day,1.0,2000-04-03,4.0606755041500975,0.20431460773504104,0.46829514225449254
Jasper,1-Day,1.0,2000-04-04,4.055857528061687,0.20455985246001301,0.47469135328344897
Jasper,1-Day,1.0,2000-04-05,4.051014778458234,0.20491919443871012,0.4771446115583891
Jasper,1-Day,1.0,2000-04-06,4.046152009687035,0.2053834913925203,0.47604296676990965
Jasper,1-Day,1.0,2000-04-07,4.041274676518895,0.2059340641064906,0.4713133715624933
Jasper,1-Day,1.0,2000-04-08,4.036386668946044,0.20656067448237303,0.4627615721528774
Jasper,1-Day,1.0,2000-04-09,4.031491063827433,0.20727655681757193,0.4501792606687106
Jasper,1-Day,1.0,2000-04-10,4.026591078694682,0.20810807814529042,0.4337181088689241
Jasper,1-Day,1.0,2000-04-11,4.02168842744493,0.2090967943413887,0.4143518592667843
Jasper,1-Day,1.0,2000-04-12,4.016780637671311,0.21026758662235345,0.3936673306983757
Jasper,1-Day,1.0,2000-04-13,4.011863204788532,0.21160977197587666,0.37309151308330796
Jasper,1-Day,1.0,2000-04-14,4.006930779007546,0.21307702172850335,0.35321006858251525
Jasper,1-Day,1.0,2000-04-15,4.00197791026611,0.21460730055658925,0.3336138146619508
Jasper,1-Day,1.0,2000-04-16,3.9969988297201873,0.21615305298287849,0.3136107419416131
Jasper,1-Day,1.0,2000-04-17,3.99198932691734,0.21768706582828154,0.2931513432948397
Jasper,1-Day,1.0,2000-04-18,3.9869487015356744,0.21917750469314465,0.2730472925896254
Jasper,1-Day,1.0,2000-04-19,3.981879359527077,0.22058394914976223,0.2542337745387607
Jasper,1-Day,1.0,2000-04-20,3.9767839888885157,0.2218724749754779,0.23725865601663013
Jasper,1-Day,1.0,2000-04-21,3.9716644176626033,0.22302947552570251,0.22212093467358324
Jasper,1-Day,1.0,2000-04-22,3.966522315226882,0.22406880170738305,0.20859771006450353
Jasper,1-Day,1.0,2000-04-23,3.9613598833448083,0.22501370638122567,0.19652964455969746
Jasper,1-Day,1.0,2000-04-24,3.9561800941210996,0.225889708762069,0.18614908753834156
Jasper,1-Day,1.0,2000-04-25,3.950985718638733,0.2267186284447328,0.177595153159711
Jasper,1-Day,1.0,2000-04-26,3.945778662210043,0.227518047319857,0.1701884172609905
Jasper,1-Day,1.0,2000-04-27,3.940545855855008,0.22829630546471946,0.16255185765680305
Jasper,1-Day,1.0,2000-04-28,3.935298530464156,0.22904479613248013,0.1534972436433781
Jasper,1-Day,1.0,2000-04-29,3.9300412078758966,0.2297427141496294,0.14246573512579913
Jasper,1-Day,1.0,2000-04-30,3.9247771720534437,0.2303773138995151,0.12945379256699732
Jasper,1-Day,1.0,2000-05-01,3.9195084132434013,0.2309499662977574,0.11460748377873407
Jasper,1-Day,1.0,2000-05-02,3.9142363801050317,0.23147384329783993,0.09821847465232604
Jasper,1-Day,1.0,2000-05-03,3.9089621620123016,0.2320627367686736,0.07829737386394667
Jasper,1-Day,1.0,2000-05-04,3.903686579463625,0.23271629429726556,0.059588078534146785
Jasper,1-Day,1.0,2000-05-05,3.898410248334984,0.2333924744687493,0.041303344453007956
Jasper,1-Day,1.0,2000-05-06,3.893133687639983,0.23407995077968569,0.023075354580984805
Jasper,1-Day,1.0,2000-05-07,3.8878572940776874,0.2347766803300082,0.004775128763803956
Jasper,1-Day,1.0,2000-05-08,3.8825812981848924,0.2354827201829868,-0.013641478973125202
Jasper,1-Day,1.0,2000-05-09,3.8773057347414532,0.2361985163082655,-0.03218176760247624
Jasper,1-Day,1.0,2000-05-10,3.87203050579223,0.2369246899877391,-0.05082738011642426
Jasper,1-Day,1.0,2000-05-11,3.866755410299152,0.23766231804286586,-0.06953890259489612
Jasper,1-Day,1.0,2000-05-12,3.8614801999321564,0.23841274197143247,-0.0882606434125787
Jasper,1-Day,1.0,2000-05-13,3.856204561220852,0.2391772011669696,-0.10692901175171213
Jasper,1-Day,1.0,2000-05-14,3.8509281330069127,0.23995667673957186,-0.12548486274012716
Jasper,1-Day,1.0,2000-05-15,3.8456506077596737,0.24075168117609452,-0.14388214562422824
Jasper,5-Day,5.0,2000-01-01,4.282922290421377,0.18911222175188286,-0.16356057897474977
Jasper,5-Day,5.0,2000-01-02,4.279572102169805,0.18953484698379286,-0.1555079147980158
Jasper,5-Day,5.0,2000-01-03,4.276202863574156,0.18997540043588013,-0.14762057590621025
Jasper,5-Day,5.0,2000-01-04,4.272814551119806,0.190431273831211,-0.13987087442259818
Jasper,5-Day,5.0,2000-01-05,4.269407782177943,0.19089964447846922,-0.13223107270800255
Jasper,5-Day,5.0,2000-01-06,4.265983867307917,0.19137871138485382,-0.12468692198786392
Jasper,5-Day,5.0,2000-01-07,4.262544813441445,0.19186771730747157,-0.11723791032183964
Jasper,5-Day,5.0,2000-01-08,4.25909312057541,0.19236659169380899,-0.10989263549333185
Jasper,5-Day,5.0,2000-01-09,4.2556315072002056,0.19287470349847768,-0.10265429131808632
Jasper,5-Day,5.0,2000-01-10,4.252162669525335,0.19339119323653606,-0.09552336232569389
Jasper,5-Day,5.0,2000-01-11,4.248689226471348,0.1939171804143957,-0.08852129586916262
Jasper,5-Day,5.0,2000-01-12,4.2452138057111375,0.19445772258906882,-0.08171198770029789
Jasper,5-Day,5.0,2000-01-13,4.24173892044847,0.19502660757459922,-0.07525302736318702
Jasper,5-Day,5.0,2000-01-14,4.238266957281811,0.19565661305313994,-0.06950594138349783
Jasper,5-Day,5.0,2000-01-15,4.234800253897847,0.19611789980009475,-0.06199714985214195
Jasper,5-Day,5.0,2000-01-16,4.231340826945631,0.19643908050452677,-0.053040087274913
Jasper,5-Day,5.0,2000-01-17,4.22788963023939,0.19662108607504702,-0.0426395840467831
Jasper,5-Day,5.0,2000-01-18,4.224443755427123,0.196704416011867,-0.03121216998265476
Jasper,5-Day,5.0,2000-01-19,4.220987420341054,0.19673234547480878,-0.01916189650826689
Jasper,5-Day,5.0,2000-01-20,4.217471828463479,0.19673581898881964,-0.006646451380111434
Jasper,5-Day,5.0,2000-01-21,4.213655303427806,0.19672396904481404,0.007098627329707593
Jasper,5-Day,5.0,2000-01-22,4.209754963280602,0.19668366222024206,0.021446039272689912
Jasper,5-Day,5.0,2000-01-23,4.205775069612058,0.19658505481538607,0.036719788299916116
Jasper,5-Day,5.0,2000-01-24,4.201723640308192,0.1963942325974047,0.0532862722943982
Jasper,5-Day,5.0,2000-01-25,4.197614755067844,0.19608670819092755,0.07139744983336423
Jasper,5-Day,5.0,2000-01-26,4.193468711964698,0.19568319486169417,0.090778729813602
Jasper,5-Day,5.0,2000-01-27,4.189309468050165,0.19525094143862934,0.11059831726495363
Jasper,5-Day,5.0,2000-01-28,4.1851593059735395,0.19487699908491024,0.12802381827955409
Jasper,5-Day,5.0,2000-01-29,4.181036092171482,0.194643472679611,0.1393140054654125
Jasper,5-Day,5.0,2000-01-30,4.1769535019147455,0.1945996366503075,0.15308203628796113
Jasper,5-Day,5.0,2000-01-31,4.172921738582979,0.19475868133654922,0.16559191515223656
Jasper,5-Day,5.0,2000-02-01,4.168944887693239,0.19510324264474746,0.17566970435838586
Jasper,5-Day,5.0,2000-02-02,4.165021393605526,0.19559909554397387,0.1837158233159691
Jasper,5-Day,5.0,2000-02-03,4.161146809467304,0.19620150588396734,0.1902770378083316
Jasper,5-Day,5.0,2000-02-04,4.157316063806542,0.19684917365388652,0.1961037736238522
Jasper,5-Day,5.0,2000-02-05,4.153524653060499,0.1974691834965074,0.20208119966973317
Jasper,5-Day,5.0,2000-02-06,4.149765795674566,0.1979994102331124,0.20897161697209313
Jasper,5-Day,5.0,2000-02-07,4.146028635813997,0.19841016014221333,0.2171672935314528
Jasper,5-Day,5.0,2000-02-08,4.14230157554665,0.19869962063235214,0.22673588639529377
Jasper,5-Day,5.0,2000-02-09,4.138576116470673,0.1988773108257868,0.2376034631556162
Jasper,5-Day,5.0,2000-02-10,4.134848687519841,0.198957871346155,0.24962028549284293
Jasper,5-Day,5.0,2000-02-11,4.131121516475358,0.19896028186791198,0.26256472544129833
Jasper,5-Day,5.0,2000-02-12,4.127400103853554,0.19889514942663292,0.27630341296106387
Jasper,5-Day,5.0,2000-02-13,4.123691528240875,0.19875501400245202,0.29091709694119977
Jasper,5-Day,5.0,2000-02-14,4.120005983973963,0.19850823349761212,0.3067774246756453
Jasper,5-Day,5.0,2000-02-15,4.1163531381554535,0.198117223073708,0.32434657849444126
Jasper,5-Day,5.0,2000-02-16,4.1127393451479115,0.19735819663401205,0.34645903080960244
Jasper,5-Day,5.0,2000-02-17,4.10916903536528,0.1966726433302743,0.36764698684850267
Jasper,5-Day,5.0,2000-02-18,4.105647074075421,0.19585804271765234,0.3904679268301454
Jasper,5-Day,5.0,2000-02-19,4.102180169880797,0.1949795838575829,0.41411282053495424
Jasper,5-Day,5.0,2000-02-20,4.098777020707714,0.19411638093759115,0.4202812527869779
Jasper,5-Day,5.0,2000-02-21,4.095446925412458,0.1933281476792927,0.4175722851280295
Jasper,5-Day,5.0,2000-02-22,4.0921969450128275,0.1926296762768365,0.4131654824807277
Jasper,5-Day,5.0,2000-02-23,4.089029403254792,0.1920071184468785,0.40677404626133956
Jasper,5-Day,5.0,2000-02-24,4.085943215970606,0.19143818864463982,0.3981992076546905
Jasper,5-Day,5.0,2000-02-25,4.082935807290328,0.19089653900677417,0.3874986145343772
Jasper,5-Day,5.0,2000-02-26,4.080004234691246,0.19037238195635237,0.3752032418585947
Jasper,5-Day,5.0,2000-02-27,4.077145042616231,0.18988745814385677,0.3623592785965547
Jasper,5-Day,5.0,2000-02-28,4.074353013231789,0.1894589474535091,0.349757980784563
Jasper,5-Day,5.0,2000-03-01,4.068947923875805,0.18871545233244816,0.3247417297232655
Jasper,5-Day,5.0,2000-03-02,4.066330617428078,0.18835530142981435,0.31144094221982266
Jasper,5-Day,5.0,2000-03-03,4.063770640055961,0.18799227518714354,0.2972572042978948
Jasper,5-Day,5.0,2000-03-04,4.061268880582297,0.1876456594910416,0.2825810276039313
Jasper,5-Day,5.0,2000-03-05,4.0588254184342185,0.18734019899101584,0.2681925580955271
Jasper,5-Day,5.0,2000-03-06,4.056440540326707,0.18710004117282572,0.25486070879944395
Jasper,5-Day,5.0,2000-03-07,4.054117205194742,0.18693287719975635,0.24296070591353378
Jasper,5-Day,5.0,2000-03-08,4.051860608949516,0.18681671830589394,0.2326145843980854
Jasper,5-Day,5.0,2000-03-09,4.049674351764602,0.18671829696709238,0.22460988074971053
Jasper,5-Day,5.0,2000-03-10,4.047552808317343,0.1866171161100133,0.21999291980279662
Jasper,5-Day,5.0,2000-03-11,4.045479263001153,0.1865076946732727,0.21920278765479434
Jasper,5-Day,5.0,2000-03-12,4.043427047046746,0.1863737036101619,0.22137377802291913
Jasper,5-Day,5.0,2000-03-13,4.041361390056813,0.18619329055585349,0.22484521907502633
Jasper,5-Day,5.0,2000-03-14,4.039245091378583,0.18603632914128446,0.22973974114282397
Jasper,5-Day,5.0,2000-03-15,4.037045870057988,0.18580813880031138,0.234392361974007
Jasper,5-Day,5.0,2000-03-16,4.034741434633303,0.1854915614965905,0.23745308687190053
Jasper,5-Day,5.0,2000-03-17,4.032319553385497,0.18508097387671482,0.2391242153465482
Jasper,5-Day,5.0,2000-03-18,4.029775238031243,0.18458895901444075,0.23935696300665874
Jasper,5-Day,5.0,2000-03-19,4.027105456891792,0.18405604827011526,0.23863940159508715
Jasper,5-Day,5.0,2000-03-20,4.024306127558156,0.18352845083650085,0.23800096625285122
Jasper,5-Day,5.0,2000-03-21,4.021370718935951,0.18303317827061022,0.2384029201849659
Jasper,5-Day,5.0,2000-03-22,4.018299280647421,0.18257190147078267,0.24033468622482926
Jasper,5-Day,5.0,2000-03-23,4.015098513848016,0.18210512533192316,0.24345154600893082
Jasper,5-Day,5.0,2000-03-24,4.0117770055283835,0.1815572106980684,0.24655712439455005
Jasper,5-Day,5.0,2000-03-25,4.008342974108819,0.18085759903899315,0.24833347377406098
Jasper,5-Day,5.0,2000-03-26,4.004804747178038,0.17997491024999362,0.24818469828104409
Jasper,5-Day,5.0,2000-03-27,4.00117319198426,0.1789206113069913,0.24633523272560798
Jasper,5-Day,5.0,2000-03-28,3.997461401380224,0.1777476747964781,0.24367824194163573
Jasper,5-Day,5.0,2000-03-29,3.9936802370211515,0.17653614892324013,0.24132967377639342
Jasper,5-Day,5.0,2000-03-30,3.989835140171789,0.17537650022201928,0.24041478010068093
Jasper,5-Day,5.0,2000-03-31,3.9859256964154834,0.17434174344491474,0.241640164557261
Jasper,5-Day,5.0,2000-04-01,3.9819520614489035,0.17347129456123436,0.2451148942737406
Jasper,5-Day,5.0,2000-04-02,3.9779185936379204,0.17277998120044272,0.25082397939876117
Jasper,5-Day,5.0,2000-04-03,3.9738291522374083,0.17225289245896694,0.25854733745290226
Jasper,5-Day,5.0,2000-04-04,3.9696861464015494,0.171861194218823,0.2672650792635065
Jasper,5-Day,5.0,2000-04-05,3.965492690432374,0.17160767994559092,0.27520546949585334
Jasper,5-Day,5.0,2000-04-06,3.961255419196879,0.17151290837814143,0.2803078099104385
Jasper,5-Day,5.0,2000-04-07,3.956984164036251,0.17158654045101374,0.28070579055472883
Jasper,5-Day,5.0,2000-04-08,3.9526891032878138,0.17182568384438696,0.2752053824718512
Jasper,5-Day,5.0,2000-04-09,3.94838160485241,0.1722326754261758,0.2637238250196436
Jasper,5-Day,5.0,2000-04-10,3.944076663366035,0.17281353510464542,0.24720111492617017
Jasper,5-Day,5.0,2000-04-11,3.9397892023855574,0.17359193825147884,0.22745411477591954
Jasper,5-Day,5.0,2000-04-12,3.9355255987779736,0.17458382321378982,0.20654028945291733
Jasper,5-Day,5.0,2000-04-13,3.9312850210760075,0.1757919682768467,0.186378381019195
Jasper,5-Day,5.0,2000-04-14,3.92706395017542,0.1772162740483106,0.1680795090216454
Jasper,5-Day,5.0,2000-04-15,3.922858823504762,0.17881979549828123,0.15151779015311395
Jasper,5-Day,5.0,2000-04-16,3.9186654213404286,0.1805435130218966,0.13563450415142872
Jasper,5-Day,5.0,2000-04-17,3.9144798650197803,0.18233987296648207,0.11914188224836608
Jasper,5-Day,5.0,2000-04-18,3.910299911729678,0.18417297356282233,0.10153745343596322
Jasper,5-Day,5.0,2000-04-19,3.906123775031866,0.18599269137649616,0.08307420097288011
Jasper,5-Day,5.0,2000-04-20,3.901947326729367,0.1877418686576484,0.0649384972310645
Jasper,5-Day,5.0,2000-04-21,3.897763968516716,0.18938596564361027,0.049171993090071885
Jasper,5-Day,5.0,2000-04-22,3.89356730818811,0.19092763030829352,0.03789304534526818
Jasper,5-Day,5.0,2000-04-23,3.889353872157702,0.19237790909134647,0.03215628035128649
Jasper,5-Day,5.0,2000-04-24,3.885123191940849,0.19375072094724125,0.03134422883214662
Jasper,5-Day,5.0,2000-04-25,3.8808761356863686,0.19507261915147397,0.03171383325887374
Jasper,5-Day,5.0,2000-04-26,3.876613662211965,0.19637961712726776,0.032300011106451636
Jasper,5-Day,5.0,2000-04-27,3.8723233357741442,0.19769239075691936,0.032912885918812085
Jasper,5-Day,5.0,2000-04-28,3.8680083296775005,0.19899989420364192,0.03366265060656175
Jasper,5-Day,5.0,2000-04-29,3.863678333522787,0.20027651244042835,0.03479387856134844
Jasper,5-Day,5.0,2000-04-30,3.8593392173391785,0.2014987835705081,0.0365354288644145
Jasper,5-Day,5.0,2000-05-01,3.8549939754092213,0.20265429548477198,0.039001931421576576
Jasper,5-Day,5.0,2000-05-02,3.8506445497739814,0.20374358277873958,0.040896262465038906
Jasper,5-Day,5.0,2000-05-03,3.8462924049849314,0.204767820811941,0.022129195405907638
Jasper,5-Day,5.0,2000-05-04,3.841938648373365,0.20582060847778716,0.002862094101717122
Jasper,5-Day,5.0,2000-05-05,3.837584075710233,0.20687603454416562,-0.016283567618848124
Jasper,5-Day,5.0,2000-05-06,3.8332292985532628,0.20793010057883107,-0.03552899160163064
Jasper,5-Day,5.0,2000-05-07,3.828874694783354,0.20898468855817062,-0.05505633418836659
Jasper,5-Day,5.0,2000-05-08,3.8245203464201714,0.21004204454957676,-0.07497325250599926
Jasper,5-Day,5.0,2000-05-09,3.8201660685659626,0.21110354944672283,-0.0953582144292296
Jasper,5-Day,5.0,2000-05-10,3.815811542003958,0.212170257993746,-0.11626780122380642
Jasper,5-Day,5.0,2000-05-11,3.8114563490586972,0.21324371961089852,-0.1377310512231535
Jasper,5-Day,5.0,2000-05-12,3.807099998305092,0.2143255805335939,-0.15974277775293044
Jasper,5-Day,5.0,2000-05-13,3.802741879153015,0.21541684530661184,-0.18226844925880437
Jasper,5-Day,5.0,2000-05-14,3.798381321752584,0.21651775938749335,-0.20525453282625652
Jasper,5-Day,5.0,2000-05-15,3.7940178243196994,0.21762802900269,-0.22863461911561395
Mehama,1-Day,1.0,2000-01-01,4.378623654674976,0.2143162831372147,-0.04697650265067943
Mehama,1-Day,1.0,2000-01-02,4.373742125862054,0.2143650844769326,-0.03142890554145834
Mehama,1-Day,1.0,2000-01-03,4.368852133496688,0.21442140020681708,-0.015956395878068554
Mehama,1-Day,1.0,2000-01-04,4.363953499480708,0.21448731682111152,-0.0005799757752468249
Mehama,1-Day,1.0,2000-01-05,4.359046397436691,0.21456547662155093,0.01467206018272014
Mehama,1-Day,1.0,2000-01-06,4.354131703546017,0.21465870723470454,0.029766635445640906
Mehama,1-Day,1.0,2000-01-07,4.3492109933025525,0.2147698663595491,0.04466748879678554
Mehama,1-Day,1.0,2000-01-08,4.344286193169482,0.21490172943676814,0.0593375124670136
Mehama,1-Day,1.0,2000-01-09,4.339359218415888,0.21505653891505633,0.07374468119183192
Mehama,1-Day,1.0,2000-01-10,4.334431999045997,0.21647662340819973,0.075
Mehama,1-Day,1.0,2000-01-11,4.329506578472822,0.21801707445166263,0.075
Mehama,1-Day,1.0,2000-01-12,4.324584944571946,0.21954166072169407,0.07514927259876733
Mehama,1-Day,1.0,2000-01-13,4.319668773449797,0.22007791151837555,0.08530232918272956
Mehama,1-Day,1.0,2000-01-14,4.314759281794855,0.22066084792818025,0.09490280523444819
Mehama,1-Day,1.0,2000-01-15,4.309857158741116,0.22129903576459917,0.1038604915405394
Mehama,1-Day,1.0,2000-01-16,4.304962570860092,0.2219091168024988,0.11302547919983377
Mehama,1-Day,1.0,2000-01-17,4.300074898507254,0.2225091427717495,0.12221680729523432
Mehama,1-Day,1.0,2000-01-18,4.295191760336272,0.2231131971834228,0.13129897612453428
Mehama,1-Day,1.0,2000-01-19,4.290306693524829,0.22371860632523458,0.14032009087268738
Mehama,1-Day,1.0,2000-01-20,4.285403696021526,0.2243107364769189,0.14948015338944268
Mehama,1-Day,1.0,2000-01-21,4.280431134911665,0.22486755774303785,0.1591651142219141
Mehama,1-Day,1.0,2000-01-22,4.275435097957671,0.22536282028713067,0.1695026818347947
Mehama,1-Day,1.0,2000-01-23,4.27041819420703,0.22576770751822156,0.18078506790043206
Mehama,1-Day,1.0,2000-01-24,4.2653933695227755,0.2260594313791989,0.19321539093285064
Mehama,1-Day,1.0,2000-01-25,4.260385791121861,0.22622850860504676,0.20682772688996892
Mehama,1-Day,1.0,2000-01-26,4.255425762664304,0.2262865660993976,0.22142583682965433
Mehama,1-Day,1.0,2000-01-27,4.250539453337826,0.2262601170816934,0.23667068443409708
Mehama,1-Day,1.0,2000-01-28,4.245743705414762,0.22617672512862153,0.25223612832067466
Mehama,1-Day,1.0,2000-01-29,4.241045136379347,0.22604461111749782,0.26802664658792796
Mehama,1-Day,1.0,2000-01-30,4.236439824843726,0.22584533200472723,0.2842628704328372
Mehama,1-Day,1.0,2000-01-31,4.231915379921938,0.22555407022057358,0.3012666903005319
Mehama,1-Day,1.0,2000-02-01,4.227456832943284,0.22515741494070526,0.3134902177585697
Mehama,1-Day,1.0,2000-02-02,4.223051635806483,0.22463647550197702,0.31148814211079134
Mehama,1-Day,1.0,2000-02-03,4.218692118330698,0.22396628965856155,0.30758068787872156
Mehama,1-Day,1.0,2000-02-04,4.214374949956688,0.22313294793870442,0.302240475262178
Mehama,1-Day,1.0,2000-02-05,4.210096429666339,0.22215772109937396,0.2962032314621371
Mehama,1-Day,1.0,2000-02-06,4.205848759444566,0.22110016372844307,0.29025950362863406
Mehama,1-Day,1.0,2000-02-07,4.201621156879853,0.22003248535792555,0.2847588748100099
Mehama,1-Day,1.0,2000-02-08,4.197404778280685,0.21900857584514813,0.27932688191714855
Mehama,1-Day,1.0,2000-02-09,4.193195821405856,0.2180532325147901,0.27302767543815837
Mehama,1-Day,1.0,2000-02-10,4.188995116122761,0.2171690197394493,0.2646888599390799
Mehama,1-Day,1.0,2000-02-11,4.184807966735996,0.21633981924949777,0.25394003713684726
Mehama,1-Day,1.0,2000-02-12,4.180639386583847,0.21554918893289143,0.24221015768034249
Mehama,1-Day,1.0,2000-02-13,4.176490796888625,0.21478762483038374,0.2322462565668698
Mehama,1-Day,1.0,2000-02-14,4.172360812340741,0.21403761672558533,0.22557292556735853
Mehama,1-Day,1.0,2000-02-15,4.168248051655092,0.21327917928420806,0.22154888784674023
Mehama,1-Day,1.0,2000-02-16,4.164153754671419,0.2126151862576722,0.22007088187197799
Mehama,1-Day,1.0,2000-02-17,4.160083766119323,0.21177333780776675,0.2170647323032551
Mehama,1-Day,1.0,2000-02-18,4.1560482248033015,0.21095242254670873,0.21457692138601833
Mehama,1-Day,1.0,2000-02-19,4.152058060579929,0.2101528598344867,0.21273451515030234
Mehama,1-Day,1.0,2000-02-20,4.14812122658506,0.20936783780617166,0.2119103958205529
Mehama,1-Day,1.0,2000-02-21,4.144241010741676,0.20859246164808815,0.21237796794537725
Mehama,1-Day,1.0,2000-02-22,4.140416054028216,0.20782619749587328,0.21411673174542434
Mehama,1-Day,1.0,2000-02-23,4.136638907269825,0.2070710005108287,0.21678571650692707
Mehama,1-Day,1.0,2000-02-24,4.132900930848596,0.20632984514919975,0.22004403584903615
Mehama,1-Day,1.0,2000-02-25,4.129194588999045,0.20559967345529473,0.22368322827111056
Mehama,1-Day,1.0,2000-02-26,4.125513885151108,0.20486898585567628,0.2275989007210172
Mehama,1-Day,1.0,2000-02-27,4.121854028286387,0.20412196168869598,0.23176997428914045
Mehama,1-Day,1.0,2000-02-28,4.118211335985035,0.20335431556955416,0.23627753872988713
Mehama,1-Day,1.0,2000-03-01,4.110973964506648,0.2018593710917807,0.24677718654260467
Mehama,1-Day,1.0,2000-03-02,4.1073801483576515,0.20122765289573746,0.2529780680779814
Mehama,1-Day,1.0,2000-03-03,4.1038039247374325,0.2007297538969404,0.25993602186397935
Mehama,1-Day,1.0,2000-03-04,4.1002492604540635,0.2003862115389143,0.26775505809601874
Mehama,1-Day,1.0,2000-03-05,4.0967238607027845,0.20020820374654485,0.27652885351585554
Mehama,1-Day,1.0,2000-03-06,4.0932383463830195,0.200204567031025,0.2861553099259636
Mehama,1-Day,1.0,2000-03-07,4.089804967455464,0.2003736315790047,0.2959666406220427
Mehama,1-Day,1.0,2000-03-08,4.086434675349673,0.20069987693716676,0.30362976936172104
Mehama,1-Day,1.0,2000-03-09,4.083133580675211,0.20114350663209954,0.30960101792192035
Mehama,1-Day,1.0,2000-03-10,4.079900687379328,0.20164498322286267,0.3146083183829756
Mehama,1-Day,1.0,2000-03-11,4.076725673641677,0.20215112683518174,0.31933562138979155
Mehama,1-Day,1.0,2000-03-12,4.073589554976258,0.20262791741345967,0.32426232334252386
Mehama,1-Day,1.0,2000-03-13,4.070467924316665,0.2030570933093372,0.3296937837492996
Mehama,1-Day,1.0,2000-03-14,4.067336372284482,0.20356205269370561,0.3342162099083174
Mehama,1-Day,1.0,2000-03-15,4.064173793773483,0.20390813886501366,0.34074761463387476
Mehama,1-Day,1.0,2000-03-16,4.060961580270444,0.2041952922372599,0.3481401662363664
Mehama,1-Day,1.0,2000-03-17,4.057684185598801,0.20444145331166913,0.3562304386980202
Mehama,1-Day,1.0,2000-03-18,4.054330125732603,0.20466725953302922,0.364807472984807
Mehama,1-Day,1.0,2000-03-19,4.050891889420357,0.2048873230642078,0.37371868711487616
Mehama,1-Day,1.0,2000-03-20,4.047366852983673,0.20510647505310234,0.38291332097523606
Mehama,1-Day,1.0,2000-03-21,4.043757917847749,0.20532364031686906,0.3901974552482885
Mehama,1-Day,1.0,2000-03-22,4.040074005126673,0.20552295515153426,0.39686380885790484
Mehama,1-Day,1.0,2000-03-23,4.036326210378353,0.2056786763205941,0.40364356402899365
Mehama,1-Day,1.0,2000-03-24,4.032524633389189,0.20576480159206822,0.4102790325207873
Mehama,1-Day,1.0,2000-03-25,4.028678207233858,0.20575653640592315,0.41664994061287625
Mehama,1-Day,1.0,2000-03-26,4.024795072817242,0.2056375130617665,0.4227721201265065
Mehama,1-Day,1.0,2000-03-27,4.020882822378005,0.20541268294026627,0.4287693094450459
Mehama,1-Day,1.0,2000-03-28,4.0169451778988545,0.2051176423124445,0.4347454096612082
Mehama,1-Day,1.0,2000-03-29,4.012979341660514,0.20481053552700837,0.44068781342564417
Mehama,1-Day,1.0,2000-03-30,4.0089770748009395,0.20454800652664112,0.4464935941406556
Mehama,1-Day,1.0,2000-03-31,4.004927970932534,0.20437369397020969,0.45198912629598637
Mehama,1-Day,1.0,2000-04-01,4.000823288184304,0.20430500973287533,0.4570027561143633
Mehama,1-Day,1.0,2000-04-02,3.996656175346191,0.20432806997784997,0.46127469510242824
Mehama,1-Day,1.0,2000-04-03,3.992419816996286,0.2044049627018626,0.4644249667905955
Mehama,1-Day,1.0,2000-04-04,3.9881071446472607,0.2045043774869641,0.46598094186430283
Mehama,1-Day,1.0,2000-04-05,3.983713019021868,0.20460125838270707,0.46550234474168845
Mehama,1-Day,1.0,2000-04-06,3.979236338142401,0.20468343302399616,0.4626151190795587
Mehama,1-Day,1.0,2000-04-07,3.974680447964034,0.20476325474120918,0.45702108467648594
Mehama,1-Day,1.0,2000-04-08,3.9700520868929816,0.20487862010363,0.4486916916569107
Mehama,1-Day,1.0,2000-04-09,3.9653608555281212,0.20507745082007783,0.43798789927927695
Mehama,1-Day,1.0,2000-04-10,3.9606187743024743,0.20538809395374225,0.42545933369220174
Mehama,1-Day,1.0,2000-04-11,3.955837086448468,0.20580664038874236,0.41157428355855563
Mehama,1-Day,1.0,2000-04-12,3.951024898175194,0.20631206699221735,0.3967545110186037
Mehama,1-Day,1.0,2000-04-13,3.9461909141919955,0.20687761716191888,0.38129471526681163
Mehama,1-Day,1.0,2000-04-14,3.9413438436562522,0.2074615123848711,0.3651436628585345
Mehama,1-Day,1.0,2000-04-15,3.936490118271588,0.20801264050710488,0.34807193007284143
Mehama,1-Day,1.0,2000-04-16,3.931632165795806,0.20850372265121714,0.32992125045609955
Mehama,1-Day,1.0,2000-04-17,3.9267692871618824,0.20893216837017622,0.310652410748145
Mehama,1-Day,1.0,2000-04-18,3.921898691805459,0.20929281909680747,0.2901506801441928
Mehama,1-Day,1.0,2000-04-19,3.9170146786179303,0.20957572367060215,0.2683659155152233
Mehama,1-Day,1.0,2000-04-20,3.9121062617731845,0.20977678669128716,0.2455386008237341
Mehama,1-Day,1.0,2000-04-21,3.907159845283525,0.20990841458830747,0.22201704246773704
Mehama,1-Day,1.0,2000-04-22,3.902162836709435,0.20999724747620416,0.1980978155541863
Mehama,1-Day,1.0,2000-04-23,3.8971062400070027,0.2100753648833513,0.1741133168621692
Mehama,1-Day,1.0,2000-04-24,3.8919858402846432,0.21017200397561991,0.1501665726353294
Mehama,1-Day,1.0,2000-04-25,3.886800601626403,0.21030128548060734,0.1259171419814277
Mehama,1-Day,1.0,2000-04-26,3.881551624639686,0.2104670912556521,0.10071185933136702
Mehama,1-Day,1.0,2000-04-27,3.8761165122873025,0.21067327664523464,0.07401316888395906
Mehama,1-Day,1.0,2000-04-28,3.8706417817785126,0.2109270960916325,0.045822360495565484
Mehama,1-Day,1.0,2000-04-29,3.865155533381219,0.2112403922686886,0.016861798650291287
Mehama,1-Day,1.0,2000-04-30,3.8596676134263657,0.21163260570782733,-0.01170804275131763
Mehama,1-Day,1.0,2000-05-01,3.8541809535954665,0.21211985677381565,-0.03897411713821824
Mehama,1-Day,1.0,2000-05-02,3.848696220972771,0.21271358162554685,-0.06460794144316606
Mehama,1-Day,1.0,2000-05-03,3.843213182202842,0.21366217611774205,-0.08365895765176111
Mehama,1-Day,1.0,2000-05-04,3.8377311479144156,0.2147026601953159,-0.10193267177576891
Mehama,1-Day,1.0,2000-05-05,3.8322491552346336,0.21577046085937102,-0.12061282832056294
Mehama,1-Day,1.0,2000-05-06,3.826766078383444,0.21684980192615771,-0.13960584846766247
Mehama,1-Day,1.0,2000-05-07,3.821280659608385,0.21793857202811198,-0.15872851702400348
Mehama,1-Day,1.0,2000-05-08,3.815791511019486,0.21903799372869376,-0.17784846037325167
Mehama,1-Day,1.0,2000-05-09,3.810297196988144,0.22015036287972686,-0.19686205004477655
Mehama,1-Day,1.0,2000-05-10,3.804796484767095,0.22127835315772892,-0.21567448950364818
Mehama,1-Day,1.0,2000-05-11,3.799288442099443,0.2224249186700091,-0.23419343882153387
Mehama,1-Day,1.0,2000-05-12,3.7937723730029926,0.22359308398171948,-0.2523330145515889
Mehama,1-Day,1.0,2000-05-13,3.7882477771600924,0.22478557712850847,-0.27002722539107527
Mehama,1-Day,1.0,2000-05-14,3.782714408922404,0.2260044895493138,-0.28724055877633053
Mehama,1-Day,1.0,2000-05-15,3.777172306718777,0.22725049413768258,-0.30396773343349776
Mehama,5-Day,5.0,2000-01-01,4.191127879722536,0.18212064921858476,-0.04738623327733748
Mehama,5-Day,5.0,2000-01-02,4.187686449668791,0.18256032286244528,-0.039237191213550744
Mehama,5-Day,5.0,2000-01-03,4.184228130214684,0.1830228020237109,-0.031335041822057534
Mehama,5-Day,5.0,2000-01-04,4.180753177294835,0.1835062612189835,-0.02365990435136225
Mehama,5-Day,5.0,2000-01-05,4.17726252076942,0.1840089073737137,-0.016194672390224964
Mehama,5-Day,5.0,2000-01-06,4.173757746533247,0.1845298543947262,-0.008935183900794518
Mehama,5-Day,5.0,2000-01-07,4.1702409775272455,0.18506904312355085,-0.001888812670811462
Mehama,5-Day,5.0,2000-01-08,4.1667144749024745,0.1856266842473447,0.0049335993181533104
Mehama,5-Day,5.0,2000-01-09,4.163180292762405,0.18620135432427923,0.011541336672712545
Mehama,5-Day,5.0,2000-01-10,4.159640266834043,0.18679008086632035,0.017962783521207837
Mehama,5-Day,5.0,2000-01-11,4.156096266753554,0.18739024137311347,0.02422218440303519
Mehama,5-Day,5.0,2000-01-12,4.152550245612842,0.1880017602124262,0.03031379895919319
Mehama,5-Day,5.0,2000-01-13,4.149004056311375,0.1886369757065426,0.036087676338823226
Mehama,5-Day,5.0,2000-01-14,4.145459386024847,0.18935062464603059,0.04090196465327921
Mehama,5-Day,5.0,2000-01-15,4.141917486945077,0.19014160705820202,0.04477061733460917
Mehama,5-Day,5.0,2000-01-16,4.1383787859852434,0.19087016765549586,0.04931713788706901
Mehama,5-Day,5.0,2000-01-17,4.134842109444573,0.19156290490205616,0.05423438857910331
Mehama,5-Day,5.0,2000-01-18,4.13130210030452,0.19225968422116668,0.05908010716351545
Mehama,5-Day,5.0,2000-01-19,4.1277423125894055,0.19298515652976747,0.06363045323000484
Mehama,5-Day,5.0,2000-01-20,4.124121557406393,0.19374500870834718,0.06797013071919125
Mehama,5-Day,5.0,2000-01-21,4.120280644487067,0.194512537651593,0.07297706556457342
Mehama,5-Day,5.0,2000-01-22,4.116380331627755,0.19523968478055576,0.07861771830778103
Mehama,5-Day,5.0,2000-01-23,4.112429588019901,0.19587545349813057,0.08543934432831231
Mehama,5-Day,5.0,2000-01-24,4.108441725086541,0.1963748207065935,0.09390678576654209
Mehama,5-Day,5.0,2000-01-25,4.104432435669693,0.1967046158564885,0.10434785838946618
Mehama,5-Day,5.0,2000-01-26,4.100417249030391,0.19686975798114173,0.11666468149434893
Mehama,5-Day,5.0,2000-01-27,4.096407311651242,0.19692262114867434,0.1302338673189144
Mehama,5-Day,5.0,2000-01-28,4.092410859539728,0.1969322392459008,0.14424223038771472
Mehama,5-Day,5.0,2000-01-29,4.088438970746486,0.19695340331426187,0.15801791234588172
Mehama,5-Day,5.0,2000-01-30,4.084506022581207,0.19701161680222473,0.17120878461721395
Mehama,5-Day,5.0,2000-01-31,4.080624389411633,0.19710076000543622,0.18383806386828763
Mehama,5-Day,5.0,2000-02-01,4.0768011444098695,0.1971884318864953,0.19626132046703595
Mehama,5-Day,5.0,2000-02-02,4.073038470451225,0.19722629408858774,0.20904822765261627
Mehama,5-Day,5.0,2000-02-03,4.069333629874082,0.19715934800262574,0.22287698432085798
Mehama,5-Day,5.0,2000-02-04,4.06568163815738,0.19693992584113826,0.23836264994345008
Mehama,5-Day,5.0,2000-02-05,4.062075863272333,0.19654595631850935,0.25583705388732525
Mehama,5-Day,5.0,2000-02-06,4.058505188700735,0.195985594204613,0.275295386801639
Mehama,5-Day,5.0,2000-02-07,4.054955395941355,0.19529927707162997,0.29634904021427566
Mehama,5-Day,5.0,2000-02-08,4.051412562143459,0.19455603761472734,0.3135725708376206
Mehama,5-Day,5.0,2000-02-09,4.04786626121207,0.19382302978981725,0.30058427134662913
Mehama,5-Day,5.0,2000-02-10,4.044312433522414,0.19314197596774846,0.2882048665628241
Mehama,5-Day,5.0,2000-02-11,4.040754366942418,0.19252544267978788,0.27613798224584407
Mehama,5-Day,5.0,2000-02-12,4.037197401462116,0.191967550515745,0.2636345319182007
Mehama,5-Day,5.0,2000-02-13,4.0336461359550135,0.1914455525599495,0.25052058768085866
Mehama,5-Day,5.0,2000-02-14,4.030104147523946,0.1909148467153542,0.23717106160012563
Mehama,5-Day,5.0,2000-02-15,4.026573296206088,0.1903211132387723,0.2245149565147713
Mehama,5-Day,5.0,2000-02-16,4.023055719111627,0.1896569426422712,0.22132630612157597
Mehama,5-Day,5.0,2000-02-17,4.019555992543353,0.18884365203211295,0.21240334664501673
Mehama,5-Day,5.0,2000-02-18,4.016083119834371,0.18793208435085373,0.20512666472082647
Mehama,5-Day,5.0,2000-02-19,4.012650747945057,0.18693280059532627,0.19925779334313556
Mehama,5-Day,5.0,2000-02-20,4.009273232417008,0.1858580928118472,0.19440610606584124
Mehama,5-Day,5.0,2000-02-21,4.005959645136135,0.1847172170641558,0.19014460998368984
Mehama,5-Day,5.0,2000-02-22,4.002715074177623,0.18352160512360585,0.18647030275412843
Mehama,5-Day,5.0,2000-02-23,3.999542403703825,0.18229925484454676,0.18339485866627106
Mehama,5-Day,5.0,2000-02-24,3.9964432030378876,0.1810857134920433,0.18059502400243357
Mehama,5-Day,5.0,2000-02-25,3.9934167707621944,0.17990078186755543,0.1776897280927104
Mehama,5-Day,5.0,2000-02-26,3.990459382543945,0.1787488442042786,0.17447496212948185
Mehama,5-Day,5.0,2000-02-27,3.9875633510990314,0.1776224131516655,0.1710611435964978
Mehama,5-Day,5.0,2000-02-28,3.9847172220212634,0.17649875805386642,0.16745849740955082
Mehama,5-Day,5.0,2000-03-01,3.979132207741691,0.1742024684932734,0.15897077679200294
Mehama,5-Day,5.0,2000-03-02,3.9763759943682317,0.17304911876766887,0.15407770615114122
Mehama,5-Day,5.0,2000-03-03,3.9736351065365216,0.171929780817195,0.1490836301123239
Mehama,5-Day,5.0,2000-03-04,3.9709105169257075,0.17088821950547542,0.1444581239840835
Mehama,5-Day,5.0,2000-03-05,3.968209708428044,0.16996996727340338,0.14073823470484512
Mehama,5-Day,5.0,2000-03-06,3.965546214872749,0.16922435781056658,0.1386070297877258
Mehama,5-Day,5.0,2000-03-07,3.9629372294746705,0.16869305721204536,0.13878779629612406
Mehama,5-Day,5.0,2000-03-08,3.9603987862171,0.16838680789992533,0.14146397996199067
Mehama,5-Day,5.0,2000-03-09,3.9579407833924867,0.16828102874005724,0.1462278932681418
Mehama,5-Day,5.0,2000-03-10,3.955564573254624,0.1683190588600654,0.15209931006809949
Mehama,5-Day,5.0,2000-03-11,3.953263136012409,0.16842791827988238,0.1579486029837317
Mehama,5-Day,5.0,2000-03-12,3.9510223786634664,0.16853642925408976,0.1629353875974708
Mehama,5-Day,5.0,2000-03-13,3.9488213500293927,0.16859151015820634,0.16655564702203163
Mehama,5-Day,5.0,2000-03-14,3.946634946524859,0.16867650708212273,0.17351087477993626
Mehama,5-Day,5.0,2000-03-15,3.944438634260642,0.16857549142542413,0.17432574959620895
Mehama,5-Day,5.0,2000-03-16,3.9422093127967526,0.16839885561106613,0.17297135128637092
Mehama,5-Day,5.0,2000-03-17,3.939925331743526,0.1681876195970464,0.16997576913379647
Mehama,5-Day,5.0,2000-03-18,3.9375674214015133,0.16799111309565726,0.1662645517994119
Mehama,5-Day,5.0,2000-03-19,3.935119835348127,0.16784473218743087,0.1628990207727114
Mehama,5-Day,5.0,2000-03-20,3.93257107520355,0.16775382927882782,0.1605043478506235
Mehama,5-Day,5.0,2000-03-21,3.9299142931115276,0.16770727667076274,0.15938802066749602
Mehama,5-Day,5.0,2000-03-22,3.9271526950778637,0.167693426072626,0.15965802467484352
Mehama,5-Day,5.0,2000-03-23,3.9242978586850628,0.16767636488951376,0.16077096528047555
Mehama,5-Day,5.0,2000-03-24,3.921361643381646,0.16759658059600646,0.16178322621576516
Mehama,5-Day,5.0,2000-03-25,3.918354426167405,0.16740328835368962,0.1619918306519954
Mehama,5-Day,5.0,2000-03-26,3.9152875112545487,0.16709373119378595,0.1612324051831684
Mehama,5-Day,5.0,2000-03-27,3.9121754958685737,0.1667073591828697,0.159922309098325
Mehama,5-Day,5.0,2000-03-28,3.909032017441279,0.16630750939339636,0.1592150962968336
Mehama,5-Day,5.0,2000-03-29,3.905863490260554,0.1659510046239761,0.16025636707743302
Mehama,5-Day,5.0,2000-03-30,3.9026686491231093,0.16567127661305317,0.1634703309757222
Mehama,5-Day,5.0,2000-03-31,3.8994420289050926,0.16547750190989846,0.16885027236107178
Mehama,5-Day,5.0,2000-04-01,3.8961769884072597,0.16536650342912396,0.17601421003125872
Mehama,5-Day,5.0,2000-04-02,3.892868348564898,0.16533315544633634,0.1842503362647373
Mehama,5-Day,5.0,2000-04-03,3.8895096091419,0.16536520435580562,0.1925748008084199
Mehama,5-Day,5.0,2000-04-04,3.8860904261098845,0.16544995853765715,0.20034742068709108
Mehama,5-Day,5.0,2000-04-05,3.8826004405968213,0.16555368471625487,0.2067757902294803
Mehama,5-Day,5.0,2000-04-06,3.879032984017035,0.1656481593365855,0.21096032195826298
Mehama,5-Day,5.0,2000-04-07,3.875386937553219,0.1657714787015836,0.2124228110570491
Mehama,5-Day,5.0,2000-04-08,3.871666071874228,0.16602187612867547,0.21139042672618433
Mehama,5-Day,5.0,2000-04-09,3.8678791488169635,0.16647948635810889,0.20869150311748172
Mehama,5-Day,5.0,2000-04-10,3.8640403080708063,0.16714111594526157,0.2052093684096555
Mehama,5-Day,5.0,2000-04-11,3.8601633021422104,0.1679454682978034,0.2012464970795066
Mehama,5-Day,5.0,2000-04-12,3.856258620239411,0.16883428780009013,0.19699813715713219
Mehama,5-Day,5.0,2000-04-13,3.8523359429654813,0.16979608150931663,0.19264584971243082
Mehama,5-Day,5.0,2000-04-14,3.848405435765873,0.1708331336077401,0.18798886730878622
Mehama,5-Day,5.0,2000-04-15,3.8444763971992284,0.1719215415309935,0.182252346732362
Mehama,5-Day,5.0,2000-04-16,3.8405561725565196,0.17301828553827073,0.1746960193894931
Mehama,5-Day,5.0,2000-04-17,3.836650497433366,0.17410192503016514,0.16529243663485615
Mehama,5-Day,5.0,2000-04-18,3.8327625682537616,0.17515757401619428,0.15381842752961875
Mehama,5-Day,5.0,2000-04-19,3.828890246381686,0.17616725350116377,0.13994488790702117
Mehama,5-Day,5.0,2000-04-20,3.825023167360258,0.17711368712157669,0.1238032458579211
Mehama,5-Day,5.0,2000-04-21,3.821146126195418,0.17800148877929942,0.10596488073527018
Mehama,5-Day,5.0,2000-04-22,3.817243183943217,0.17884643974251266,0.08670921641126926
Mehama,5-Day,5.0,2000-04-23,3.813299958251199,0.1796711548608543,0.06608237904424799
Mehama,5-Day,5.0,2000-04-24,3.8093060625434423,0.18050681843469732,0.04409015330654293
Mehama,5-Day,5.0,2000-04-25,3.805254427544748,0.18138230384466955,0.02044080256321075
Mehama,5-Day,5.0,2000-04-26,3.8011403405560933,0.1823097254805592,-0.004925852658851185
Mehama,5-Day,5.0,2000-04-27,3.7968505127914316,0.1832723456573275,-0.031892259882992026
Mehama,5-Day,5.0,2000-04-28,3.7924878840999137,0.18423632625970304,-0.060380060392797
Mehama,5-Day,5.0,2000-04-29,3.7880961926906034,0.18517573538422646,-0.09038771288927688
Mehama,5-Day,5.0,2000-04-30,3.7836946400032727,0.1860951688341581,-0.12141946421301518
Mehama,5-Day,5.0,2000-05-01,3.7792911635102366,0.18701964535433874,-0.15257119354954657
Mehama,5-Day,5.0,2000-05-02,3.77488926769701,0.18798706051258532,-0.18286776084945394
Mehama,5-Day,5.0,2000-05-03,3.770490324630798,0.18918184669102228,-0.2078261991120098
Mehama,5-Day,5.0,2000-05-04,3.766094519702403,0.190472469837761,-0.23019867092124596
Mehama,5-Day,5.0,2000-05-05,3.761701282706203,0.19179928187019135,-0.25211454507787673
Mehama,5-Day,5.0,2000-05-06,3.7573095206781826,0.19314202970253336,-0.27400798520100506
Mehama,5-Day,5.0,2000-05-07,3.7529177243904086,0.19449456010194527,-0.295876857570712
Mehama,5-Day,5.0,2000-05-08,3.7485240691111104,0.19585459328630725,-0.31764959887240485
Mehama,5-Day,5.0,2000-05-09,3.7441265074572527,0.197221023133292,-0.33926458742664695
Mehama,5-Day,5.0,2000-05-10,3.7397229968082626,0.1985937408250612,-0.360651435562066
Mehama,5-Day,5.0,2000-05-11,3.735311657319616,0.19997375553970156,-0.3817198447570392
Mehama,5-Day,5.0,2000-05-12,3.7308908074373726,0.20136278371717983,-0.40236971721165465
Mehama,5-Day,5.0,2000-05-13,3.7264590240317497,0.20276273374374026,-0.42251022121729914
Mehama,5-Day,5.0,2000-05-14,3.722015328063498,0.20417567168775294,-0.4420765640707641
Mehama,5-Day,5.0,2000-05-15,3.717559322645407,0.20560311350772625,-0.46104031651086114
Jefferson,1-Day,1.0,2000-01-01,4.791472568787609,0.2131610667976874,0.03660033495891272
Jefferson,1-Day,1.0,2000-01-02,4.7869111854682815,0.2134789928036714,0.048275263022807074
Jefferson,1-Day,1.0,2000-01-03,4.782332020191528,0.2138034416227662,0.05989684281389021
Jefferson,1-Day,1.0,2000-01-04,4.7777353187993,0.21413532869635357,0.07145431401855035
Jefferson,1-Day,1.0,2000-01-05,4.773122043933053,0.21447572821340424,0.08293282632725738
Jefferson,1-Day,1.0,2000-01-06,4.768493902069208,0.2148261006885264,0.09431097799854213
Jefferson,1-Day,1.0,2000-01-07,4.76385320064861,0.2151882951055455,0.10556123740505442
Jefferson,1-Day,1.0,2000-01-08,4.759202536295887,0.21556447960844896,0.11665166402809637
Jefferson,1-Day,1.0,2000-01-09,4.754544451436201,0.21595685130011566,0.12755006962817586
Jefferson,1-Day,1.0,2000-01-10,4.749881350483969,0.21636722771965536,0.13822863413671102
Jefferson,1-Day,1.0,2000-01-11,4.74521555645721,0.21679629973928582,0.14867171478668856
Jefferson,1-Day,1.0,2000-01-12,4.740549336477367,0.21724311974359498,0.15888134386161867
Jefferson,1-Day,1.0,2000-01-13,4.735884680660236,0.21778770780123313,0.168
Jefferson,1-Day,1.0,2000-01-14,4.731223117952927,0.2191871827188317,0.168
Jefferson,1-Day,1.0,2000-01-15,4.7265655202123,0.2205854672914738,0.168
Jefferson,1-Day,1.0,2000-01-16,4.7219118341932536,0.2219825775033017,0.168
Jefferson,1-Day,1.0,2000-01-17,4.71726020815583,0.22337906927599335,0.168
Jefferson,1-Day,1.0,2000-01-18,4.7126044529860875,0.22477680067955225,0.168
Jefferson,1-Day,1.0,2000-01-19,4.707927241536967,0.22618097359783096,0.168
Jefferson,1-Day,1.0,2000-01-20,4.703185816647818,0.22760442440755826,0.168
Jefferson,1-Day,1.0,2000-01-21,4.698211461234827,0.22866667050786416,0.1723629117611568
Jefferson,1-Day,1.0,2000-01-22,4.693187205419613,0.2293062306879451,0.18111568068301076
Jefferson,1-Day,1.0,2000-01-23,4.688127495004962,0.2298170457606211,0.19123110760972598
Jefferson,1-Day,1.0,2000-01-24,4.68305203216696,0.23019239518263068,0.20272465343041182
Jefferson,1-Day,1.0,2000-01-25,4.677985660343368,0.2304418277791753,0.21543578106702171
Jefferson,1-Day,1.0,2000-01-26,4.672954207079318,0.23058801736996282,0.22906927402543156
Jefferson,1-Day,1.0,2000-01-27,4.667979608813878,0.2306634101981331,0.2432396413979117
Jefferson,1-Day,1.0,2000-01-28,4.663076921373291,0.23070560804926007,0.25752331273634926
Jefferson,1-Day,1.0,2000-01-29,4.658254891426407,0.23074500220776686,0.27158309932572383
Jefferson,1-Day,1.0,2000-01-30,4.653514808543352,0.2307796703473449,0.2854366294529245
Jefferson,1-Day,1.0,2000-01-31,4.648849244466148,0.23076914374055238,0.29953475162090576
Jefferson,1-Day,1.0,2000-02-01,4.644242791440541,0.23066768883276986,0.31441770088132653
Jefferson,1-Day,1.0,2000-02-02,4.639676550104446,0.2304429857803406,0.3305061905138997
Jefferson,1-Day,1.0,2000-02-03,4.635132170913403,0.2300815702017515,0.3480294110105426
Jefferson,1-Day,1.0,2000-02-04,4.630595883864886,0.22958966276525233,0.3509960987798432
Jefferson,1-Day,1.0,2000-02-05,4.626056862948729,0.22898973340277348,0.34664799240981437
Jefferson,1-Day,1.0,2000-02-06,4.621505773164487,0.22832196129523635,0.3372607198466959
Jefferson,1-Day,1.0,2000-02-07,4.616934599636782,0.2276401229476222,0.3221517818908493
Jefferson,1-Day,1.0,2000-02-08,4.612339566690575,0.22699967856720024,0.3030633722811437
Jefferson,1-Day,1.0,2000-02-09,4.607723026921313,0.2264337762266301,0.2830499008091061
Jefferson,1-Day,1.0,2000-02-10,4.603092055944472,0.22594438662470454,0.2639362706447032
Jefferson,1-Day,1.0,2000-02-11,4.598455875292877,0.22549989041945523,0.24547622171888503
Jefferson,1-Day,1.0,2000-02-12,4.593818455427688,0.22505963343540047,0.22656920279041617
Jefferson,1-Day,1.0,2000-02-13,4.589178063176687,0.22461003484407893,0.20682684861904355
Jefferson,1-Day,1.0,2000-02-14,4.584530448213779,0.2241581404821093,0.18669715817569368
Jefferson,1-Day,1.0,2000-02-15,4.579872628435987,0.22371404106004283,0.1669956006673257
Jefferson,1-Day,1.0,2000-02-16,4.575207421967715,0.22343860160821108,0.15439191430153631
Jefferson,1-Day,1.0,2000-02-17,4.570545359665497,0.22293083593354066,0.13714372421615348
Jefferson,1-Day,1.0,2000-02-18,4.565902599636695,0.22244131773832485,0.12155987964917289
Jefferson,1-Day,1.0,2000-02-19,4.561295519891589,0.22197189929577976,0.1078834766785294
Jefferson,1-Day,1.0,2000-02-20,4.55673609479348,0.22152082540787124,0.09631427424332889
Jefferson,1-Day,1.0,2000-02-21,4.552229392233455,0.221084414457337,0.087364057383142
Jefferson,1-Day,1.0,2000-02-22,4.547775822227312,0.2206593936244723,0.08194736324619895
Jefferson,1-Day,1.0,2000-02-23,4.543371499304772,0.22023749031523207,0.08079323393672107
Jefferson,1-Day,1.0,2000-02-24,4.539011606452599,0.21979935829639738,0.08283868010241559
Jefferson,1-Day,1.0,2000-02-25,4.53469287499026,0.21932576315917182,0.086429881232046
Jefferson,1-Day,1.0,2000-02-26,4.530412791701445,0.2188051160480417,0.0905689315381266
Jefferson,1-Day,1.0,2000-02-27,4.526168578528433,0.2182297446448673,0.09508696777100556
Jefferson,1-Day,1.0,2000-02-28,4.521956173443682,0.217593062867414,0.09999132145562911
Jefferson,1-Day,1.0,2000-03-01,4.513609818907487,0.21618502703593542,0.11065626867960933
Jefferson,1-Day,1.0,2000-03-02,4.509469074592386,0.21549594991555807,0.11634424576261208
Jefferson,1-Day,1.0,2000-03-03,4.50534819585912,0.21489141715077573,0.12248066458562165
Jefferson,1-Day,1.0,2000-03-04,4.501251765485282,0.2144112338634537,0.12936217842417913
Jefferson,1-Day,1.0,2000-03-05,4.49718876908896,0.21407067860700468,0.13720829577667037
Jefferson,1-Day,1.0,2000-03-06,4.493169513936676,0.2138728170774153,0.14618038168252492
Jefferson,1-Day,1.0,2000-03-07,4.489202559680025,0.21381616522011113,0.1562892255715787
Jefferson,1-Day,1.0,2000-03-08,4.485290570563111,0.21389498056863618,0.1673423660776828
Jefferson,1-Day,1.0,2000-03-09,4.481427382889313,0.214091169557805,0.17775704985452354
Jefferson,1-Day,1.0,2000-03-10,4.477597755238873,0.2143750713404951,0.18708506730094904
Jefferson,1-Day,1.0,2000-03-11,4.473778691833708,0.2147110082474981,0.1957836582641691
Jefferson,1-Day,1.0,2000-03-12,4.469942578115922,0.2150647418082144,0.20431287885146115
Jefferson,1-Day,1.0,2000-03-13,4.46606129098399,0.21541066192240768,0.2130421984920995
Jefferson,1-Day,1.0,2000-03-14,4.462108544743517,0.21578695281852403,0.22163777322461897
Jefferson,1-Day,1.0,2000-03-15,4.458064857126538,0.21614678470143542,0.23067298824901664
Jefferson,1-Day,1.0,2000-03-16,4.453917522834039,0.21648442455821168,0.24025110100809746
Jefferson,1-Day,1.0,2000-03-17,4.449659851048643,0.21681792171085074,0.25019459559668805
Jefferson,1-Day,1.0,2000-03-18,4.445288387967768,0.21717165229827645,0.26024391662446034
Jefferson,1-Day,1.0,2000-03-19,4.4408003776744325,0.21755880478559947,0.2702585857486839
Jefferson,1-Day,1.0,2000-03-20,4.436193637586045,0.21797825120373726,0.280253789892032
Jefferson,1-Day,1.0,2000-03-21,4.4314699821253845,0.2184208833181162,0.2901804160492536
Jefferson,1-Day,1.0,2000-03-22,4.426641943910633,0.21885687586092714,0.29610774662990397
Jefferson,1-Day,1.0,2000-03-23,4.421727989224212,0.21922907647068166,0.30129748859781225
Jefferson,1-Day,1.0,2000-03-24,4.416747936141956,0.21947461940698934,0.3054189463181699
Jefferson,1-Day,1.0,2000-03-25,4.411720244896128,0.21955261546041385,0.30841715705553474
Jefferson,1-Day,1.0,2000-03-26,4.406660972654518,0.21944945202960492,0.3105691112533869
Jefferson,1-Day,1.0,2000-03-27,4.401582655963794,0.2191848065967075,0.3123556778308399
Jefferson,1-Day,1.0,2000-03-28,4.396492112137859,0.2188149772778698,0.3142811705607137
Jefferson,1-Day,1.0,2000-03-29,4.391389456520446,0.2184224890790071,0.3166926106973043
Jefferson,1-Day,1.0,2000-03-30,4.386267489888282,0.2180911359701401,0.31971525203027895
Jefferson,1-Day,1.0,2000-03-31,4.3811134055187315,0.21787576038161988,0.3233984903623661
Jefferson,1-Day,1.0,2000-04-01,4.375913435655697,0.21779057193317827,0.32776540093859646
Jefferson,1-Day,1.0,2000-04-02,4.3706552276896735,0.21781177194952944,0.3327277603398551
Jefferson,1-Day,1.0,2000-04-03,4.365326144622852,0.2178832883681663,0.33812332664064343
Jefferson,1-Day,1.0,2000-04-04,4.359912670328271,0.21794321965764266,0.3438698368983944
Jefferson,1-Day,1.0,2000-04-05,4.354404367151251,0.21794213243889907,0.34978136857783315
Jefferson,1-Day,1.0,2000-04-06,4.348797040090124,0.217878747655668,0.3553985900423415
Jefferson,1-Day,1.0,2000-04-07,4.343094304261796,0.2178304689301615,0.36009961665720885
Jefferson,1-Day,1.0,2000-04-08,4.33730445406923,0.2179303406152929,0.3633460509175017
Jefferson,1-Day,1.0,2000-04-09,4.331439259371278,0.2182707747353724,0.3648195502208568
Jefferson,1-Day,1.0,2000-04-10,4.325513072001088,0.21885529476153134,0.3643751521915343
Jefferson,1-Day,1.0,2000-04-11,4.319540024834603,0.21964710476513538,0.3619853212484974
Jefferson,1-Day,1.0,2000-04-12,4.313529932134593,0.22060931365799097,0.35771403218144365
Jefferson,1-Day,1.0,2000-04-13,4.307490398720201,0.2217222559314794,0.35174039333595114
Jefferson,1-Day,1.0,2000-04-14,4.301428376413826,0.2229607138459398,0.34423024472227726
Jefferson,1-Day,1.0,2000-04-15,4.295347705196021,0.2242651829350466,0.33527938012596703
Jefferson,1-Day,1.0,2000-04-16,4.289246871785492,0.22557764331991503,0.3249623738998619
Jefferson,1-Day,1.0,2000-04-17,4.283119515325232,0.22687888824012123,0.31319552257649613
Jefferson,1-Day,1.0,2000-04-18,4.276957021671608,0.22816332557702798,0.2996028646743881
Jefferson,1-Day,1.0,2000-04-19,4.270748719211858,0.2294249249444811,0.28358089865115793
Jefferson,1-Day,1.0,2000-04-20,4.264477811656271,0.2306621595802601,0.26462570144794384
Jefferson,1-Day,1.0,2000-04-21,4.2581243262991535,0.2318866334346308,0.24251941705658459
Jefferson,1-Day,1.0,2000-04-22,4.2516717901575936,0.23311752634956182,0.2174954235206965
Jefferson,1-Day,1.0,2000-04-23,4.245109443019659,0.23435939170298223,0.19029853284951795
Jefferson,1-Day,1.0,2000-04-24,4.238432930927085,0.23560569777319665,0.1616190816563447
Jefferson,1-Day,1.0,2000-04-25,4.231643083186083,0.23684478153215524,0.1317970209758417
Jefferson,1-Day,1.0,2000-04-26,4.2247452764490925,0.2380624091386287,0.10097112971920977
Jefferson,1-Day,1.0,2000-04-27,4.217571577530906,0.23924857635342964,0.06926335977713866
Jefferson,1-Day,1.0,2000-04-28,4.210345060891431,0.24039240332216869,0.03691764072769634
Jefferson,1-Day,1.0,2000-04-29,4.203103836663689,0.24148853900061112,0.004398929539819936
Jefferson,1-Day,1.0,2000-04-30,4.195860865933616,0.24254924955049334,-0.027593972059623603
Jefferson,1-Day,1.0,2000-05-01,4.188619739946656,0.24359800634317202,-0.0586433083274044
Jefferson,1-Day,1.0,2000-05-02,4.181381227356739,0.24466704990535398,-0.08895687361055052
Jefferson,1-Day,1.0,2000-05-03,4.174145002250756,0.24586134639357268,-0.11534348871456088
Jefferson,1-Day,1.0,2000-05-04,4.166910109982307,0.24714819531974397,-0.14127695594403536
Jefferson,1-Day,1.0,2000-05-05,4.1596752066133496,0.24846245984679505,-0.1671770539374775
Jefferson,1-Day,1.0,2000-05-06,4.1524386972858975,0.24978233123588986,-0.19303846719510354
Jefferson,1-Day,1.0,2000-05-07,4.145198822849531,0.25110209297992353,-0.2188077687295493
Jefferson,1-Day,1.0,2000-05-08,4.137953671501054,0.2524211620200398,-0.24441707085981773
Jefferson,1-Day,1.0,2000-05-09,4.130701263217286,0.25374099223152585,-0.2697901593071464
Jefferson,1-Day,1.0,2000-05-10,4.1234398727266655,0.255063617162632,-0.29483587621380286
Jefferson,1-Day,1.0,2000-05-11,4.1161682487243,0.2563917917390841,-0.3194530139759506
Jefferson,1-Day,1.0,2000-05-12,4.108885569506238,0.25772885217347175,-0.3435462660091603
Jefferson,1-Day,1.0,2000-05-13,4.101591320021157,0.2590782771702329,-0.367048959779361
Jefferson,1-Day,1.0,2000-05-14,4.094285320973671,0.26044327561107045,-0.3899397167273754
Jefferson,1-Day,1.0,2000-05-15,4.086967749421273,0.2618260296768501,-0.4122398070742341
Jefferson,5-Day,5.0,2000-01-01,4.606263961601088,0.18374261883114132,-0.08286186282910206
Jefferson,5-Day,5.0,2000-01-02,4.602666417171758,0.18345548152057983,-0.06572659639072075
Jefferson,5-Day,5.0,2000-01-03,4.599046197188382,0.18315194597467793,-0.04828678941880379
Jefferson,5-Day,5.0,2000-01-04,4.595403342303414,0.18283543677187483,-0.030576645756020742
Jefferson,5-Day,5.0,2000-01-05,4.591738731557038,0.18251005465226988,-0.012642731465273576
Jefferson,5-Day,5.0,2000-01-06,4.588054128166341,0.18217854886290144,0.005479584556255234
Jefferson,5-Day,5.0,2000-01-07,4.584352113453148,0.18184211722398252,0.023769400971890304
Jefferson,5-Day,5.0,2000-01-08,4.58063571877069,0.18150051474755372,0.04222115116910108
Jefferson,5-Day,5.0,2000-01-09,4.576907898823299,0.18115470623187663,0.060814886980009634
Jefferson,5-Day,5.0,2000-01-10,4.573171372213872,0.18080751155320748,0.07950822814801156
Jefferson,5-Day,5.0,2000-01-11,4.569428731656152,0.18046010246018793,0.09827858042507849
Jefferson,5-Day,5.0,2000-01-12,4.56568263089835,0.18010897531346368,0.11716145289697552
Jefferson,5-Day,5.0,2000-01-13,4.561935598248616,0.17973629945751046,0.1363766637246824
Jefferson,5-Day,5.0,2000-01-14,4.558189940991885,0.1798044892883436,0.15
Jefferson,5-Day,5.0,2000-01-15,4.554447575969645,0.18093681004685985,0.15
Jefferson,5-Day,5.0,2000-01-16,4.5507094303714535,0.182067854141713,0.15
Jefferson,5-Day,5.0,2000-01-17,4.546974056521036,0.18319805959374968,0.15
Jefferson,5-Day,5.0,2000-01-18,4.543233640926523,0.18432979051737042,0.15
Jefferson,5-Day,5.0,2000-01-19,4.539463173846884,0.1854706140656365,0.15
Jefferson,5-Day,5.0,2000-01-20,4.535599087354027,0.1866397638739966,0.15
Jefferson,5-Day,5.0,2000-01-21,4.531383283314535,0.1879153322376877,0.15
Jefferson,5-Day,5.0,2000-01-22,4.527076447235545,0.18921844400438825,0.15
Jefferson,5-Day,5.0,2000-01-23,4.522694154286538,0.19054438662264503,0.15
Jefferson,5-Day,5.0,2000-01-24,4.51825600786499,0.19188722872719388,0.15
Jefferson,5-Day,5.0,2000-01-25,4.513783668189372,0.19324041662408362,0.15
Jefferson,5-Day,5.0,2000-01-26,4.509298362685288,0.19459752756873508,0.15
Jefferson,5-Day,5.0,2000-01-27,4.504817482560212,0.1959532995342957,0.15
Jefferson,5-Day,5.0,2000-01-28,4.500351816945214,0.1973044680724811,0.15
Jefferson,5-Day,5.0,2000-01-29,4.495911459130932,0.1986479792742135,0.15
Jefferson,5-Day,5.0,2000-01-30,4.491509888279783,0.19997975477318775,0.15
Jefferson,5-Day,5.0,2000-01-31,4.487161247834528,0.20129551521296923,0.15
Jefferson,5-Day,5.0,2000-02-01,4.482874897592767,0.20259242861569832,0.15
Jefferson,5-Day,5.0,2000-02-02,4.478654149090043,0.203869493017248,0.15
Jefferson,5-Day,5.0,2000-02-03,4.474494611748853,0.2051280368657499,0.15
Jefferson,5-Day,5.0,2000-02-04,4.470386901340226,0.20637089953095214,0.15
Jefferson,5-Day,5.0,2000-02-05,4.466320006049141,0.2074172828233504,0.15204001993387758
Jefferson,5-Day,5.0,2000-02-06,4.462280594291827,0.20726928724334112,0.16722697609679973
Jefferson,5-Day,5.0,2000-02-07,4.458253170285523,0.20702567798232718,0.18346001302947493
Jefferson,5-Day,5.0,2000-02-08,4.454222764157407,0.20675627006595884,0.20002270474804762
Jefferson,5-Day,5.0,2000-02-09,4.450178609527862,0.20652067520485684,0.2162780311842328
Jefferson,5-Day,5.0,2000-02-10,4.446117281678331,0.20634738756332022,0.20372651347516188
Jefferson,5-Day,5.0,2000-02-11,4.442045130214648,0.2062317408815022,0.18850748896511427
Jefferson,5-Day,5.0,2000-02-12,4.437970608581291,0.20614492277180418,0.1739345563322447
Jefferson,5-Day,5.0,2000-02-13,4.433900543685598,0.2060500935152251,0.15909533702333345
Jefferson,5-Day,5.0,2000-02-14,4.42983990118154,0.20590968279165425,0.14372026176075875
Jefferson,5-Day,5.0,2000-02-15,4.425790013399534,0.2056842096295225,0.12804766319872016
Jefferson,5-Day,5.0,2000-02-16,4.421751400511044,0.20534060702890095,0.12260254505988995
Jefferson,5-Day,5.0,2000-02-17,4.4177274586340785,0.20486917148260986,0.1105186755393826
Jefferson,5-Day,5.0,2000-02-18,4.413726284779911,0.20427617194023984,0.10040697952595798
Jefferson,5-Day,5.0,2000-02-19,4.40975984111879,0.20357536007468324,0.09295455373505615
Jefferson,5-Day,5.0,2000-02-20,4.405842244458463,0.20279211673023215,0.08827530163523836
Jefferson,5-Day,5.0,2000-02-21,4.401985156917814,0.20194676262241643,0.08580893722239798
Jefferson,5-Day,5.0,2000-02-22,4.3981957241799625,0.2010489455530617,0.08519866871642505
Jefferson,5-Day,5.0,2000-02-23,4.394478132452483,0.20011188405679042,0.0865135944025699
Jefferson,5-Day,5.0,2000-02-24,4.390835891212219,0.19915376084100572,0.08944575056061578
Jefferson,5-Day,5.0,2000-02-25,4.387270323430177,0.19818806100047603,0.09360501302978554
Jefferson,5-Day,5.0,2000-02-26,4.383779943565836,0.19722298110233713,0.09867485015120818
Jefferson,5-Day,5.0,2000-02-27,4.380359627362519,0.19626648310895678,0.10431306844746915
Jefferson,5-Day,5.0,2000-02-28,4.376998379715956,0.19531244155255983,0.1101391436925957
Jefferson,5-Day,5.0,2000-03-01,4.370406392535958,0.19333411870164213,0.11975361363376315
Jefferson,5-Day,5.0,2000-03-02,4.367157867964097,0.1923152801907305,0.12277022162922732
Jefferson,5-Day,5.0,2000-03-03,4.363929706702454,0.19130306910643732,0.12465912262272459
Jefferson,5-Day,5.0,2000-03-04,4.360719500021419,0.1903272758985614,0.12587600335910545
Jefferson,5-Day,5.0,2000-03-05,4.35753306505827,0.18942359147634363,0.12713677485557437
Jefferson,5-Day,5.0,2000-03-06,4.354381897424466,0.18864084909552012,0.1296650932276448
Jefferson,5-Day,5.0,2000-03-07,4.351282812732039,0.18802573577196918,0.134693071366295
Jefferson,5-Day,5.0,2000-03-08,4.3482512009237775,0.1875942543658262,0.14270351864891223
Jefferson,5-Day,5.0,2000-03-09,4.345293942414054,0.1873320778911454,0.15327380831614693
Jefferson,5-Day,5.0,2000-03-10,4.34240729604187,0.18719797065015095,0.16555618391234606
Jefferson,5-Day,5.0,2000-03-11,4.3395765182556225,0.18713101078541128,0.17689179143455958
Jefferson,5-Day,5.0,2000-03-12,4.3367788431796725,0.18706740493896576,0.18806538547481386
Jefferson,5-Day,5.0,2000-03-13,4.333987309680229,0.18695898362970212,0.19978021475659244
Jefferson,5-Day,5.0,2000-03-14,4.331169448351728,0.18689076240398242,0.21109476133891286
Jefferson,5-Day,5.0,2000-03-15,4.3282929062052276,0.18667815561330872,0.2218186726867581
Jefferson,5-Day,5.0,2000-03-16,4.325329754083585,0.18639482535978436,0.22823187033379916
Jefferson,5-Day,5.0,2000-03-17,4.322257871600478,0.18607537960592693,0.23284322182120795
Jefferson,5-Day,5.0,2000-03-18,4.3190601466830465,0.18576570025922054,0.23624023120083143
Jefferson,5-Day,5.0,2000-03-19,4.31572295201468,0.18551239243645842,0.23934702748537207
Jefferson,5-Day,5.0,2000-03-20,4.3122344604944445,0.18534171814801262,0.24311493183659397
Jefferson,5-Day,5.0,2000-03-21,4.308583942075695,0.18525514089136233,0.24796224445794385
Jefferson,5-Day,5.0,2000-03-22,4.304772386591947,0.18523713049958,0.2536226059463782
Jefferson,5-Day,5.0,2000-03-23,4.300812143117358,0.18522822352295346,0.25884238723934794
Jefferson,5-Day,5.0,2000-03-24,4.2967209454673245,0.18513414751197804,0.26203450742942136
Jefferson,5-Day,5.0,2000-03-25,4.292517504579003,0.1848734037183449,0.2623229330596911
Jefferson,5-Day,5.0,2000-03-26,4.2882221424794915,0.1844199477787243,0.25999172692553557
Jefferson,5-Day,5.0,2000-03-27,4.283858148277365,0.1838156662236266,0.25596289643921805
Jefferson,5-Day,5.0,2000-03-28,4.279448444780964,0.18314573458905867,0.25156607381001533
Jefferson,5-Day,5.0,2000-03-29,4.275010323134474,0.1825043508260908,0.24822791318871598
Jefferson,5-Day,5.0,2000-03-30,4.270550606037875,0.1819674868871833,0.24683238202861574
Jefferson,5-Day,5.0,2000-03-31,4.266065162571344,0.1815656616837568,0.24760378338082983
Jefferson,5-Day,5.0,2000-04-01,4.261544840890065,0.1812877850229228,0.2503551336923862
Jefferson,5-Day,5.0,2000-04-02,4.2569802724229735,0.1811024003774507,0.2546091511930585
Jefferson,5-Day,5.0,2000-04-03,4.252360615464073,0.18097358990646314,0.2597951001071827
Jefferson,5-Day,5.0,2000-04-04,4.247671004735737,0.18086227903708332,0.2654821113542201
Jefferson,5-Day,5.0,2000-04-05,4.242895077829559,0.18072415269199227,0.27154199762616676
Jefferson,5-Day,5.0,2000-04-06,4.23801980181559,0.18054407089154076,0.2778029519124505
Jefferson,5-Day,5.0,2000-04-07,4.233040978543021,0.1803972579779666,0.28386697838990677
Jefferson,5-Day,5.0,2000-04-08,4.227961735251577,0.18044388691410065,0.28922235244846006
Jefferson,5-Day,5.0,2000-04-09,4.222792137032867,0.18079079998808353,0.2933626023859847
Jefferson,5-Day,5.0,2000-04-10,4.217550095638557,0.18141236969859711,0.2958129317787913
Jefferson,5-Day,5.0,2000-04-11,4.212256955876909,0.18222631932850578,0.2958986591775445
Jefferson,5-Day,5.0,2000-04-12,4.206929589614488,0.18317366037775315,0.29327784534452367
Jefferson,5-Day,5.0,2000-04-13,4.201579559472681,0.18424554838862478,0.28811466628321797
Jefferson,5-Day,5.0,2000-04-14,4.196217180885585,0.18545548364673928,0.2808032416949922
Jefferson,5-Day,5.0,2000-04-15,4.190851135556489,0.18678826452229072,0.2714893425635628
Jefferson,5-Day,5.0,2000-04-16,4.185488620881642,0.18820240410845882,0.260141462139305
Jefferson,5-Day,5.0,2000-04-17,4.180134435518047,0.18966585100934813,0.2472185876464312
Jefferson,5-Day,5.0,2000-04-18,4.174790699948994,0.19115653194709611,0.23268797934697932
Jefferson,5-Day,5.0,2000-04-19,4.169453954426146,0.19265277638069667,0.21574119579247214
Jefferson,5-Day,5.0,2000-04-20,4.164109676323478,0.1941451226598104,0.19563320098221376
Jefferson,5-Day,5.0,2000-04-21,4.158734434156352,0.19564881562429456,0.17228319738031678
Jefferson,5-Day,5.0,2000-04-22,4.153304927210088,0.1971962829375695,0.14594220788680506
Jefferson,5-Day,5.0,2000-04-23,4.147802703919622,0.1988102998128256,0.11672875529271717
Jefferson,5-Day,5.0,2000-04-24,4.142215673514527,0.2005010169130049,0.08520980095878435
Jefferson,5-Day,5.0,2000-04-25,4.136537613508765,0.20227936496257845,0.052265580306374994
Jefferson,5-Day,5.0,2000-04-26,4.130767459257656,0.20415125192324624,0.018924913179329237
Jefferson,5-Day,5.0,2000-04-27,4.124793587072622,0.20609814996488468,-0.014122431635448025
Jefferson,5-Day,5.0,2000-04-28,4.1187446354692465,0.2080692850940493,-0.04664032507560872
Jefferson,5-Day,5.0,2000-04-29,4.112666635452706,0.21000762362429498,-0.07856196722045043
Jefferson,5-Day,5.0,2000-04-30,4.106579508052429,0.21187764581940494,-0.11006849908449576
Jefferson,5-Day,5.0,2000-05-01,4.100491348529127,0.21366918607026072,-0.1412833476873276
Jefferson,5-Day,5.0,2000-05-02,4.094405893639251,0.2153988890434696,-0.1719540956532225
Jefferson,5-Day,5.0,2000-05-03,4.088324873899071,0.21704326627836334,-0.19969149629843974
Jefferson,5-Day,5.0,2000-05-04,4.082248692749509,0.21871047395999088,-0.2249735563102389
Jefferson,5-Day,5.0,2000-05-05,4.07617684422788,0.22040052729917173,-0.24972548563211763
Jefferson,5-Day,5.0,2000-05-06,4.07010814141733,0.2221019426967323,-0.2744053113297574
Jefferson,5-Day,5.0,2000-05-07,4.064040904884882,0.2238073911341121,-0.299041508509726
Jefferson,5-Day,5.0,2000-05-08,4.0579730588895675,0.22551216154072395,-0.3235851754972813
Jefferson,5-Day,5.0,2000-05-09,4.051902262868304,0.22721247255097593,-0.3479969674619559
Jefferson,5-Day,5.0,2000-05-10,4.045826225844264,0.22890534753485314,-0.37222797220488735
Jefferson,5-Day,5.0,2000-05-11,4.039742988284618,0.2305892612345623,-0.3962059246069669
Jefferson,5-Day,5.0,2000-05-12,4.033650943190465,0.23226411986888665,-0.41984319364704126
Jefferson,5-Day,5.0,2000-05-13,4.027548733672205,0.23393049611485128,-0.44305227711255923
Jefferson,5-Day,5.0,2000-05-14,4.02143538804358,0.2355893607527511,-0.4657590527941336
Jefferson,5-Day,5.0,2000-05-15,4.015310470554223,0.23724238603277678,-0.48791914793914626
Waterloo,1-Day,1.0,2000-01-01,4.409086969849244,0.20090358433969902,-0.01732959141207628
Waterloo,1-Day,1.0,2000-01-02,4.4045790860703,0.20145407912752455,-0.0074951127225189726
Waterloo,1-Day,1.0,2000-01-03,4.400054006027525,0.2027832620426234,-0.006
Waterloo,1-Day,1.0,2000-01-04,4.3955121197441995,0.20425709426440183,-0.006
Waterloo,1-Day,1.0,2000-01-05,4.390954537006018,0.20573601995164592,-0.006
Waterloo,1-Day,1.0,2000-01-06,4.386383028409746,0.2072194645495563,-0.006
Waterloo,1-Day,1.0,2000-01-07,4.381799790138596,0.20870671540145583,-0.006
Waterloo,1-Day,1.0,2000-01-08,4.377207162066947,0.21019701322319817,-0.006
Waterloo,1-Day,1.0,2000-01-09,4.372607352095373,0.21168964155584732,-0.006
Waterloo,1-Day,1.0,2000-01-10,4.3680024011615926,0.2131839381200417,-0.006
Waterloo,1-Day,1.0,2000-01-11,4.363394168947837,0.21467929945126873,-0.006
Waterloo,1-Day,1.0,2000-01-12,4.358784337941001,0.21617517958820465,-0.006
Waterloo,1-Day,1.0,2000-01-13,4.354174245367512,0.2176711446028648,-0.006
Waterloo,1-Day,1.0,2000-01-14,4.349564700026062,0.21916693204188153,-0.006
Waterloo,1-Day,1.0,2000-01-15,4.344955652687546,0.22066255788001823,-0.006
Waterloo,1-Day,1.0,2000-01-16,4.3403456299185,0.22215850024323816,-0.006
Waterloo,1-Day,1.0,2000-01-17,4.335730562001379,0.22354052590803933,-0.004881572352914895
Waterloo,1-Day,1.0,2000-01-18,4.331101003269021,0.22434484035258084,0.0018436721296000518
Waterloo,1-Day,1.0,2000-01-19,4.326435536923336,0.2251164268845549,0.008945636074701724
Waterloo,1-Day,1.0,2000-01-20,4.321689017234434,0.22583349014929735,0.016773724258089557
Waterloo,1-Day,1.0,2000-01-21,4.316707707199801,0.22647749340966328,0.02598021970209062
Waterloo,1-Day,1.0,2000-01-22,4.311674051466867,0.2270324070838066,0.03615248243603204
Waterloo,1-Day,1.0,2000-01-23,4.306605732637375,0.2274865865274099,0.04735218063547191
Waterloo,1-Day,1.0,2000-01-24,4.301523545830081,0.22783893469036567,0.059532810129379755
Waterloo,1-Day,1.0,2000-01-25,4.296449247285202,0.22810838999807811,0.07245232208793119
Waterloo,1-Day,1.0,2000-01-26,4.291401717168836,0.22833557196955712,0.08566421387524636
Waterloo,1-Day,1.0,2000-01-27,4.286394804601394,0.22857202838827248,0.09862422901447393
Waterloo,1-Day,1.0,2000-01-28,4.2814368095803195,0.22885642997159195,0.11092470038286271
Waterloo,1-Day,1.0,2000-01-29,4.276531970742431,0.22918458022757213,0.12259079042229135
Waterloo,1-Day,1.0,2000-01-30,4.271679717823536,0.2295177833218772,0.13400672321287427
Waterloo,1-Day,1.0,2000-01-31,4.266874199601397,0.229808325966101,0.14566746437835543
Waterloo,1-Day,1.0,2000-02-01,4.262103520585258,0.23001937053606655,0.1579834800422233
Waterloo,1-Day,1.0,2000-02-02,4.257352588900535,0.23012800684062926,0.17124110959901978
Waterloo,1-Day,1.0,2000-02-03,4.252606375986087,0.2301260487731001,0.18558364908255678
Waterloo,1-Day,1.0,2000-02-04,4.247852415652779,0.2300177805002912,0.20102427432409556
Waterloo,1-Day,1.0,2000-02-05,4.243080421392749,0.22982041730738365,0.2174388723614503
Waterloo,1-Day,1.0,2000-02-06,4.238282900687171,0.2295618877773981,0.23458169416705246
Waterloo,1-Day,1.0,2000-02-07,4.233456205139887,0.22927755467515298,0.22906530294815894
Waterloo,1-Day,1.0,2000-02-08,4.228601378960307,0.22900264133605372,0.2202772742403764
Waterloo,1-Day,1.0,2000-02-09,4.223724427409947,0.22875563341649421,0.2102243231659901
Waterloo,1-Day,1.0,2000-02-10,4.218834443543092,0.22853138475869092,0.199155998238501
Waterloo,1-Day,1.0,2000-02-11,4.213942094498228,0.2283095402524043,0.186838878298031
Waterloo,1-Day,1.0,2000-02-12,4.209055086420837,0.22807679672821518,0.17345987153786813
Waterloo,1-Day,1.0,2000-02-13,4.2041769147497705,0.2278382441337217,0.1598298815759446
Waterloo,1-Day,1.0,2000-02-14,4.199309265644045,0.22759630718867074,0.14664246781388357
Waterloo,1-Day,1.0,2000-02-15,4.194453992978408,0.2273416387842763,0.1342076307296955
Waterloo,1-Day,1.0,2000-02-16,4.1896161820834665,0.22708605296037485,0.12540700640140542
Waterloo,1-Day,1.0,2000-02-17,4.184804862325354,0.22671094667708763,0.11423274065798417
Waterloo,1-Day,1.0,2000-02-18,4.18003115957233,0.2263304427076194,0.10393575509259366
Waterloo,1-Day,1.0,2000-02-19,4.175305835356857,0.225957883996466,0.09476430208264817
Waterloo,1-Day,1.0,2000-02-20,4.170636874305165,0.22560568944684886,0.08706752963759216
Waterloo,1-Day,1.0,2000-02-21,4.166028381421513,0.22527523617022055,0.08124526562268163
Waterloo,1-Day,1.0,2000-02-22,4.161482637110014,0.22495932725682677,0.07763716602009281
Waterloo,1-Day,1.0,2000-02-23,4.156999545690142,0.22464584732414553,0.07622267104442433
Waterloo,1-Day,1.0,2000-02-24,4.152578357752527,0.2243214534582234,0.07660113898270625
Waterloo,1-Day,1.0,2000-02-25,4.148217817902882,0.22397034688509185,0.07818886749097682
Waterloo,1-Day,1.0,2000-02-26,4.143915137231483,0.22357697091138523,0.08056540932958799
Waterloo,1-Day,1.0,2000-02-27,4.139665545383189,0.223129307337081,0.08362438768884586
Waterloo,1-Day,1.0,2000-02-28,4.135462698465424,0.22262000037252108,0.08730151325008863
Waterloo,1-Day,1.0,2000-03-01,4.127176844628648,0.2214913002237117,0.0961160376607505
Waterloo,1-Day,1.0,2000-03-02,4.1230834508138985,0.22096271587122265,0.10142799358267005
Waterloo,1-Day,1.0,2000-03-03,4.1190168552371675,0.22052533297827898,0.10779124534928267
Waterloo,1-Day,1.0,2000-03-04,4.1149773726695145,0.22020894052368645,0.11553996265962695
Waterloo,1-Day,1.0,2000-03-05,4.110968714901801,0.22002166400464557,0.12484324280269192
Waterloo,1-Day,1.0,2000-03-06,4.106995703086263,0.21996312067111173,0.13572184992475606
Waterloo,1-Day,1.0,2000-03-07,4.103061991174611,0.22002618363223977,0.14750361832328332
Waterloo,1-Day,1.0,2000-03-08,4.099166906018253,0.22019456060119635,0.1580469561227264
Waterloo,1-Day,1.0,2000-03-09,4.095302744461417,0.22044000924296664,0.16766232355272875
Waterloo,1-Day,1.0,2000-03-10,4.091454605334771,0.22072741027522771,0.17676038218345186
Waterloo,1-Day,1.0,2000-03-11,4.087601511030809,0.2210268699901325,0.1857196991372937
Waterloo,1-Day,1.0,2000-03-12,4.083717605474993,0.22131903884607526,0.19482513899238643
Waterloo,1-Day,1.0,2000-03-13,4.079775271370123,0.22159413301206363,0.2042670557295735
Waterloo,1-Day,1.0,2000-03-14,4.075750617912551,0.22191385015930026,0.21346577028415417
Waterloo,1-Day,1.0,2000-03-15,4.0716275013439995,0.2222074362432039,0.2232201313388815
Waterloo,1-Day,1.0,2000-03-16,4.0673961503603255,0.2224957601233793,0.23333871694012082
Waterloo,1-Day,1.0,2000-03-17,4.063051649707718,0.22280076087064818,0.24360120421748394
Waterloo,1-Day,1.0,2000-03-18,4.058591447442454,0.22313991172543554,0.25382526748896
Waterloo,1-Day,1.0,2000-03-19,4.054013946158884,0.22351255427180228,0.2640186108744481
Waterloo,1-Day,1.0,2000-03-20,4.049317716946309,0.22390797186838457,0.2742968329471985
Waterloo,1-Day,1.0,2000-03-21,4.044503259048044,0.22431936537912636,0.284728288726128
Waterloo,1-Day,1.0,2000-03-22,4.039583137975828,0.22473195176414304,0.2954312073562636
Waterloo,1-Day,1.0,2000-03-23,4.034577469782365,0.2251019000406776,0.30681755895469964
Waterloo,1-Day,1.0,2000-03-24,4.02950760402783,0.22537158456237757,0.3194520233015798
Waterloo,1-Day,1.0,2000-03-25,4.024394237918582,0.22550221304176699,0.3306417297981719
Waterloo,1-Day,1.0,2000-03-26,4.019255378066111,0.22549087475879231,0.33118417481090706
Waterloo,1-Day,1.0,2000-03-27,4.014104184096112,0.2253757174708729,0.33097101829813963
Waterloo,1-Day,1.0,2000-03-28,4.00894692746365,0.22522432131756745,0.3305105660106527
Waterloo,1-Day,1.0,2000-03-29,4.003782207840607,0.2251084610320553,0.3301810927265697
Waterloo,1-Day,1.0,2000-03-30,3.9986006609976377,0.2250795140067579,0.33017820765937933
Waterloo,1-Day,1.0,2000-03-31,3.9933888266056923,0.22516031230366346,0.33058624220699107
Waterloo,1-Day,1.0,2000-04-01,3.9881333211850185,0.2253470403351898,0.3314377745949218
Waterloo,1-Day,1.0,2000-04-02,3.9828217017795993,0.2256052222529109,0.332697163807043
Waterloo,1-Day,1.0,2000-04-03,3.977440720316726,0.22587469083849543,0.33421990491488446
Waterloo,1-Day,1.0,2000-04-04,3.9719778761453313,0.22609717162629017,0.3356684713802681
Waterloo,1-Day,1.0,2000-04-05,3.9664249050216367,0.22623628347299604,0.3364483345308597
Waterloo,1-Day,1.0,2000-04-06,3.9607802220671005,0.22632494985648896,0.33590330539504915
Waterloo,1-Day,1.0,2000-04-07,3.955048854180349,0.22648625721844498,0.3335697828701558
Waterloo,1-Day,1.0,2000-04-08,3.949236327536369,0.22685443147510223,0.3292886207004957
Waterloo,1-Day,1.0,2000-04-09,3.9433495718402276,0.22746742735904932,0.32310441014453706
Waterloo,1-Day,1.0,2000-04-10,3.9373980035814813,0.2282808612498368,0.3151888770857384
Waterloo,1-Day,1.0,2000-04-11,3.9313887286108224,0.22925562325305754,0.3057598876831393
Waterloo,1-Day,1.0,2000-04-12,3.925324853883804,0.23037804231685347,0.295090249556298
Waterloo,1-Day,1.0,2000-04-13,3.9192093042739247,0.23164779475769226,0.2834715463506161
Waterloo,1-Day,1.0,2000-04-14,3.9130457047333107,0.2330487082756433,0.2710292899701938
Waterloo,1-Day,1.0,2000-04-15,3.906835911680798,0.23453149987773209,0.25760303579019267
Waterloo,1-Day,1.0,2000-04-16,3.9005779280563826,0.2360453047230983,0.24297858527362295
Waterloo,1-Day,1.0,2000-04-17,3.894265246955408,0.23757195614762472,0.22698880613763397
Waterloo,1-Day,1.0,2000-04-18,3.8878886341123393,0.2390986602473461,0.20964276634768853
Waterloo,1-Day,1.0,2000-04-19,3.881435581985188,0.24060814216271556,0.19102977432570292
Waterloo,1-Day,1.0,2000-04-20,3.874887188536965,0.2420844981983898,0.17130409445463293
Waterloo,1-Day,1.0,2000-04-21,3.8682227498528987,0.24352379356236417,0.15066053704119903
Waterloo,1-Day,1.0,2000-04-22,3.8614257237877867,0.2449347419019993,0.12930503420772604
Waterloo,1-Day,1.0,2000-04-23,3.854486611306575,0.24632518442331372,0.1074402863566519
Waterloo,1-Day,1.0,2000-04-24,3.8474030602238263,0.24770014299758847,0.0852532154284308
Waterloo,1-Day,1.0,2000-04-25,3.840178474579577,0.2490608765814423,0.06286902970974305
Waterloo,1-Day,1.0,2000-04-26,3.832821648259064,0.2504072621095797,0.04038859984444471
Waterloo,1-Day,1.0,2000-04-27,3.8251181834222967,0.25175094925829095,0.01775956371907643
Waterloo,1-Day,1.0,2000-04-28,3.8173606127481796,0.25310692670056917,-0.0050950478152989925
Waterloo,1-Day,1.0,2000-04-29,3.8095898582833536,0.25449249184866135,-0.028037816564792102
Waterloo,1-Day,1.0,2000-04-30,3.8018182185276945,0.25592994394124463,-0.050734992089724845
Waterloo,1-Day,1.0,2000-05-01,3.794048412050861,0.25743663729930405,-0.07300740663220472
Waterloo,1-Day,1.0,2000-05-02,3.7862805953125593,0.259024400851504,-0.09494271364251765
Waterloo,1-Day,1.0,2000-05-03,3.7785140209263437,0.26100035796671456,-0.11335512256605004
Waterloo,1-Day,1.0,2000-05-04,3.7707474562633103,0.26303033270367965,-0.12997264449804163
Waterloo,1-Day,1.0,2000-05-05,3.762979364924619,0.2650672196750322,-0.14571346633910975
Waterloo,1-Day,1.0,2000-05-06,3.7552080059421113,0.26710912311083596,-0.16093071442084766
Waterloo,1-Day,1.0,2000-05-07,3.7474314975312635,0.269160521646116,-0.1757712219503388
Waterloo,1-Day,1.0,2000-05-08,3.7396478334335406,0.27122563745894696,-0.19029661352515742
Waterloo,1-Day,1.0,2000-05-09,3.7318549874747626,0.2733081268077934,-0.20452351046533368
Waterloo,1-Day,1.0,2000-05-10,3.724051264462133,0.27541078562759824,-0.21843418313466048
Waterloo,1-Day,1.0,2000-05-11,3.7162354600576832,0.2775362941212438,-0.23198806535487432
Waterloo,1-Day,1.0,2000-05-12,3.708406809253505,0.27968732599577056,-0.24513497509513107
Waterloo,1-Day,1.0,2000-05-13,3.7005649272564027,0.28186587271182967,-0.25782798489148245
Waterloo,1-Day,1.0,2000-05-14,3.6927098523858177,0.28407290751512826,-0.270037597170179
Waterloo,1-Day,1.0,2000-05-15,3.6848419971047432,0.2863082833210552,-0.2817612538748117
Waterloo,5-Day,5.0,2000-01-01,4.214387412481375,0.1765283807385945,-0.11205879889046522
Waterloo,5-Day,5.0,2000-01-02,4.210806923434115,0.17658322730908488,-0.09834035933535594
Waterloo,5-Day,5.0,2000-01-03,4.207205350650316,0.1766334567413618,-0.08450986934454102
Waterloo,5-Day,5.0,2000-01-04,4.2035829486565985,0.17668333761980648,-0.07061820675670415
Waterloo,5-Day,5.0,2000-01-05,4.1999407650077165,0.1767354874034546,-0.05670058627226694
Waterloo,5-Day,5.0,2000-01-06,4.196280683883978,0.17679038282690562,-0.04277032637481171
Waterloo,5-Day,5.0,2000-01-07,4.192605305386899,0.176847313655587,-0.02882927306758901
Waterloo,5-Day,5.0,2000-01-08,4.188917548376906,0.17690475260534005,-0.014870352412660853
Waterloo,5-Day,5.0,2000-01-09,4.185220146800325,0.17696321089742506,-0.0009102966316806122
Waterloo,5-Day,5.0,2000-01-10,4.181515537788058,0.17702408748019494,0.013024334476843374
Waterloo,5-Day,5.0,2000-01-11,4.177806008314655,0.17708694086790294,0.02693004501014146
Waterloo,5-Day,5.0,2000-01-12,4.174093701482429,0.17714934131251006,0.040828777227135814
Waterloo,5-Day,5.0,2000-01-13,4.1703803915286635,0.1774286947131191,0.052
Waterloo,5-Day,5.0,2000-01-14,4.166667377394005,0.17860203968716434,0.052
Waterloo,5-Day,5.0,2000-01-15,4.162955174581816,0.17977512827620604,0.052
Waterloo,5-Day,5.0,2000-01-16,4.159242794395523,0.18094827291701762,0.052
Waterloo,5-Day,5.0,2000-01-17,4.155526210864965,0.18212274585141736,0.052
Waterloo,5-Day,5.0,2000-01-18,4.151794656940774,0.18330194956127088,0.052
Waterloo,5-Day,5.0,2000-01-19,4.148021838904973,0.18449419309166135,0.052
Waterloo,5-Day,5.0,2000-01-20,4.144150752096211,0.18571749041465185,0.052
Waterloo,5-Day,5.0,2000-01-21,4.139959559234809,0.18704194405281002,0.052
Waterloo,5-Day,5.0,2000-01-22,4.135683498932493,0.18839321654531246,0.052
Waterloo,5-Day,5.0,2000-01-23,4.131339063899342,0.18976609605138028,0.052
Waterloo,5-Day,5.0,2000-01-24,4.126945641245107,0.1911544560745986,0.052
Waterloo,5-Day,5.0,2000-01-25,4.122524846298086,0.1925514659819817,0.052
Waterloo,5-Day,5.0,2000-01-26,4.1180980683353825,0.19395036657498949,0.052
Waterloo,5-Day,5.0,2000-01-27,4.113682323185763,0.19534578070177996,0.052
Waterloo,5-Day,5.0,2000-01-28,4.109288657655542,0.19673421747604242,0.052
Waterloo,5-Day,5.0,2000-01-29,4.104926226575286,0.19811278389056,0.052
Waterloo,5-Day,5.0,2000-01-30,4.100605409138158,0.1994782000295234,0.052
Waterloo,5-Day,5.0,2000-01-31,4.096335265332908,0.2001015118595155,0.06002650510221854
Waterloo,5-Day,5.0,2000-02-01,4.0921205072753795,0.20060175291585775,0.06917202098999131
Waterloo,5-Day,5.0,2000-02-02,4.08796069187912,0.2011210428668266,0.07786445987365409
Waterloo,5-Day,5.0,2000-02-03,4.083849937859188,0.20162812606092104,0.08647355818969113
Waterloo,5-Day,5.0,2000-02-04,4.07977986768909,0.20208517007931995,0.09545178271341273
Waterloo,5-Day,5.0,2000-02-05,4.075740811257426,0.20245797800994117,0.10521753387297429
Waterloo,5-Day,5.0,2000-02-06,4.071721268004788,0.20273513077825295,0.11594473017781531
Waterloo,5-Day,5.0,2000-02-07,4.067709629929191,0.20293548279066004,0.12747125981282395
Waterloo,5-Day,5.0,2000-02-08,4.0636962537141255,0.20309967356589892,0.13938163300203385
Waterloo,5-Day,5.0,2000-02-09,4.059677305562929,0.2032638464162802,0.15128507230204088
Waterloo,5-Day,5.0,2000-02-10,4.055655535631257,0.2034426701255437,0.1438750570063207
Waterloo,5-Day,5.0,2000-02-11,4.051639404888144,0.20362667191377565,0.1330901721666249
Waterloo,5-Day,5.0,2000-02-12,4.047637407016253,0.20379304307094098,0.12196543664817638
Waterloo,5-Day,5.0,2000-02-13,4.043656117836842,0.20391834909778894,0.11026566814963958
Waterloo,5-Day,5.0,2000-02-14,4.0396999908983435,0.20397406910877686,0.09825977673668103
Waterloo,5-Day,5.0,2000-02-15,4.0357692554435625,0.20392408242460908,0.08645319846777297
Waterloo,5-Day,5.0,2000-02-16,4.031862673025315,0.20363701098062378,0.0823111576033831
Waterloo,5-Day,5.0,2000-02-17,4.027980652138245,0.2032957677894247,0.07311721353409019
Waterloo,5-Day,5.0,2000-02-18,4.024127723070748,0.20281959148316664,0.06469384745672344
Waterloo,5-Day,5.0,2000-02-19,4.020312283181569,0.20222447362028972,0.05760851993404155
Waterloo,5-Day,5.0,2000-02-20,4.016545192667165,0.2015443317442174,0.05236788459276919
Waterloo,5-Day,5.0,2000-02-21,4.012835257219599,0.2008011908440025,0.04895004426833524
Waterloo,5-Day,5.0,2000-02-22,4.009189325889693,0.19999854614682197,0.047448140124667866
Waterloo,5-Day,5.0,2000-02-23,4.005612003507839,0.19914542623097814,0.04787957138173802
Waterloo,5-Day,5.0,2000-02-24,4.002105904139832,0.19826551917141666,0.05016587998413591
Waterloo,5-Day,5.0,2000-02-25,3.9986715354813858,0.19738172251273142,0.0541887715516359
Waterloo,5-Day,5.0,2000-02-26,3.99530705014407,0.1965135846082238,0.05974729525998426
Waterloo,5-Day,5.0,2000-02-27,3.9920071830985404,0.195675173125304,0.0665870272448023
Waterloo,5-Day,5.0,2000-02-28,3.9887623544241486,0.1948551561534404,0.07396723367226327
Waterloo,5-Day,5.0,2000-03-01,3.9824086882652567,0.19316634923766537,0.08728187006952644
Waterloo,5-Day,5.0,2000-03-02,3.9792886128135523,0.1922733004860915,0.09239539561010061
Waterloo,5-Day,5.0,2000-03-03,3.9761971633216815,0.19136756112992329,0.0965632496722027
Waterloo,5-Day,5.0,2000-03-04,3.973131801849156,0.19048684082394624,0.10035909499305173
Waterloo,5-Day,5.0,2000-03-05,3.970095783836212,0.1896787545807585,0.10462547196050755
Waterloo,5-Day,5.0,2000-03-06,3.967097123362689,0.18899807052565534,0.1103813032625845
Waterloo,5-Day,5.0,2000-03-07,3.964148563262738,0.18848464590296846,0.11841862314258284
Waterloo,5-Day,5.0,2000-03-08,3.9612628476493166,0.1881434319202175,0.12896346608270765
Waterloo,5-Day,5.0,2000-03-09,3.9584440018733393,0.1879470580828859,0.1417163865808818
Waterloo,5-Day,5.0,2000-03-10,3.955684073656591,0.1878462403733603,0.15316307581781508
Waterloo,5-Day,5.0,2000-03-11,3.952964099347812,0.18778179011847057,0.1640204704422023
Waterloo,5-Day,5.0,2000-03-12,3.9502586471047803,0.18769994522406602,0.17504134097291593
Waterloo,5-Day,5.0,2000-03-13,3.947539108576024,0.18756291541527081,0.18680443260082932
Waterloo,5-Day,5.0,2000-03-14,3.944775385121684,0.18744560484380918,0.1984962652300247
Waterloo,5-Day,5.0,2000-03-15,3.9419401453243976,0.18720405179946542,0.2120235907288066
Waterloo,5-Day,5.0,2000-03-16,3.939009040491257,0.18690636076580383,0.21847712020295054
Waterloo,5-Day,5.0,2000-03-17,3.935960971638208,0.18659992563276181,0.22196264120043552
Waterloo,5-Day,5.0,2000-03-18,3.93277910882565,0.1863429109806219,0.22380583988540376
Waterloo,5-Day,5.0,2000-03-19,3.929449155001587,0.18617725558140907,0.22488912689413962
Waterloo,5-Day,5.0,2000-03-20,3.9259584026286514,0.18611515718704869,0.22621690369450947
Waterloo,5-Day,5.0,2000-03-21,3.9222965537332146,0.1861450260827478,0.22829641235807674
Waterloo,5-Day,5.0,2000-03-22,3.9184669615671006,0.18624691427462853,0.23090216785008216
Waterloo,5-Day,5.0,2000-03-23,3.914484351689994,0.18636802294599125,0.2328458407629309
Waterloo,5-Day,5.0,2000-03-24,3.9103655422883232,0.18643034425334823,0.23259576845123078
Waterloo,5-Day,5.0,2000-03-25,3.906127253230499,0.18636937974898846,0.2293712191115733
Waterloo,5-Day,5.0,2000-03-26,3.901788461623291,0.18617101317496743,0.223637674925269
Waterloo,5-Day,5.0,2000-03-27,3.89737152869483,0.18587570948091825,0.21656930176402645
Waterloo,5-Day,5.0,2000-03-28,3.892896575689745,0.185563684156641,0.20979872123919682
Waterloo,5-Day,5.0,2000-03-29,3.888376379956837,0.18532381796875305,0.20477911772631757
Waterloo,5-Day,5.0,2000-03-30,3.883811312111986,0.18522164940270575,0.20211844215487032
Waterloo,5-Day,5.0,2000-03-31,3.8791903183663496,0.18526935213277282,0.20161078514995412
Waterloo,5-Day,5.0,2000-04-01,3.8745002042230703,0.18544880393425597,0.2027985222840159
Waterloo,5-Day,5.0,2000-04-02,3.869730570648997,0.18573032828879849,0.20524924219690335
Waterloo,5-Day,5.0,2000-04-03,3.864871153877338,0.1860769407636507,0.20846324464737762
Waterloo,5-Day,5.0,2000-04-04,3.859908937061836,0.1864489462636389,0.21222162501587444
Waterloo,5-Day,5.0,2000-04-05,3.8548319045920794,0.18679006052634983,0.21630984530800662
Waterloo,5-Day,5.0,2000-04-06,3.84963422828821,0.1870850012434596,0.22040956689122979
Waterloo,5-Day,5.0,2000-04-07,3.8443199633648746,0.18741572467068954,0.22400279181589233
Waterloo,5-Day,5.0,2000-04-08,3.838896674074376,0.1879346833300186,0.22644945157211394
Waterloo,5-Day,5.0,2000-04-09,3.8333770973001973,0.1887416907302168,0.22729869678868733
Waterloo,5-Day,5.0,2000-04-10,3.827782776362447,0.18981052778947521,0.22643361944951151
Waterloo,5-Day,5.0,2000-04-11,3.822134424729136,0.1910650908644094,0.22379970589872383
Waterloo,5-Day,5.0,2000-04-12,3.816445464501774,0.19245344365291842,0.21950549359698082
Waterloo,5-Day,5.0,2000-04-13,3.8107241174102398,0.19397650019445584,0.21371346784526699
Waterloo,5-Day,5.0,2000-04-14,3.8049771174754343,0.1956487111935747,0.20650349643921329
Waterloo,5-Day,5.0,2000-04-15,3.799209776133863,0.19745091689067792,0.19791010839859033
Waterloo,5-Day,5.0,2000-04-16,3.79342699909976,0.19933714628308977,0.18787676618340093
Waterloo,5-Day,5.0,2000-04-17,3.7876333656591488,0.20127425046313047,0.1764462648992863
Waterloo,5-Day,5.0,2000-04-18,3.781831985355177,0.2032367145263518,0.16357869517788637
Waterloo,5-Day,5.0,2000-04-19,3.776020149373225,0.20519789769857594,0.1491030297976273
Waterloo,5-Day,5.0,2000-04-20,3.7701831926909293,0.20713886444422636,0.13290926040564224
Waterloo,5-Day,5.0,2000-04-21,3.764298197577871,0.20906795984642712,0.11519938297337917
Waterloo,5-Day,5.0,2000-04-22,3.7583423356897625,0.21100751125881803,0.09618155770447578
Waterloo,5-Day,5.0,2000-04-23,3.7522980695169657,0.21296113082388937,0.07582044309967716
Waterloo,5-Day,5.0,2000-04-24,3.7461557060922135,0.21492495678470103,0.05423980820826594
Waterloo,5-Day,5.0,2000-04-25,3.7399122572763273,0.2169102375401624,0.03184980361967808
Waterloo,5-Day,5.0,2000-04-26,3.733569803588623,0.21892710533666906,0.009186247369406103
Waterloo,5-Day,5.0,2000-04-27,3.726980216906641,0.22096682889747896,-0.013509971987976294
Waterloo,5-Day,5.0,2000-04-28,3.720318628555933,0.22299623807833466,-0.036209279935637786
Waterloo,5-Day,5.0,2000-04-29,3.7136377603405015,0.22498110881315966,-0.05908433053476914
Waterloo,5-Day,5.0,2000-04-30,3.7069557778926607,0.2269159046359957,-0.08218711273985867
Waterloo,5-Day,5.0,2000-05-01,3.7002779413364975,0.2288136214815313,-0.10540516551055851
Waterloo,5-Day,5.0,2000-05-02,3.69360572800223,0.2306930724339812,-0.12862897623156033
Waterloo,5-Day,5.0,2000-05-03,3.6869391169828654,0.23268979914432691,-0.15170928004999037
Waterloo,5-Day,5.0,2000-05-04,3.6802772390397873,0.23474087993567117,-0.17297864942513386
Waterloo,5-Day,5.0,2000-05-05,3.6736186601757574,0.23681249871372997,-0.1938279669676728
Waterloo,5-Day,5.0,2000-05-06,3.666961559312072,0.2388946144604607,-0.21463761452633864
Waterloo,5-Day,5.0,2000-05-07,3.660303825800007,0.2409860070910714,-0.23546053605199463
Waterloo,5-Day,5.0,2000-05-08,3.653643159286727,0.24308679444529707,-0.2562834512607462
Waterloo,5-Day,5.0,2000-05-09,3.646977130864426,0.24519701262755672,-0.27708649431934274
Waterloo,5-Day,5.0,2000-05-10,3.6403034414322177,0.24731653405686227,-0.29783177953570367
Waterloo,5-Day,5.0,2000-05-11,3.6336201193159168,0.24944578169070672,-0.31845817966134415
Waterloo,5-Day,5.0,2000-05-12,3.626925575406833,0.2515856765449248,-0.33888999352565696
Waterloo,5-Day,5.0,2000-05-13,3.620218603494758,0.25373680080837674,-0.35905263847014146
Waterloo,5-Day,5.0,2000-05-14,3.613498494936444,0.25589934160514627,-0.37888813628524315
Waterloo,5-Day,5.0,2000-05-15,3.606765101580321,0.258073925431054,-0.39836869528011254
Albany,1-Day,1.0,2000-01-01,4.958788493903928,0.2030018717620743,-0.26589012303199006
Albany,1-Day,1.0,2000-01-02,4.954939798011219,0.20292324908271575,-0.2514417219806164
Albany,1-Day,1.0,2000-01-03,4.951075721964218,0.20285010923641417,-0.23701072243636767
Albany,1-Day,1.0,2000-01-04,4.947196178159647,0.2027843656713503,-0.22261583014949624
Albany,1-Day,1.0,2000-01-05,4.9433014657109435,0.2027281735779063,-0.20827995344629524
Albany,1-Day,1.0,2000-01-06,4.939392264740533,0.20268279219954866,-0.19401892573024315
Albany,1-Day,1.0,2000-01-07,4.93546968075842,0.20264870178135164,-0.17984257088809685
Albany,1-Day,1.0,2000-01-08,4.931535258024835,0.20334881754529957,-0.173
Albany,1-Day,1.0,2000-01-09,4.927590923661259,0.20372116050378522,-0.1629000241560889
Albany,1-Day,1.0,2000-01-10,4.923638803101599,0.20382533564914576,-0.1501297172710687
Albany,1-Day,1.0,2000-01-11,4.919681072129978,0.20393060704754332,-0.13738231446284396
Albany,1-Day,1.0,2000-01-12,4.9157199182681515,0.2040387387748204,-0.1246828883833552
Albany,1-Day,1.0,2000-01-13,4.911757538585265,0.2041582579089409,-0.11212564118007401
Albany,1-Day,1.0,2000-01-14,4.907796141026909,0.20431522591664236,-0.09998535681120291
Albany,1-Day,1.0,2000-01-15,4.903837935180016,0.20441293730466611,-0.08728154464493913
Albany,1-Day,1.0,2000-01-16,4.899885092400035,0.20445131781709858,-0.07497634007128219
Albany,1-Day,1.0,2000-01-17,4.8959393555508095,0.2044221707652639,-0.0724263587797861
Albany,1-Day,1.0,2000-01-18,4.892000322224842,0.2043341398057849,-0.07084830582276118
Albany,1-Day,1.0,2000-01-19,4.888059140571894,0.20421625006659805,-0.07007517556272935
Albany,1-Day,1.0,2000-01-20,4.88408189747183,0.20410201876356537,-0.07022253626900936
Albany,1-Day,1.0,2000-01-21,4.879848988171839,0.20401388685818472,-0.07162109903427548
Albany,1-Day,1.0,2000-01-22,4.875541899844068,0.2039599704930646,-0.07467074757672562
Albany,1-Day,1.0,2000-01-23,4.871162688338815,0.20393828772892472,-0.07960827857721546
Albany,1-Day,1.0,2000-01-24,4.866718301841258,0.20394277445309786,-0.0861646616039983
Albany,1-Day,1.0,2000-01-25,4.862221520409956,0.2039711163731039,-0.09355487193169028
Albany,1-Day,1.0,2000-01-26,4.857690303128883,0.2040298814247943,-0.10063640702840103
Albany,1-Day,1.0,2000-01-27,4.8531448392559335,0.20413427052070549,-0.10609060480225725
Albany,1-Day,1.0,2000-01-28,4.84860361749173,0.2043044889812746,-0.10880884903697675
Albany,1-Day,1.0,2000-01-29,4.844080607101715,0.20456410270143235,-0.10829367348195015
Albany,1-Day,1.0,2000-01-30,4.83958358300022,0.20494664787564704,-0.10488874654862834
Albany,1-Day,1.0,2000-01-31,4.835114775724932,0.20549167228979898,-0.09942604368470243
Albany,1-Day,1.0,2000-02-01,4.830671097223173,0.20620862900393033,-0.0926714667534918
Albany,1-Day,1.0,2000-02-02,4.826244387289792,0.20705133438977913,-0.08606719311574731
Albany,1-Day,1.0,2000-02-03,4.821822322907008,0.2079306957507315,-0.0799072784508655
Albany,1-Day,1.0,2000-02-04,4.817390891322958,0.20876292330346405,-0.07329512174527618
Albany,1-Day,1.0,2000-02-05,4.812935970645943,0.20950377394715683,-0.06579584938197698
Albany,1-Day,1.0,2000-02-06,4.808444225764771,0.21014605488065752,-0.060813970946672666
Albany,1-Day,1.0,2000-02-07,4.8039050498011875,0.21070083319464825,-0.0565997305569405
Albany,1-Day,1.0,2000-02-08,4.7993118547248015,0.21118158422476777,-0.053199126050307084
Albany,1-Day,1.0,2000-02-09,4.794663052798475,0.2116008169645635,-0.05073446391638487
Albany,1-Day,1.0,2000-02-10,4.7899622999063025,0.2119710273835727,-0.04937157046840133
Albany,1-Day,1.0,2000-02-11,4.785218186855463,0.21230017810891097,-0.049225408213132704
Albany,1-Day,1.0,2000-02-12,4.7804397653580075,0.21258645692258976,-0.05021442616184375
Albany,1-Day,1.0,2000-02-13,4.77563605525832,0.21281432459423144,-0.05208889910943651
Albany,1-Day,1.0,2000-02-14,4.770816607746822,0.2129587543315586,-0.05460230701423076
Albany,1-Day,1.0,2000-02-15,4.7659920897767885,0.2129884307900772,-0.05756072145569034
Albany,1-Day,1.0,2000-02-16,4.7611753829742645,0.21277079612583188,-0.05768228322560256
Albany,1-Day,1.0,2000-02-17,4.7563800539610614,0.21257552865917945,-0.06029908094092683
Albany,1-Day,1.0,2000-02-18,4.751615939874079,0.2122579354724997,-0.06267643961355807
Albany,1-Day,1.0,2000-02-19,4.74688910352447,0.21184984994172898,-0.06439774804451391
Albany,1-Day,1.0,2000-02-20,4.742203212070096,0.21139570777113686,-0.06531439854088195
Albany,1-Day,1.0,2000-02-21,4.737560707298666,0.21093763133637056,-0.06537885569002626
Albany,1-Day,1.0,2000-02-22,4.732962536658346,0.21050450369742787,-0.06458545873967057
Albany,1-Day,1.0,2000-02-23,4.7284094587311,0.21010307828095448,-0.06307575854901282
Albany,1-Day,1.0,2000-02-24,4.723903517671694,0.20972473902641423,-0.06107280532110142
Albany,1-Day,1.0,2000-02-25,4.719448775173925,0.20935843733686565,-0.05885676917799974
Albany,1-Day,1.0,2000-02-26,4.7150509473792095,0.2089934782392671,-0.05677828603985455
Albany,1-Day,1.0,2000-02-27,4.710716195807458,0.2086221892876859,-0.05520359959981111
Albany,1-Day,1.0,2000-02-28,4.706449285709741,0.20824428535953513,-0.05435309199401913
Albany,1-Day,1.0,2000-03-01,4.698113538138391,0.20748409310105212,-0.05456446737512729
Albany,1-Day,1.0,2000-03-02,4.694030409119362,0.2070983287111885,-0.0551629783915645
Albany,1-Day,1.0,2000-03-03,4.689992838837293,0.2067122625354526,-0.05565240060385475
Albany,1-Day,1.0,2000-03-04,4.68599385361501,0.2063387930966894,-0.05563259775212815
Albany,1-Day,1.0,2000-03-05,4.682026727999514,0.20600055971472245,-0.05465467346067279
Albany,1-Day,1.0,2000-03-06,4.678086147309027,0.2057190787804041,-0.052283618630333456
Albany,1-Day,1.0,2000-03-07,4.67416917132538,0.20550146552199403,-0.04812599698932104
Albany,1-Day,1.0,2000-03-08,4.670272596643435,0.2053414348502626,-0.04180492595643805
Albany,1-Day,1.0,2000-03-09,4.666390669942665,0.20522390624847436,-0.03302091646297523
Albany,1-Day,1.0,2000-03-10,4.662509616318189,0.20512812841734354,-0.02168065624546477
Albany,1-Day,1.0,2000-03-11,4.658604103951985,0.20503249197620055,-0.008071839577319787
Albany,1-Day,1.0,2000-03-12,4.65463995576895,0.2049247993759014,0.006640216833625959
Albany,1-Day,1.0,2000-03-13,4.650579342097689,0.20479990437959472,0.021865114690958698
Albany,1-Day,1.0,2000-03-14,4.646386180440189,0.20466392071317258,0.03766432132182802
Albany,1-Day,1.0,2000-03-15,4.642033777532521,0.2045287971523459,0.054002344080705846
Albany,1-Day,1.0,2000-03-16,4.6375118623157325,0.20438550749459214,0.07101270030506295
Albany,1-Day,1.0,2000-03-17,4.6328258815698,0.20424979361869128,0.08850608729673884
Albany,1-Day,1.0,2000-03-18,4.627991502384332,0.20414299396101776,0.10619137032298354
Albany,1-Day,1.0,2000-03-19,4.623025631884765,0.2040817375046989,0.12381876517342592
Albany,1-Day,1.0,2000-03-20,4.61793546727844,0.20407584694231803,0.1412428393844869
Albany,1-Day,1.0,2000-03-21,4.612715643983082,0.20413121742116236,0.15840258355403153
Albany,1-Day,1.0,2000-03-22,4.607361517638106,0.20425320513105183,0.17389336321118223
Albany,1-Day,1.0,2000-03-23,4.601872189123416,0.20443691315854998,0.18831550229752972
Albany,1-Day,1.0,2000-03-24,4.596250215452464,0.20464647734736868,0.20149483518066447
Albany,1-Day,1.0,2000-03-25,4.590502463779367,0.20483507593579137,0.21294726548108991
Albany,1-Day,1.0,2000-03-26,4.584639286256417,0.20498050770065687,0.22239972282638817
Albany,1-Day,1.0,2000-03-27,4.578675679875483,0.20508542965544288,0.22994660558956714
Albany,1-Day,1.0,2000-03-28,4.572631440912005,0.2051571610037138,0.23613693848795944
Albany,1-Day,1.0,2000-03-29,4.566527921142164,0.2051753256519948,0.2419177574157056
Albany,1-Day,1.0,2000-03-30,4.5603829511187275,0.20506075396696238,0.24826039667303454
Albany,1-Day,1.0,2000-03-31,4.554206758515635,0.2047251613239004,0.25584466347950297
Albany,1-Day,1.0,2000-04-01,4.548003054374815,0.20420370218530867,0.2649587128612211
Albany,1-Day,1.0,2000-04-02,4.541773086108917,0.20368043778295153,0.2755522430498431
Albany,1-Day,1.0,2000-04-03,4.535517195342132,0.20331371317328778,0.28733818854909426
Albany,1-Day,1.0,2000-04-04,4.529234808086685,0.20310429398503302,0.29976698739687424
Albany,1-Day,1.0,2000-04-05,4.522926439162144,0.20295450461624986,0.31197056410664326
Albany,1-Day,1.0,2000-04-06,4.516596987892363,0.20277533959520141,0.32294557011488295
Albany,1-Day,1.0,2000-04-07,4.510256364935256,0.20250669771772922,0.33155351440237957
Albany,1-Day,1.0,2000-04-08,4.503917129082343,0.20212476883347225,0.33701035738851176
Albany,1-Day,1.0,2000-04-09,4.497590125536071,0.20170331834094962,0.3391230436829873
Albany,1-Day,1.0,2000-04-10,4.491281845164158,0.20136714953605772,0.33804407938790143
Albany,1-Day,1.0,2000-04-11,4.484995505195136,0.20117079618436703,0.3340364082996483
Albany,1-Day,1.0,2000-04-12,4.478732293524433,0.20109761134651374,0.3274900942498967
Albany,1-Day,1.0,2000-04-13,4.472491257519217,0.20114270267936718,0.31892448476191537
Albany,1-Day,1.0,2000-04-14,4.466269616954154,0.2013607940005546,0.30878800207896173
Albany,1-Day,1.0,2000-04-15,4.460064646601412,0.20182251996103545,0.29735003523646447
Albany,1-Day,1.0,2000-04-16,4.453874384027637,0.20251857628281156,0.284708014545547
Albany,1-Day,1.0,2000-04-17,4.44769694396169,0.20336565507575963,0.27083829601421006
Albany,1-Day,1.0,2000-04-18,4.441529529877174,0.2042860914641743,0.25574842677568055
Albany,1-Day,1.0,2000-04-19,4.43536992692571,0.20524490279849764,0.23943390419827157
Albany,1-Day,1.0,2000-04-20,4.429217056506535,0.20620932043964393,0.22235261517767113
Albany,1-Day,1.0,2000-04-21,4.423069193434618,0.20714706274877173,0.20553436149043658
Albany,1-Day,1.0,2000-04-22,4.416922943459174,0.20804225174666535,0.19013250112872587
Albany,1-Day,1.0,2000-04-23,4.410773717832114,0.2089032329797474,0.17690232908373982
Albany,1-Day,1.0,2000-04-24,4.40461641852966,0.2097589747017232,0.166052089896378
Albany,1-Day,1.0,2000-04-25,4.398447500829139,0.21064545055155062,0.15726978002448125
Albany,1-Day,1.0,2000-04-26,4.392265747172732,0.21158629014043542,0.1500993124011809
Albany,1-Day,1.0,2000-04-27,4.386094657683744,0.21258453600191943,0.14425151390958507
Albany,1-Day,1.0,2000-04-28,4.379904843618271,0.2136242172128686,0.13956256167531256
Albany,1-Day,1.0,2000-04-29,4.373701407170905,0.21467814016341993,0.13556172993598678
Albany,1-Day,1.0,2000-04-30,4.367489562171091,0.21571471840614728,0.13133494403544146
Albany,1-Day,1.0,2000-05-01,4.361272947677806,0.21670329089295934,0.12586441233248044
Albany,1-Day,1.0,2000-05-02,4.355054054713348,0.2176275473652256,0.11846009473400117
Albany,1-Day,1.0,2000-05-03,4.348834720728808,0.21842417455694377,0.10351194331453298
Albany,1-Day,1.0,2000-05-04,4.34261636167002,0.21923319241194,0.08760445409077419
Albany,1-Day,1.0,2000-05-05,4.336400044392669,0.22004961455519226,0.07167225845274623
Albany,1-Day,1.0,2000-05-06,4.33018650565247,0.22086800448354235,0.05568936315339728
Albany,1-Day,1.0,2000-05-07,4.323976180992937,0.22168515826506718,0.039530557324864525
Albany,1-Day,1.0,2000-05-08,4.317769257885035,0.2224997634472356,0.023114916951279443
Albany,1-Day,1.0,2000-05-09,4.311565680012474,0.22331163460307785,0.006393060158724935
Albany,1-Day,1.0,2000-05-10,4.305365126528884,0.22412091136507134,-0.010671844898814415
Albany,1-Day,1.0,2000-05-11,4.299167099654927,0.2249275533139336,-0.028113602402475343
Albany,1-Day,1.0,2000-05-12,4.292971007238823,0.2257318580909167,-0.04595666346234105
Albany,1-Day,1.0,2000-05-13,4.286776246456716,0.22653476947243142,-0.06420233079763085
Albany,1-Day,1.0,2000-05-14,4.280582238637893,0.22733721486272088,-0.08282771046993376
Albany,1-Day,1.0,2000-05-15,4.27438845536339,0.22813986976445277,-0.10179497190408034
Albany,5-Day,5.0,2000-01-01,4.84619479466218,0.1909647459721641,-0.40023557881096355
Albany,5-Day,5.0,2000-01-02,4.842626041344929,0.19053412226667865,-0.3821946081837022
Albany,5-Day,5.0,2000-01-03,4.839041566570498,0.19006609519803597,-0.36369884713752165
Albany,5-Day,5.0,2000-01-04,4.835441226310811,0.1895647564341343,-0.3447767319870258
Albany,5-Day,5.0,2000-01-05,4.831825232817057,0.18903778585901604,-0.3254953632998472
Albany,5-Day,5.0,2000-01-06,4.8281941627586225,0.18849244372364424,-0.30592137729673546
Albany,5-Day,5.0,2000-01-07,4.824548975419778,0.1879333669819688,-0.28609823768202414
Albany,5-Day,5.0,2000-01-08,4.820891116478539,0.18736234293235088,-0.2660431022350305
Albany,5-Day,5.0,2000-01-09,4.817222451673759,0.1867787419215806,-0.24574972221014588
Albany,5-Day,5.0,2000-01-10,4.813545032895177,0.1861802470770792,-0.2251940300134845
Albany,5-Day,5.0,2000-01-11,4.809860920912008,0.1855622897420399,-0.20432633181219476
Albany,5-Day,5.0,2000-01-12,4.806172108731639,0.1849114260128921,-0.18299706266333907
Albany,5-Day,5.0,2000-01-13,4.802480625825274,0.18520777637648003,-0.172
Albany,5-Day,5.0,2000-01-14,4.798788574270496,0.1865045836776814,-0.172
Albany,5-Day,5.0,2000-01-15,4.795098063914621,0.18780084964354093,-0.172
Albany,5-Day,5.0,2000-01-16,4.791411131231678,0.18909585897679093,-0.172
Albany,5-Day,5.0,2000-01-17,4.787729187675957,0.1903891159139783,-0.172
Albany,5-Day,5.0,2000-01-18,4.784050953409916,0.19168106998925827,-0.172
Albany,5-Day,5.0,2000-01-19,4.780365834476206,0.19297544225537905,-0.172
Albany,5-Day,5.0,2000-01-20,4.776638072283963,0.19428479266856452,-0.172
Albany,5-Day,5.0,2000-01-21,4.772663954416163,0.19568067379060464,-0.172
Albany,5-Day,5.0,2000-01-22,4.768603852782609,0.19710675610937672,-0.172
Albany,5-Day,5.0,2000-01-23,4.764458337372346,0.19721795928679933,-0.15815710767056057
Albany,5-Day,5.0,2000-01-24,4.760232930822667,0.19695520856234763,-0.14016665693844557
Albany,5-Day,5.0,2000-01-25,4.755938184937304,0.19664623134112894,-0.12142709015990712
Albany,5-Day,5.0,2000-01-26,4.7515896607720745,0.1962909801376591,-0.10198004676741743
Albany,5-Day,5.0,2000-01-27,4.747205816046997,0.19589688116573653,-0.0898672527911407
Albany,5-Day,5.0,2000-01-28,4.742804431457872,0.1954983590591526,-0.10146516403080924
Albany,5-Day,5.0,2000-01-29,4.738400574756869,0.1951469281145323,-0.11045699744293777
Albany,5-Day,5.0,2000-01-30,4.734006648637982,0.19490125405547817,-0.11496097092953321
Albany,5-Day,5.0,2000-01-31,4.729633749446602,0.19482387931711007,-0.11425930055646794
Albany,5-Day,5.0,2000-02-01,4.725292620694627,0.1949536890237282,-0.10873141219647774
Albany,5-Day,5.0,2000-02-02,4.72098993955615,0.19528135281260106,-0.09926356731095891
Albany,5-Day,5.0,2000-02-03,4.716725072323189,0.19576199676221864,-0.08897197398546243
Albany,5-Day,5.0,2000-02-04,4.712490461788654,0.19634059004404664,-0.079899765282361
Albany,5-Day,5.0,2000-02-05,4.708273392066974,0.1969585088509946,-0.07137292858328789
Albany,5-Day,5.0,2000-02-06,4.704058003944651,0.1975561208363694,-0.06269451369328706
Albany,5-Day,5.0,2000-02-07,4.699828723083757,0.19808865353839378,-0.053327926312168636
Albany,5-Day,5.0,2000-02-08,4.695572625167281,0.19854309933263245,-0.043085514574385475
Albany,5-Day,5.0,2000-02-09,4.691280057321095,0.19893701062792418,-0.03211827038156513
Albany,5-Day,5.0,2000-02-10,4.686946667350842,0.19928991294870838,-0.020617767521676558
Albany,5-Day,5.0,2000-02-11,4.682574993164815,0.199609658858116,-0.008674957341020074
Albany,5-Day,5.0,2000-02-12,4.678171670179854,0.1998937191193417,0.003717212445169781
Albany,5-Day,5.0,2000-02-13,4.673746444199159,0.20012739136427768,0.016688722097607158
Albany,5-Day,5.0,2000-02-14,4.669310552285134,0.20029045765053338,0.030428247502389087
Albany,5-Day,5.0,2000-02-15,4.664875256953333,0.20035440867294266,0.041376797899769696
Albany,5-Day,5.0,2000-02-16,4.660451909616202,0.2001332151183842,0.04465921763046925
Albany,5-Day,5.0,2000-02-17,4.656051058337139,0.1999512081668725,0.04776358163445266
Albany,5-Day,5.0,2000-02-18,4.651680266362061,0.1996194397558596,0.04937662023038608
Albany,5-Day,5.0,2000-02-19,4.64734310579473,0.19914661143017728,0.05013206138610332
Albany,5-Day,5.0,2000-02-20,4.643040981271152,0.1985669240882422,0.05072063288923367
Albany,5-Day,5.0,2000-02-21,4.638777306755052,0.19793775158083815,0.051778912293374904
Albany,5-Day,5.0,2000-02-22,4.634559250357585,0.19732011135472483,0.053753963781208024
Albany,5-Day,5.0,2000-02-23,4.6303950931531705,0.1967471423234897,0.0565437122324015
Albany,5-Day,5.0,2000-02-24,4.6262921643023445,0.19621931217766034,0.05972252763401266
Albany,5-Day,5.0,2000-02-25,4.6222567597406075,0.1957228085246853,0.06292999347795308
Albany,5-Day,5.0,2000-02-26,4.618294347606807,0.19523847521530382,0.06589775582220467
Albany,5-Day,5.0,2000-02-27,4.6144083484078,0.19475068209482638,0.06836419966574869
Albany,5-Day,5.0,2000-02-28,4.610600463593538,0.1942598724255681,0.07013743575921332
Albany,5-Day,5.0,2000-03-01,4.603213653691717,0.1933136442757274,0.07135783269546968
Albany,5-Day,5.0,2000-03-02,4.599624232957525,0.19285497643350555,0.07053416182615681
Albany,5-Day,5.0,2000-03-03,4.596097180042671,0.19240303704600403,0.06864268543915256
Albany,5-Day,5.0,2000-03-04,4.592628289994874,0.19196702793212292,0.06563250659382934
Albany,5-Day,5.0,2000-03-05,4.58921271963588,0.19156646029882124,0.06158685741943487
Albany,5-Day,5.0,2000-03-06,4.58584751494263,0.19122565405443745,0.056903610877849155
Albany,5-Day,5.0,2000-03-07,4.582532319911084,0.19096468539590422,0.05243312291292138
Albany,5-Day,5.0,2000-03-08,4.579268602366042,0.1907917303118538,0.04925843589492903
Albany,5-Day,5.0,2000-03-09,4.576059162714411,0.19069392652959338,0.04820452960498336
Albany,5-Day,5.0,2000-03-10,4.572904666711298,0.19064405641974055,0.04970844086800593
Albany,5-Day,5.0,2000-03-11,4.56979757998276,0.19060763089821628,0.05385866918154898
Albany,5-Day,5.0,2000-03-12,4.566716613604936,0.19055320503851098,0.06052651098318112
Albany,5-Day,5.0,2000-03-13,4.563626965617467,0.1904600691158643,0.06933849158493718
Albany,5-Day,5.0,2000-03-14,4.560483453640201,0.19035047808449182,0.07426611927856039
Albany,5-Day,5.0,2000-03-15,4.557235742452684,0.1901891865569264,0.08720193560829666
Albany,5-Day,5.0,2000-03-16,4.553839408426848,0.18998798215256962,0.10083276258279787
Albany,5-Day,5.0,2000-03-17,4.550266014984167,0.18975788751204745,0.11448224044162787
Albany,5-Day,5.0,2000-03-18,4.546507703054261,0.18950774955520225,0.12768445573061332
Albany,5-Day,5.0,2000-03-19,4.542573653965669,0.18924453323185478,0.14030619456864823
Albany,5-Day,5.0,2000-03-20,4.538473710258735,0.18898284344339744,0.15298719325425358
Albany,5-Day,5.0,2000-03-21,4.534206896764027,0.1887384152560393,0.1667933207159395
Albany,5-Day,5.0,2000-03-22,4.529767833267161,0.18852278797147176,0.18239026284436727
Albany,5-Day,5.0,2000-03-23,4.525150479332954,0.1883424074439926,0.19975688245833093
Albany,5-Day,5.0,2000-03-24,4.520353314016006,0.18818085685968394,0.2180806459682879
Albany,5-Day,5.0,2000-03-25,4.515382764326935,0.1879632633335233,0.23572895201346636
Albany,5-Day,5.0,2000-03-26,4.5102520856104436,0.18759309950378436,0.25088170896590944
Albany,5-Day,5.0,2000-03-27,4.504979965475974,0.18700193468064863,0.2621542657507188
Albany,5-Day,5.0,2000-03-28,4.4995884635648284,0.18617530424528406,0.2690050827582849
Albany,5-Day,5.0,2000-03-29,4.494100469122185,0.1851503592513477,0.2719639681416489
Albany,5-Day,5.0,2000-03-30,4.4885377328306735,0.18401264187886462,0.2724309286932355
Albany,5-Day,5.0,2000-03-31,4.482917324860856,0.1828784270074712,0.27228800268561676
Albany,5-Day,5.0,2000-04-01,4.477248021628235,0.18184868723292058,0.2733178937625249
Albany,5-Day,5.0,2000-04-02,4.471531830060954,0.18096427389543332,0.27647059579160155
Albany,5-Day,5.0,2000-04-03,4.4657681563324365,0.18022143413115269,0.28183086953915737
Albany,5-Day,5.0,2000-04-04,4.459954591766386,0.17957633084899854,0.2888714614466618
Albany,5-Day,5.0,2000-04-05,4.454087195512531,0.1789456749260102,0.2967168168638336
Albany,5-Day,5.0,2000-04-06,4.448164578802165,0.17825412174260702,0.3046399910892995
Albany,5-Day,5.0,2000-04-07,4.4421934162201,0.177468695153349,0.3119857457244589
Albany,5-Day,5.0,2000-04-08,4.436191219918643,0.17662845905533978,0.3177013542453757
Albany,5-Day,5.0,2000-04-09,4.430179976637133,0.17591692353980973,0.3204868409236995
Albany,5-Day,5.0,2000-04-10,4.424179761012833,0.17557583255341846,0.319258430116649
Albany,5-Day,5.0,2000-04-11,4.418207506559361,0.17565041360485426,0.31369887933817625
Albany,5-Day,5.0,2000-04-12,4.4122763211074725,0.17596954970588793,0.3043970868922215
Albany,5-Day,5.0,2000-04-13,4.4063926912615,0.17637323290570192,0.29259071853798985
Albany,5-Day,5.0,2000-04-14,4.4005565536811115,0.17683292995145572,0.27962741301029015
Albany,5-Day,5.0,2000-04-15,4.394766291607881,0.17739554001581134,0.2665088141478863
Albany,5-Day,5.0,2000-04-16,4.389022252888896,0.17809778465228393,0.2534857113015652
Albany,5-Day,5.0,2000-04-17,4.383326401925657,0.17893309712907757,0.2402208317908343
Albany,5-Day,5.0,2000-04-18,4.377678315309249,0.17986059194671547,0.22648446800594482
Albany,5-Day,5.0,2000-04-19,4.372074313141864,0.18083980364737004,0.21227162275690897
Albany,5-Day,5.0,2000-04-20,4.366508429704776,0.1818238748431605,0.19714293278280995
Albany,5-Day,5.0,2000-04-21,4.360971532770954,0.18276676348847598,0.18050509208836418
Albany,5-Day,5.0,2000-04-22,4.355452741758295,0.18364971409289108,0.1625445196687584
Albany,5-Day,5.0,2000-04-23,4.349942296320103,0.18448910671696103,0.14473401287679313
Albany,5-Day,5.0,2000-04-24,4.344433453909306,0.185319945013463,0.12953836088499904
Albany,5-Day,5.0,2000-04-25,4.33892255446581,0.18617960756442453,0.11887826873798538
Albany,5-Day,5.0,2000-04-26,4.333408074278331,0.18710557424807112,0.11302228294926428
Albany,5-Day,5.0,2000-04-27,4.327949016321626,0.18813135114120252,0.111001420882587
Albany,5-Day,5.0,2000-04-28,4.322473592356813,0.1892616498917993,0.11158485870322538
Albany,5-Day,5.0,2000-04-29,4.316984224441503,0.1904629828220657,0.11378401236705797
Albany,5-Day,5.0,2000-04-30,4.311485960611202,0.19168779044877232,0.11662977719754745
Albany,5-Day,5.0,2000-05-01,4.305982684829948,0.19289134589647908,0.11881877844885837
Albany,5-Day,5.0,2000-05-02,4.300477086716189,0.19403683915813064,0.1185577427116081
Albany,5-Day,5.0,2000-05-03,4.2949712042024775,0.19502709501235477,0.10581280202966958
Albany,5-Day,5.0,2000-05-04,4.289466718056753,0.19600387664528274,0.09001505794885185
Albany,5-Day,5.0,2000-05-05,4.283965012556858,0.19697816680149086,0.07391218163229524
Albany,5-Day,5.0,2000-05-06,4.278467137933163,0.19795180163313958,0.05780260082512717
Albany,5-Day,5.0,2000-05-07,4.272973773702183,0.19892403223715638,0.04155082745689133
Albany,5-Day,5.0,2000-05-08,4.267485306659511,0.19989478458318866,0.02503163018521322
Albany,5-Day,5.0,2000-05-09,4.2620017911143036,0.20086426851696645,0.008141252688834935
Albany,5-Day,5.0,2000-05-10,4.256522934596543,0.20183212780225124,-0.009227254108832267
Albany,5-Day,5.0,2000-05-11,4.2510482494925075,0.20279746217403966,-0.027188244042820053
Albany,5-Day,5.0,2000-05-12,4.245577145862726,0.2037598697416593,-0.04584954914385021
Albany,5-Day,5.0,2000-05-13,4.2401089575737725,0.20471985148190247,-0.0652789998039329
Albany,5-Day,5.0,2000-05-14,4.234642939077657,0.20567768913288798,-0.0854976689868639
Albany,5-Day,5.0,2000-05-15,4.229178322789865,0.2066331111112345,-0.10648774833426447
Harrisburg,1-Day,1.0,2000-01-01,4.86798265011688,0.21523729674056474,-0.2466286638955757
Harrisburg,1-Day,1.0,2000-01-02,4.8637397223097985,0.2152185538181615,-0.23268895370123754
Harrisburg,1-Day,1.0,2000-01-03,4.859481809106915,0.21520834285800078,-0.21867926895435755
Harrisburg,1-Day,1.0,2000-01-04,4.855209027933754,0.21520568173747862,-0.20462682243123675
Harrisburg,1-Day,1.0,2000-01-05,4.850922089244187,0.21520930804061608,-0.19055603572622093
Harrisburg,1-Day,1.0,2000-01-06,4.846622331286233,0.2152179566057954,-0.17649118110702847
Harrisburg,1-Day,1.0,2000-01-07,4.842311701703559,0.21523030346062416,-0.16245831895229945
Harrisburg,1-Day,1.0,2000-01-08,4.837992591689994,0.21524488608068978,-0.1484857419879373
Harrisburg,1-Day,1.0,2000-01-09,4.833667596692928,0.21526001773776346,-0.13460481537048435
Harrisburg,1-Day,1.0,2000-01-10,4.8293392985037675,0.21527389055861818,-0.12084795425890146
Harrisburg,1-Day,1.0,2000-01-11,4.8250101700687775,0.21528542827739022,-0.10723834324553595
Harrisburg,1-Day,1.0,2000-01-12,4.8206825102437225,0.21529579152072484,-0.0937589824434996
Harrisburg,1-Day,1.0,2000-01-13,4.816358390325032,0.21531298631183868,-0.08029457121731098
Harrisburg,1-Day,1.0,2000-01-14,4.812039587582903,0.215362117973665,-0.0666329329483221
Harrisburg,1-Day,1.0,2000-01-15,4.807727491170273,0.2153248515191358,-0.056911226422853456
Harrisburg,1-Day,1.0,2000-01-16,4.803422958588502,0.21524960495222623,-0.04795719297068166
Harrisburg,1-Day,1.0,2000-01-17,4.7991257361417325,0.21515573141680872,-0.039486560834007235
Harrisburg,1-Day,1.0,2000-01-18,4.794832382032525,0.21507213929122532,-0.031520344126873386
Harrisburg,1-Day,1.0,2000-01-19,4.79053034094169,0.21502107942716697,-0.024277065301348613
Harrisburg,1-Day,1.0,2000-01-20,4.78618412677143,0.21500533071361458,-0.018041682556163695
Harrisburg,1-Day,1.0,2000-01-21,4.781651140558853,0.21501127150816834,-0.013047204272602666
Harrisburg,1-Day,1.0,2000-01-22,4.777059992722494,0.21502231588304224,-0.009284127174899324
Harrisburg,1-Day,1.0,2000-01-23,4.772414571484275,0.2150289177612196,-0.006376114205868751
Harrisburg,1-Day,1.0,2000-01-24,4.767724386891487,0.215036428432217,-0.003703845723616663
Harrisburg,1-Day,1.0,2000-01-25,4.763005846220895,0.21506209921509659,-0.0005383483725504398
Harrisburg,1-Day,1.0,2000-01-26,4.7582808947008415,0.21513448923542636,0.0038932833420029377
Harrisburg,1-Day,1.0,2000-01-27,4.753571010217033,0.21529082549167555,0.010247591287163755
Harrisburg,1-Day,1.0,2000-01-28,4.748892573246935,0.21556778384179545,0.018827082585823995
Harrisburg,1-Day,1.0,2000-01-29,4.74425439006779,0.2159907769602078,0.029365818534453154
Harrisburg,1-Day,1.0,2000-01-30,4.739658349862175,0.21657144136805712,0.03834339460337618
Harrisburg,1-Day,1.0,2000-01-31,4.735100456498646,0.21729956219221727,0.045645911521096885
Harrisburg,1-Day,1.0,2000-02-01,4.730572646242338,0.21814001109307732,0.05165990644129828
Harrisburg,1-Day,1.0,2000-02-02,4.726064016275893,0.21903013623670808,0.057061256851032444
Harrisburg,1-Day,1.0,2000-02-03,4.721563142426181,0.21990175744272436,0.06257930008979397
Harrisburg,1-Day,1.0,2000-02-04,4.717059697438015,0.22069933661010105,0.06880688620465376
Harrisburg,1-Day,1.0,2000-02-05,4.712543243613258,0.22139284548911134,0.07607756147029303
Harrisburg,1-Day,1.0,2000-02-06,4.708003474119814,0.22197632735147865,0.08448294320389897
Harrisburg,1-Day,1.0,2000-02-07,4.703432376787756,0.22245548988212202,0.09399235583715607
Harrisburg,1-Day,1.0,2000-02-08,4.698826609926045,0.22284368190140835,0.10448551069057913
Harrisburg,1-Day,1.0,2000-02-09,4.694188049910854,0.22315549662653666,0.11581436455890251
Harrisburg,1-Day,1.0,2000-02-10,4.689521711128027,0.22340369106388538,0.12393796391412733
Harrisburg,1-Day,1.0,2000-02-11,4.684833883196025,0.2235929934315084,0.121552903165192
Harrisburg,1-Day,1.0,2000-02-12,4.680131888435114,0.22371487669986542,0.11784336004724465
Harrisburg,1-Day,1.0,2000-02-13,4.675425975412649,0.22374893492970807,0.1132224965251183
Harrisburg,1-Day,1.0,2000-02-14,4.670729720219632,0.22366771227516893,0.10810313128482671
Harrisburg,1-Day,1.0,2000-02-15,4.666060693748448,0.2234487387722964,0.1028924164263572
Harrisburg,1-Day,1.0,2000-02-16,4.661437818147677,0.22295925590140755,0.10026109602366842
Harrisburg,1-Day,1.0,2000-02-17,4.656877319120708,0.22249633845579445,0.09538633840013391
Harrisburg,1-Day,1.0,2000-02-18,4.65239233680992,0.2219293808536947,0.09062553709433228
Harrisburg,1-Day,1.0,2000-02-19,4.647991346817942,0.22130838252751,0.08605919704716652
Harrisburg,1-Day,1.0,2000-02-20,4.6436766457356216,0.22068860115567354,0.08181776766041383
Harrisburg,1-Day,1.0,2000-02-21,4.63944318317218,0.22010907262779775,0.07804003175132943
Harrisburg,1-Day,1.0,2000-02-22,4.635283398680717,0.21957543102823215,0.07464198542374507
Harrisburg,1-Day,1.0,2000-02-23,4.631193129571021,0.21907357101706224,0.07138105980561232
Harrisburg,1-Day,1.0,2000-02-24,4.627171419385367,0.21858813218037065,0.06793455299901725
Harrisburg,1-Day,1.0,2000-02-25,4.623219111937986,0.2181069186154989,0.06390808507911173
Harrisburg,1-Day,1.0,2000-02-26,4.61933795228735,0.2176211801230631,0.05893523992634411
Harrisburg,1-Day,1.0,2000-02-27,4.615528715361008,0.2171278200563728,0.05281775868229736
Harrisburg,1-Day,1.0,2000-02-28,4.611789278171701,0.21662855982019674,0.04563251438489552
Harrisburg,1-Day,1.0,2000-03-01,4.604499492616291,0.21559358799511566,0.029304410426101414
Harrisburg,1-Day,1.0,2000-03-02,4.600938141534308,0.2150537502532035,0.02103986643147311
Harrisburg,1-Day,1.0,2000-03-03,4.597424758299061,0.21450521331953867,0.013357362175864996
Harrisburg,1-Day,1.0,2000-03-04,4.593953189107919,0.21396424074224854,0.006775738810909567
Harrisburg,1-Day,1.0,2000-03-05,4.590518726415493,0.2134499946376954,0.0017147061729653787
Harrisburg,1-Day,1.0,2000-03-06,4.587118483911499,0.21297392509708135,-0.00157109293981035
Harrisburg,1-Day,1.0,2000-03-07,4.583750107298047,0.21253292250556977,-0.0028588923770451694
Harrisburg,1-Day,1.0,2000-03-08,4.58041011333735,0.2121101555038514,-0.0019177012105698658
Harrisburg,1-Day,1.0,2000-03-09,4.577088542925239,0.21168080349904772,0.0014107495048871893
Harrisburg,1-Day,1.0,2000-03-10,4.573765643134169,0.21122190108660724,0.007083723104899081
Harrisburg,1-Day,1.0,2000-03-11,4.570412599588126,0.21072362290982616,0.014793495569961663
Harrisburg,1-Day,1.0,2000-03-12,4.566995628181774,0.21018414595197635,0.024009676566803622
Harrisburg,1-Day,1.0,2000-03-13,4.563479940627997,0.20960590050855848,0.03417709785865267
Harrisburg,1-Day,1.0,2000-03-14,4.559839023632754,0.20906828067369765,0.04378399330444418
Harrisburg,1-Day,1.0,2000-03-15,4.556061846724438,0.20845286704869345,0.05726376225814234
Harrisburg,1-Day,1.0,2000-03-16,4.552150905972542,0.20780050658734708,0.07116253226737859
Harrisburg,1-Day,1.0,2000-03-17,4.548115663962711,0.20712709963644063,0.0849459015284035
Harrisburg,1-Day,1.0,2000-03-18,4.543966473578661,0.2064548887136544,0.09816978369463827
Harrisburg,1-Day,1.0,2000-03-19,4.5397098853004385,0.20581472419205124,0.11076520037756916
Harrisburg,1-Day,1.0,2000-03-20,4.5353452687307545,0.20523039465571674,0.12279702187372919
Harrisburg,1-Day,1.0,2000-03-21,4.5308646924241,0.20470925834766326,0.13432818743382058
Harrisburg,1-Day,1.0,2000-03-22,4.5262649484086,0.2042405558541882,0.14532486815752596
Harrisburg,1-Day,1.0,2000-03-23,4.521547979032146,0.20379298656893294,0.15557249997759445
Harrisburg,1-Day,1.0,2000-03-24,4.516719496747007,0.20332905102016696,0.1648537240178094
Harrisburg,1-Day,1.0,2000-03-25,4.511788486076446,0.2028242750128079,0.173262509090104
Harrisburg,1-Day,1.0,2000-03-26,4.506767866957399,0.20227429856080067,0.18121221855820827
Harrisburg,1-Day,1.0,2000-03-27,4.5016740811824825,0.2016915852599184,0.18935780984775843
Harrisburg,1-Day,1.0,2000-03-28,4.496524928263075,0.20109892086543318,0.1985241693562295
Harrisburg,1-Day,1.0,2000-03-29,4.4913355446988685,0.20052479899349224,0.20938392819381282
Harrisburg,1-Day,1.0,2000-03-30,4.486114414783279,0.20000040350466258,0.22226929428788283
Harrisburg,1-Day,1.0,2000-03-31,4.480863793004109,0.19956614260025465,0.23716553940643761
Harrisburg,1-Day,1.0,2000-04-01,4.475585128518055,0.1992627865412272,0.25375522108542364
Harrisburg,1-Day,1.0,2000-04-02,4.470281629956307,0.19911477260487864,0.27136670893793213
Harrisburg,1-Day,1.0,2000-04-03,4.464956065181205,0.1991064224832934,0.28871437002046463
Harrisburg,1-Day,1.0,2000-04-04,4.4596096063847,0.1991985909874762,0.30404583429454635
Harrisburg,1-Day,1.0,2000-04-05,4.4542453977303875,0.19937637023747398,0.315988056539931
Harrisburg,1-Day,1.0,2000-04-06,4.44886897051183,0.19964314496377153,0.3241946203298343
Harrisburg,1-Day,1.0,2000-04-07,4.443487695370025,0.19999120593278502,0.3290058603371022
Harrisburg,1-Day,1.0,2000-04-08,4.4381083455365555,0.20040235691129407,0.3305373992293905
Harrisburg,1-Day,1.0,2000-04-09,4.4327348419782595,0.2008698468704183,0.32873112910561697
Harrisburg,1-Day,1.0,2000-04-10,4.427369343027256,0.2014149406922022,0.3237783910428177
Harrisburg,1-Day,1.0,2000-04-11,4.422012168425704,0.20207632345700308,0.31636575798655525
Harrisburg,1-Day,1.0,2000-04-12,4.4166599747254685,0.20290125412164828,0.30736038374080255
Harrisburg,1-Day,1.0,2000-04-13,4.411306687724971,0.20392610331080546,0.2973947592470976
Harrisburg,1-Day,1.0,2000-04-14,4.405945951923152,0.20514998365304885,0.2866542512200921
Harrisburg,1-Day,1.0,2000-04-15,4.400572150792939,0.20651376628776158,0.27489238306349223
Harrisburg,1-Day,1.0,2000-04-16,4.395180109243495,0.20793975275966248,0.2617624527283734
Harrisburg,1-Day,1.0,2000-04-17,4.389765076743874,0.20938047940326737,0.2473527576400975
Harrisburg,1-Day,1.0,2000-04-18,4.384324515879525,0.21081105106294276,0.23245667232115855
Harrisburg,1-Day,1.0,2000-04-19,4.378858767627152,0.21219475745105743,0.21836164170188815
Harrisburg,1-Day,1.0,2000-04-20,4.373369285545028,0.21349062672081706,0.2062461487969405
Harrisburg,1-Day,1.0,2000-04-21,4.367855699893502,0.21467022194138408,0.1967107945014108
Harrisburg,1-Day,1.0,2000-04-22,4.36231578075068,0.21572917360983299,0.18969831007014104
Harrisburg,1-Day,1.0,2000-04-23,4.356746736371705,0.21668714632151992,0.18476838871085183
Harrisburg,1-Day,1.0,2000-04-24,4.351147099837637,0.2175747999690273,0.18134841467530932
Harrisburg,1-Day,1.0,2000-04-25,4.345517456799484,0.2184257773310058,0.17900503492555178
Harrisburg,1-Day,1.0,2000-04-26,4.339859167912321,0.2192712370840301,0.17731939952013404
Harrisburg,1-Day,1.0,2000-04-27,4.334114671692841,0.22013125365187233,0.17559916209046042
Harrisburg,1-Day,1.0,2000-04-28,4.328351357690064,0.22100310292840014,0.17286612686419864
Harrisburg,1-Day,1.0,2000-04-29,4.322576948666024,0.22186415964006323,0.1683263377268091
Harrisburg,1-Day,1.0,2000-04-30,4.316795223643019,0.22268377102051404,0.16161115509014612
Harrisburg,1-Day,1.0,2000-05-01,4.311008008800844,0.22344077984119406,0.15267028132443392
Harrisburg,1-Day,1.0,2000-05-02,4.30521655184379,0.2241323954608139,0.141621082894643
Harrisburg,1-Day,1.0,2000-05-03,4.299421859599139,0.22478613005597506,0.1242821806445636
Harrisburg,1-Day,1.0,2000-05-04,4.2936247157681,0.2254668067299001,0.10772584716421357
Harrisburg,1-Day,1.0,2000-05-05,4.287825701906225,0.22615733479396533,0.09158367471095373
Harrisburg,1-Day,1.0,2000-05-06,4.282025243552287,0.22685309253794225,0.07547211708550344
Harrisburg,1-Day,1.0,2000-05-07,4.276223641681969,0.2275536558921018,0.059205270152497685
Harrisburg,1-Day,1.0,2000-05-08,4.270421038270764,0.22825945215370938,0.04270234832160553
Harrisburg,1-Day,1.0,2000-05-09,4.264617371384525,0.22897080332342087,0.02593047753177002
Harrisburg,1-Day,1.0,2000-05-10,4.258812402559819,0.22968757833629275,0.008880367329333547
Harrisburg,1-Day,1.0,2000-05-11,4.253005851535842,0.2304097970412223,-0.008432262684251136
Harrisburg,1-Day,1.0,2000-05-12,4.247197468932482,0.2311378974699514,-0.025967622830817962
Harrisburg,1-Day,1.0,2000-05-13,4.241387036724569,0.23187245147352106,-0.0436681521272023
Harrisburg,1-Day,1.0,2000-05-14,4.2355743627584035,0.2326137664316498,-0.06146688459342187
Harrisburg,1-Day,1.0,2000-05-15,4.229759330947392,0.2333619798475775,-0.07930060430618896
Harrisburg,5-Day,5.0,2000-01-01,4.71874964212898,0.19077249858776765,-0.26073737155013776
Harrisburg,5-Day,5.0,2000-01-02,4.715337115438319,0.1902609331037007,-0.2425253991410891
Harrisburg,5-Day,5.0,2000-01-03,4.71190411538434,0.18972430083758485,-0.22392080595117764
Harrisburg,5-Day,5.0,2000-01-04,4.708450502929032,0.18917177087644224,-0.20501043105903552
Harrisburg,5-Day,5.0,2000-01-05,4.704976754519976,0.18861159487470333,-0.18587707813542978
Harrisburg,5-Day,5.0,2000-01-06,4.701484019930994,0.18804829586698366,-0.16656908847967633
Harrisburg,5-Day,5.0,2000-01-07,4.697974159718201,0.18748253595390044,-0.14709716961035754
Harrisburg,5-Day,5.0,2000-01-08,4.6944496537416605,0.18691155498717163,-0.12743680781835987
Harrisburg,5-Day,5.0,2000-01-09,4.690913332896611,0.1863305025829676,-0.10754014925678215
Harrisburg,5-Day,5.0,2000-01-10,4.687368092498163,0.18703934329611113,-0.102
Harrisburg,5-Day,5.0,2000-01-11,4.683816782748994,0.1882450104932244,-0.102
Harrisburg,5-Day,5.0,2000-01-12,4.68026228479538,0.1894517600833267,-0.102
Harrisburg,5-Day,5.0,2000-01-13,4.676707489278808,0.19065861069576154,-0.102
Harrisburg,5-Day,5.0,2000-01-14,4.6731552890654235,0.19186458020453703,-0.102
Harrisburg,5-Day,5.0,2000-01-15,4.669608716132871,0.1930686392553673,-0.102
Harrisburg,5-Day,5.0,2000-01-16,4.666070717294634,0.19426978740712372,-0.102
Harrisburg,5-Day,5.0,2000-01-17,4.662543488351687,0.19440632266842828,-0.09062305970192108
Harrisburg,5-Day,5.0,2000-01-18,4.659025741426777,0.19441809123626919,-0.07795904785242923
Harrisburg,5-Day,5.0,2000-01-19,4.6555031030079626,0.19437129393915684,-0.06465666816343939
Harrisburg,5-Day,5.0,2000-01-20,4.651924298795406,0.19429449652451528,-0.05083199974568318
Harrisburg,5-Day,5.0,2000-01-21,4.648029700706155,0.19419922874170323,-0.035665342761065595
Harrisburg,5-Day,5.0,2000-01-22,4.644038446286284,0.19407741065483533,-0.019858866681500578
Harrisburg,5-Day,5.0,2000-01-23,4.639952393903135,0.19390373564024163,-0.0031305626296868902
Harrisburg,5-Day,5.0,2000-01-24,4.63577959712206,0.1936523360262463,0.014795008669056432
Harrisburg,5-Day,5.0,2000-01-25,4.631534249614151,0.19330690003076173,0.034074534002176
Harrisburg,5-Day,5.0,2000-01-26,4.6272359703775185,0.1928716763491593,0.054619522941814345
Harrisburg,5-Day,5.0,2000-01-27,4.6229074950780635,0.19238907690825344,0.06137561824609878
Harrisburg,5-Day,5.0,2000-01-28,4.6185704266896215,0.19192862130539765,0.05687177144260722
Harrisburg,5-Day,5.0,2000-01-29,4.614241955839503,0.191564250960849,0.056482663152857215
Harrisburg,5-Day,5.0,2000-01-30,4.609936158939418,0.19136202086127757,0.0607056953468432
Harrisburg,5-Day,5.0,2000-01-31,4.605665927709069,0.1913578112488325,0.06892274877858465
Harrisburg,5-Day,5.0,2000-02-01,4.601441287057099,0.1915491201571493,0.08041552919916535
Harrisburg,5-Day,5.0,2000-02-02,4.59726711253616,0.19190535729730868,0.09144043624884987
Harrisburg,5-Day,5.0,2000-02-03,4.5931423799752435,0.19238907147406178,0.10074333279706914
Harrisburg,5-Day,5.0,2000-02-04,4.589061225156245,0.1929522659926345,0.10890526152466373
Harrisburg,5-Day,5.0,2000-02-05,4.585015674271604,0.19353895027812754,0.11661255153207514
Harrisburg,5-Day,5.0,2000-02-06,4.580995258621966,0.1940941986705889,0.12454846820086095
Harrisburg,5-Day,5.0,2000-02-07,4.576986065675814,0.19457687610558214,0.13324702760087603
Harrisburg,5-Day,5.0,2000-02-08,4.572973669122505,0.1949820145790243,0.142821208848873
Harrisburg,5-Day,5.0,2000-02-09,4.568947109828088,0.19532207713709593,0.15316803649429084
Harrisburg,5-Day,5.0,2000-02-10,4.56490147141568,0.19560721492992936,0.1641903737802505
Harrisburg,5-Day,5.0,2000-02-11,4.560838071638915,0.19584360306670473,0.17581586402043733
Harrisburg,5-Day,5.0,2000-02-12,4.556764468950857,0.19603180084345975,0.18801690546066
Harrisburg,5-Day,5.0,2000-02-13,4.552691143121364,0.19616280762110083,0.2008707214693744
Harrisburg,5-Day,5.0,2000-02-14,4.548630869645281,0.19620488737013292,0.21472255609372382
Harrisburg,5-Day,5.0,2000-02-15,4.544598025641037,0.1961156090975465,0.22821306941451025
Harrisburg,5-Day,5.0,2000-02-16,4.540605344564321,0.19563874157938535,0.22607845513406205
Harrisburg,5-Day,5.0,2000-02-17,4.536662411443908,0.19524352306551285,0.22378559422523658
Harrisburg,5-Day,5.0,2000-02-18,4.53277708547984,0.1947008910414804,0.21987576364115302
Harrisburg,5-Day,5.0,2000-02-19,4.528955981385043,0.19404907403930555,0.21468499640497826
Harrisburg,5-Day,5.0,2000-02-20,4.525206802408175,0.1933518306463267,0.2088576423573679
Harrisburg,5-Day,5.0,2000-02-21,4.521537590476857,0.19267223960968752,0.20308970475733892
Harrisburg,5-Day,5.0,2000-02-22,4.517954410476498,0.19203817714862617,0.19746432135444458
Harrisburg,5-Day,5.0,2000-02-23,4.514460462041732,0.19144403697238727,0.19161653885235097
Harrisburg,5-Day,5.0,2000-02-24,4.511055301828127,0.19087986849388397,0.1851201282399198
Harrisburg,5-Day,5.0,2000-02-25,4.507737338458443,0.1903319912050575,0.1776435178501531
Harrisburg,5-Day,5.0,2000-02-26,4.504504635361192,0.18978734821325755,0.169174545074881
Harrisburg,5-Day,5.0,2000-02-27,4.501355199018132,0.18925288195785342,0.16011685554383584
Harrisburg,5-Day,5.0,2000-02-28,4.498284995020279,0.18874923599161403,0.15104297247331672
Harrisburg,5-Day,5.0,2000-03-01,4.492352344578573,0.18782893424698494,0.13235599444394605
Harrisburg,5-Day,5.0,2000-03-02,4.48947788387567,0.18738134695466924,0.12175225271755714
Harrisburg,5-Day,5.0,2000-03-03,4.486659306031498,0.18692523951558615,0.10964763114000134
Harrisburg,5-Day,5.0,2000-03-04,4.483893488968701,0.18646731910495973,0.0961631624445535
Harrisburg,5-Day,5.0,2000-03-05,4.481178596770736,0.18601962446667233,0.08187612959442438
Harrisburg,5-Day,5.0,2000-03-06,4.47851496372708,0.18560105588640888,0.06778262805769737
Harrisburg,5-Day,5.0,2000-03-07,4.475904937916976,0.1852309631454361,0.05492761716060427
Harrisburg,5-Day,5.0,2000-03-08,4.47335357786145,0.18490501001318355,0.04390380695647025
Harrisburg,5-Day,5.0,2000-03-09,4.470865061636074,0.18459620092300386,0.0350498384090859
Harrisburg,5-Day,5.0,2000-03-10,4.468436149858471,0.18427384810649364,0.028815746589154936
Harrisburg,5-Day,5.0,2000-03-11,4.466051153708265,0.18391887401620682,0.025395519267114697
Harrisburg,5-Day,5.0,2000-03-12,4.46368271145519,0.18352201182712874,0.024477771519257095
Harrisburg,5-Day,5.0,2000-03-13,4.461294237192117,0.18307931976689412,0.025384933312909877
Harrisburg,5-Day,5.0,2000-03-14,4.458843654429355,0.18263837431160396,0.02528338022756546
Harrisburg,5-Day,5.0,2000-03-15,4.456294744781398,0.18215095669072154,0.030373827689635178
Harrisburg,5-Day,5.0,2000-03-16,4.453623343180991,0.1816242665911814,0.03596991632521655
Harrisburg,5-Day,5.0,2000-03-17,4.4508168818031315,0.18105459180693179,0.041725988976699754
Harrisburg,5-Day,5.0,2000-03-18,4.4478713678873,0.18043858878958738,0.047145021697780454
Harrisburg,5-Day,5.0,2000-03-19,4.444785850801003,0.1797990341969607,0.05226117012405904
Harrisburg,5-Day,5.0,2000-03-20,4.4415565360035725,0.1791792476597053,0.05779996599773078
Harrisburg,5-Day,5.0,2000-03-21,4.438174131344658,0.1786136550496183,0.06460454361099156
Harrisburg,5-Day,5.0,2000-03-22,4.434634126968855,0.17812297935717053,0.07321036182098856
Harrisburg,5-Day,5.0,2000-03-23,4.43093955747804,0.1776980685363488,0.08327651394752184
Harrisburg,5-Day,5.0,2000-03-24,4.427099030791368,0.17728037922471168,0.09348071640485064
Harrisburg,5-Day,5.0,2000-03-25,4.4231236021156874,0.17679435620323383,0.10241832625360496
Harrisburg,5-Day,5.0,2000-03-26,4.419025878362264,0.1761838728378464,0.10927280426197983
Harrisburg,5-Day,5.0,2000-03-27,4.41482097856272,0.17542958083238477,0.1139394697696826
Harrisburg,5-Day,5.0,2000-03-28,4.410526504863755,0.17454449353218252,0.11703610902822036
Harrisburg,5-Day,5.0,2000-03-29,4.406159419901101,0.17357404881236743,0.11972064735416862
Harrisburg,5-Day,5.0,2000-03-30,4.401731873892298,0.17258574030256624,0.12325356347993985
Harrisburg,5-Day,5.0,2000-03-31,4.397248817505971,0.1716548187163166,0.12869779787167973
Harrisburg,5-Day,5.0,2000-04-01,4.392711481256192,0.17083117914901216,0.1363694879440379
Harrisburg,5-Day,5.0,2000-04-02,4.388121972201667,0.17013813240184622,0.14600899654656896
Harrisburg,5-Day,5.0,2000-04-03,4.383482377256261,0.16958206672469378,0.15712136931134071
Harrisburg,5-Day,5.0,2000-04-04,4.378791783816524,0.16914502693682218,0.16899165371768887
Harrisburg,5-Day,5.0,2000-04-05,4.374048620931216,0.16881979752891668,0.18112065922852386
Harrisburg,5-Day,5.0,2000-04-06,4.369254781889824,0.1686174362841284,0.1928629146005747
Harrisburg,5-Day,5.0,2000-04-07,4.364418739379277,0.16854488057495867,0.20290428532755891
Harrisburg,5-Day,5.0,2000-04-08,4.3595541600134595,0.1685964281500413,0.20953363903964084
Harrisburg,5-Day,5.0,2000-04-09,4.354675415077236,0.16876632028726812,0.2113737655416609
Harrisburg,5-Day,5.0,2000-04-10,4.349798038181007,0.16907173187305374,0.20784956522400344
Harrisburg,5-Day,5.0,2000-04-11,4.344937490834979,0.16954628480782652,0.19946921928049394
Harrisburg,5-Day,5.0,2000-04-12,4.340102494292707,0.1702256428682465,0.18770153269667267
Harrisburg,5-Day,5.0,2000-04-13,4.335293546183827,0.1711220027688109,0.17430106352446528
Harrisburg,5-Day,5.0,2000-04-14,4.330506903347348,0.17223515941418946,0.16074161192915568
Harrisburg,5-Day,5.0,2000-04-15,4.325738541985873,0.17354536420533592,0.14763852711327508
Harrisburg,5-Day,5.0,2000-04-16,4.320984530372642,0.17500351478240617,0.13484222399492718
Harrisburg,5-Day,5.0,2000-04-17,4.31624065199629,0.17655073029814874,0.1220690008769364
Harrisburg,5-Day,5.0,2000-04-18,4.311503655455153,0.17814567723808655,0.1088412848613516
Harrisburg,5-Day,5.0,2000-04-19,4.306772019226821,0.1797423971033205,0.0947863743286933
Harrisburg,5-Day,5.0,2000-04-20,4.3020435121603064,0.18128548553241036,0.0800015873080455
Harrisburg,5-Day,5.0,2000-04-21,4.297312523643843,0.1827320646812364,0.06534993697175044
Harrisburg,5-Day,5.0,2000-04-22,4.292571382921998,0.18407349265475045,0.05246659953284926
Harrisburg,5-Day,5.0,2000-04-23,4.2878131688751235,0.18532454317340577,0.04322598154039433
Harrisburg,5-Day,5.0,2000-04-24,4.2830344975385595,0.18650559387646662,0.03866063858168585
Harrisburg,5-Day,5.0,2000-04-25,4.278235358586066,0.18764529875296843,0.038547150382680376
Harrisburg,5-Day,5.0,2000-04-26,4.27341725286216,0.18879142973592056,0.04203381789273653
Harrisburg,5-Day,5.0,2000-04-27,4.268581259909651,0.1899849656102801,0.04599623739269445
Harrisburg,5-Day,5.0,2000-04-28,4.263721391620856,0.1912259495752093,0.04944689426774552
Harrisburg,5-Day,5.0,2000-04-29,4.25884616419515,0.19248320667359756,0.052720945607379624
Harrisburg,5-Day,5.0,2000-04-30,4.253961496119064,0.19371616890224197,0.05626379004922198
Harrisburg,5-Day,5.0,2000-05-01,4.249070677797647,0.19489354362439262,0.06041602654882075
Harrisburg,5-Day,5.0,2000-05-02,4.244175867426066,0.19600042206003174,0.06533118340856577
Harrisburg,5-Day,5.0,2000-05-03,4.239278758420265,0.19701363118962184,0.05223785967663942
Harrisburg,5-Day,5.0,2000-05-04,4.23438070235163,0.1980265794857277,0.03492679027996779
Harrisburg,5-Day,5.0,2000-05-05,4.229482731094794,0.19903428554511451,0.017859614441211438
Harrisburg,5-Day,5.0,2000-05-06,4.224585608532883,0.20003853327658871,0.0008105197922646263
Harrisburg,5-Day,5.0,2000-05-07,4.219689860578678,0.20104236885837976,-0.016484197628737762
Harrisburg,5-Day,5.0,2000-05-08,4.2147957001595,0.20204854639034056,-0.03418483763579471
Harrisburg,5-Day,5.0,2000-05-09,4.209902969387225,0.2030583485647866,-0.05240807058727275
Harrisburg,5-Day,5.0,2000-05-10,4.205011233042287,0.20407176118083298,-0.07125162707027946
Harrisburg,5-Day,5.0,2000-05-11,4.20011996639787,0.20508885846844785,-0.09078485443670989
Harrisburg,5-Day,5.0,2000-05-12,4.195228630987609,0.20611029650018767,-0.1110356369885488
Harrisburg,5-Day,5.0,2000-05-13,4.190336642795996,0.20713656128487898,-0.1319918365781029
Harrisburg,5-Day,5.0,2000-05-14,4.185443360622284,0.20816731592177967,-0.1536085357805287
Harrisburg,5-Day,5.0,2000-05-15,4.1805482479164775,0.20920184719064666,-0.17582033082386933
Salem,1-Day,1.0,2000-01-01,5.148100875939906,0.19062621116952097,-0.19138695744048334
Salem,1-Day,1.0,2000-01-02,5.14447009387774,0.19047047059585875,-0.1761173544751728
Salem,1-Day,1.0,2000-01-03,5.140822582561085,0.19032161741260498,-0.16086190955554125
Salem,1-Day,1.0,2000-01-04,5.137158097699297,0.19018093404435157,-0.14563417482077515
Salem,1-Day,1.0,2000-01-05,5.1334768467726954,0.19005020670903766,-0.1304552444861638
Salem,1-Day,1.0,2000-01-06,5.129779513193378,0.18993126763139112,-0.11534900748338978
Salem,1-Day,1.0,2000-01-07,5.126067300889279,0.18982605537590172,-0.10034297868364389
Salem,1-Day,1.0,2000-01-08,5.122341881530361,0.1897368558732456,-0.08547078417441316
Salem,1-Day,1.0,2000-01-09,5.1186052946320215,0.18966651492785003,-0.07077424280422084
Salem,1-Day,1.0,2000-01-10,5.114859781939547,0.18961838533725228,-0.05630230171064531
Salem,1-Day,1.0,2000-01-11,5.111107658530543,0.1895959512905765,-0.04210643227372615
Salem,1-Day,1.0,2000-01-12,5.107351279688487,0.18960191904795748,-0.02823017638115621
Salem,1-Day,1.0,2000-01-13,5.103593069616121,0.18963782289483988,-0.014704447840447714
Salem,1-Day,1.0,2000-01-14,5.099835563405255,0.18970890909031443,-0.0016030751121836279
Salem,1-Day,1.0,2000-01-15,5.096081394748223,0.19042733794808642,0.004055986322830353
Salem,1-Day,1.0,2000-01-16,5.09233323992288,0.191362571988073,0.007181640413392612
Salem,1-Day,1.0,2000-01-17,5.088593381510984,0.19246178351366325,0.008390756010802773
Salem,1-Day,1.0,2000-01-18,5.084861678681919,0.19367447149338468,0.00828107302619871
Salem,1-Day,1.0,2000-01-19,5.081128105147378,0.194332960271811,0.007142503248223237
Salem,1-Day,1.0,2000-01-20,5.077353349807229,0.19448467053015867,0.00492101497923163
Salem,1-Day,1.0,2000-01-21,5.073278716256324,0.19462764845701422,0.0014286761648963633
Salem,1-Day,1.0,2000-01-22,5.069117047296894,0.1947518099481707,-0.003369034624419337
Salem,1-Day,1.0,2000-01-23,5.064869988962809,0.19484272403984002,-0.009254285238135821
Salem,1-Day,1.0,2000-01-24,5.06054540235562,0.1948894624401189,-0.01584527087089734
Salem,1-Day,1.0,2000-01-25,5.056157598164969,0.19488818367697347,-0.022665374679656788
Salem,1-Day,1.0,2000-01-26,5.051726104631374,0.19484292084018248,-0.028972105122206767
Salem,1-Day,1.0,2000-01-27,5.047272467907993,0.19476850411821642,-0.03365263600416569
Salem,1-Day,1.0,2000-01-28,5.042816409596101,0.19468713933160964,-0.03558617088993679
Salem,1-Day,1.0,2000-01-29,5.038373863449631,0.19462667300687572,-0.033932305005532154
Salem,1-Day,1.0,2000-01-30,5.03395665131618,0.19461944280054957,-0.02856731350762497
Salem,1-Day,1.0,2000-01-31,5.029572517512812,0.19469744139085265,-0.020467237977343223
Salem,1-Day,1.0,2000-02-01,5.025224801625835,0.19486728133958436,-0.011431074763350866
Salem,1-Day,1.0,2000-02-02,5.02091094707375,0.19509546491780017,-0.003104439662110452
Salem,1-Day,1.0,2000-02-03,5.016621536916788,0.19532949696393645,0.0038081717372295786
Salem,1-Day,1.0,2000-02-04,5.012342252010428,0.19552873588094866,0.009549142998597228
Salem,1-Day,1.0,2000-02-05,5.0080566019217425,0.1956738494358986,0.014491519246732688
Salem,1-Day,1.0,2000-02-06,5.003748659689038,0.19576328844987395,0.01870488297717462
Salem,1-Day,1.0,2000-02-07,4.999405104954053,0.1958067684204407,0.02170146548124626
Salem,1-Day,1.0,2000-02-08,4.995016691432326,0.19582028539752502,0.02288145528444176
Salem,1-Day,1.0,2000-02-09,4.990579030715765,0.1958231624972625,0.022187589304626276
Salem,1-Day,1.0,2000-02-10,4.986093118327637,0.19583513745192643,0.020271638907287427
Salem,1-Day,1.0,2000-02-11,4.981565789414219,0.1958656153351917,0.017855186881624227
Salem,1-Day,1.0,2000-02-12,4.97700584772381,0.19590586380146421,0.0151620972099919
Salem,1-Day,1.0,2000-02-13,4.972422370530422,0.19592900492226703,0.01180253964380363
Salem,1-Day,1.0,2000-02-14,4.967823991744912,0.19590548376241335,0.007227449201047821
Salem,1-Day,1.0,2000-02-15,4.963218899734629,0.1958133640176083,0.0017033300731538147
Salem,1-Day,1.0,2000-02-16,4.958616164839845,0.1956065101472583,0.001347295213586976
Salem,1-Day,1.0,2000-02-17,4.95402731473552,0.19538273662453948,-0.002609604383124437
Salem,1-Day,1.0,2000-02-18,4.949464378434432,0.19509313200224837,-0.005438366810667034
Salem,1-Day,1.0,2000-02-19,4.9449379068756105,0.19475853454702874,-0.006962158734814751
Salem,1-Day,1.0,2000-02-20,4.940456044103851,0.19440425957515103,-0.007330087467405114
Salem,1-Day,1.0,2000-02-21,4.9360239719028955,0.19405186143133316,-0.006624218412445594
Salem,1-Day,1.0,2000-02-22,4.931643389959532,0.19371551102914028,-0.004750708969552056
Salem,1-Day,1.0,2000-02-23,4.927313263376495,0.1934018576783138,-0.0014794610840043556
Salem,1-Day,1.0,2000-02-24,4.923031898977722,0.1931090613169793,0.003224775287644575
Salem,1-Day,1.0,2000-02-25,4.91879917873958,0.19282853158658309,0.008996254431010162
Salem,1-Day,1.0,2000-02-26,4.914616986048602,0.1925480175314908,0.01527933982460775
Salem,1-Day,1.0,2000-02-27,4.910489000301019,0.19225779481743746,0.021649173752484083
Salem,1-Day,1.0,2000-02-28,4.906419582685853,0.19195241627174656,0.027875594493224215
Salem,1-Day,1.0,2000-03-01,4.8984609143054785,0.19130183748923138,0.039728648437662606
Salem,1-Day,1.0,2000-03-02,4.894562062804932,0.19096042293713586,0.045326195257817475
Salem,1-Day,1.0,2000-03-03,4.890705879635202,0.1906188439649459,0.05075549895098321
Salem,1-Day,1.0,2000-03-04,4.88688513122154,0.19029389970895877,0.05622512609645812
Salem,1-Day,1.0,2000-03-05,4.883094779406788,0.1900060508558573,0.062083445216463015
Salem,1-Day,1.0,2000-03-06,4.879332411009163,0.18977481505159582,0.0687684769852224
Salem,1-Day,1.0,2000-03-07,4.875598512926096,0.18961214658184902,0.0767643839969452
Salem,1-Day,1.0,2000-03-08,4.871892955939055,0.18952284855399482,0.0865391708502414
Salem,1-Day,1.0,2000-03-09,4.86821284241916,0.18950469575588708,0.09840127982231252
Salem,1-Day,1.0,2000-03-10,4.864549211583147,0.1895486804824916,0.11134966236786588
Salem,1-Day,1.0,2000-03-11,4.86088428194995,0.18963638278997888,0.12376315919013672
Salem,1-Day,1.0,2000-03-12,4.857193517586296,0.18974522187488294,0.13599728391554458
Salem,1-Day,1.0,2000-03-13,4.853449481205304,0.1898602599037882,0.1483300840285806
Salem,1-Day,1.0,2000-03-14,4.84962538062283,0.18990406347083874,0.16179932912881773
Salem,1-Day,1.0,2000-03-15,4.845698399526575,0.19005120230444197,0.1743682898026197
Salem,1-Day,1.0,2000-03-16,4.841652807796917,0.1902119677845736,0.18717691207054316
Salem,1-Day,1.0,2000-03-17,4.837481189354294,0.19039877532023539,0.20009601662564652
Salem,1-Day,1.0,2000-03-18,4.833182823407183,0.19062652923167916,0.21293864334014145
Salem,1-Day,1.0,2000-03-19,4.828760429597657,0.1909043809585495,0.22557391796568313
Salem,1-Day,1.0,2000-03-20,4.8242128976415675,0.19123423289091798,0.23797376724886868
Salem,1-Day,1.0,2000-03-21,4.8195315376165615,0.19161266640657856,0.2502039264886221
Salem,1-Day,1.0,2000-03-22,4.814709767513791,0.1920283835815336,0.2624215408907735
Salem,1-Day,1.0,2000-03-23,4.8097450314296815,0.19245438118894034,0.27496748455609576
Salem,1-Day,1.0,2000-03-24,4.804639113133856,0.19282868033433279,0.2886103600534843
Salem,1-Day,1.0,2000-03-25,4.799398553377747,0.19308731930681397,0.3041384770059275
Salem,1-Day,1.0,2000-03-26,4.794034187707321,0.19321868559747804,0.32167949229244236
Salem,1-Day,1.0,2000-03-27,4.788560976008575,0.19325789807305147,0.3312378418288398
Salem,1-Day,1.0,2000-03-28,4.782998357006063,0.19324877251771466,0.3310283599052805
Salem,1-Day,1.0,2000-03-29,4.777368076757444,0.19319916574658025,0.32880099700948184
Salem,1-Day,1.0,2000-03-30,4.7716902332466935,0.19303140987154827,0.3256904208870316
Salem,1-Day,1.0,2000-03-31,4.765978813076843,0.19263049271848715,0.32276839411892316
Salem,1-Day,1.0,2000-04-01,4.760241102803324,0.1920256723143106,0.3207119089566676
Salem,1-Day,1.0,2000-04-02,4.754479788865573,0.19147402985921538,0.31975928949410093
Salem,1-Day,1.0,2000-04-03,4.748693067590045,0.19117323122007726,0.3197986476632015
Salem,1-Day,1.0,2000-04-04,4.7428760042445655,0.1910846353005189,0.3204905645565491
Salem,1-Day,1.0,2000-04-05,4.737022009532792,0.19105518737591207,0.321429172970411
Salem,1-Day,1.0,2000-04-06,4.731125722562173,0.19092624520400645,0.3223563598391174
Salem,1-Day,1.0,2000-04-07,4.725186263527787,0.19055774480400345,0.3230309109503415
Salem,1-Day,1.0,2000-04-08,4.71920839140173,0.18997244745591788,0.32291711912800924
Salem,1-Day,1.0,2000-04-09,4.713200059123025,0.1895004666960767,0.3212867983333886
Salem,1-Day,1.0,2000-04-10,4.707169570753223,0.18938184673239744,0.3175495237642141
Salem,1-Day,1.0,2000-04-11,4.701124226474921,0.18950372730115178,0.3113740346501208
Salem,1-Day,1.0,2000-04-12,4.695070478840463,0.18970315585609532,0.30268352776528645
Salem,1-Day,1.0,2000-04-13,4.689014385119866,0.18993622835511026,0.2916020967086801
Salem,1-Day,1.0,2000-04-14,4.682960845865596,0.19024859454067283,0.2783507456794425
Salem,1-Day,1.0,2000-04-15,4.6769130445332685,0.19070836862935608,0.2633205307930014
Salem,1-Day,1.0,2000-04-16,4.670873461359745,0.19134900707946,0.24712999280711737
Salem,1-Day,1.0,2000-04-17,4.664844083076529,0.192132573588878,0.23037188712960371
Salem,1-Day,1.0,2000-04-18,4.658826234379988,0.1929817251586557,0.21355121979948927
Salem,1-Day,1.0,2000-04-19,4.652820217649579,0.19385963906386738,0.19664355950105494
Salem,1-Day,1.0,2000-04-20,4.646824615989813,0.19474410911239604,0.17918788762196106
Salem,1-Day,1.0,2000-04-21,4.640834991995452,0.19561487238461067,0.16075933281005245
Salem,1-Day,1.0,2000-04-22,4.634843072601363,0.19646279833753677,0.1414098624963142
Salem,1-Day,1.0,2000-04-23,4.628838414982464,0.19729739909953406,0.12175206639736937
Salem,1-Day,1.0,2000-04-24,4.622811358154991,0.19814581883741395,0.10275991460832477
Salem,1-Day,1.0,2000-04-25,4.616755358729059,0.19904808944888605,0.0852470320014434
Salem,1-Day,1.0,2000-04-26,4.610667379261971,0.20004242693804575,0.06950547721979075
Salem,1-Day,1.0,2000-04-27,4.604532879321579,0.20115089768175606,0.05544188533632208
Salem,1-Day,1.0,2000-04-28,4.598364606680807,0.20237240456329464,0.042831170769522184
Salem,1-Day,1.0,2000-04-29,4.5921777038530776,0.20368469233847988,0.031421989300079306
Salem,1-Day,1.0,2000-04-30,4.585981358534229,0.20505116308777327,0.020783352349132037
Salem,1-Day,1.0,2000-05-01,4.579780730706154,0.2064376041026668,0.010196780947616325
Salem,1-Day,1.0,2000-05-02,4.573578927059086,0.2078210036693772,-0.00126181444589815
Salem,1-Day,1.0,2000-05-03,4.56737791014915,0.2092202748622004,-0.017990522662947896
Salem,1-Day,1.0,2000-05-04,4.561178916770287,0.2106157874683506,-0.03544036760282483
Salem,1-Day,1.0,2000-05-05,4.554982647070788,0.2120114378973249,-0.053025609617418576
Salem,1-Day,1.0,2000-05-06,4.548789353400433,0.213410002890192,-0.07073583218699697
Salem,1-Day,1.0,2000-05-07,4.542598893180211,0.21481212415676273,-0.08862697133634406
Salem,1-Day,1.0,2000-05-08,4.536410792848646,0.2162176529463405,-0.10673273490524136
Salem,1-Day,1.0,2000-05-09,4.530224339523173,0.21762646561721352,-0.125064887959428
Salem,1-Day,1.0,2000-05-10,4.524038651835588,0.21903835516782305,-0.14362977991602932
Salem,1-Day,1.0,2000-05-11,4.517852811821989,0.22045264477490578,-0.16243578787141208
Salem,1-Day,1.0,2000-05-12,4.511665966724334,0.22186863545663962,-0.18149329506405582
Salem,1-Day,1.0,2000-05-13,4.505477363273579,0.22328607844809636,-0.20080255228509625
Salem,1-Day,1.0,2000-05-14,4.499286351845069,0.22470450303423922,-0.220347016925531
Salem,1-Day,1.0,2000-05-15,4.493092407936945,0.22612329674057585,-0.2400957113603016
Salem,5-Day,5.0,2000-01-01,5.0710132075743335,0.18139998357257325,-0.33613584746804354
Salem,5-Day,5.0,2000-01-02,5.067443503718955,0.18132265767931066,-0.3209569906289555
Salem,5-Day,5.0,2000-01-03,5.063857014153888,0.18120986772737535,-0.30535701014511996
Salem,5-Day,5.0,2000-01-04,5.060253336070164,0.18106322922953808,-0.2893436763755411
Salem,5-Day,5.0,2000-01-05,5.0566324797292115,0.18088703479003193,-0.27295528902241395
Salem,5-Day,5.0,2000-01-06,5.052994914881449,0.18068635907379288,-0.2562412926525983
Salem,5-Day,5.0,2000-01-07,5.049341643942719,0.18046534432181935,-0.23924420189497356
Salem,5-Day,5.0,2000-01-08,5.045674241043668,0.18022701204835867,-0.22199743661135385
Salem,5-Day,5.0,2000-01-09,5.041994746529149,0.17997329413405366,-0.20452487793975327
Salem,5-Day,5.0,2000-01-10,5.038305409609351,0.17970513614752254,-0.18684059976234446
Salem,5-Day,5.0,2000-01-11,5.034608536730154,0.17942162659026276,-0.1689379941061061
Salem,5-Day,5.0,2000-01-12,5.030906477693739,0.17911523645592703,-0.15073443005958287
Salem,5-Day,5.0,2000-01-13,5.0272017062073955,0.1787546538502708,-0.13187017052811903
Salem,5-Day,5.0,2000-01-14,5.0234969143552375,0.1782441374384012,-0.11122104426509273
Salem,5-Day,5.0,2000-01-15,5.019795020121274,0.17798159168203664,-0.09342814077737448
Salem,5-Day,5.0,2000-01-16,5.016099056990112,0.17800473566542654,-0.07901939446414549
Salem,5-Day,5.0,2000-01-17,5.012411687783874,0.17828816651474402,-0.06775726164303394
Salem,5-Day,5.0,2000-01-18,5.008733061950708,0.1787540917310461,-0.05874384770606756
Salem,5-Day,5.0,2000-01-19,5.005053095560987,0.17932614053954973,-0.05103851673634573
Salem,5-Day,5.0,2000-01-20,5.001331566855567,0.1799867758656867,-0.044274568744606266
Salem,5-Day,5.0,2000-01-21,4.997314447223588,0.1808346327413089,-0.03862660748829953
Salem,5-Day,5.0,2000-01-22,4.9932030771639475,0.18184741402375243,-0.03461155900952261
Salem,5-Day,5.0,2000-01-23,4.988996979954481,0.18307580957653521,-0.03280280302556958
Salem,5-Day,5.0,2000-01-24,4.9847027168127065,0.18454994990483545,-0.03353624507766246
Salem,5-Day,5.0,2000-01-25,4.980333244197203,0.18626680162272313,-0.036763218048800894
Salem,5-Day,5.0,2000-01-26,4.975907015709068,0.18818592911085175,-0.0420156045598999
Salem,5-Day,5.0,2000-01-27,4.971445070295648,0.19022003341553045,-0.04831939382414163
Salem,5-Day,5.0,2000-01-28,4.966966284529089,0.19222728423639945,-0.054134709639291824
Salem,5-Day,5.0,2000-01-29,4.962485497822155,0.19270206909693285,-0.057531893688984634
Salem,5-Day,5.0,2000-01-30,4.958016110112899,0.19261572344282624,-0.05681579896178828
Salem,5-Day,5.0,2000-01-31,4.953571428357318,0.1926273138482675,-0.05132734476262196
Salem,5-Day,5.0,2000-02-01,4.949164091290195,0.19277381214724454,-0.04162813447041906
Salem,5-Day,5.0,2000-02-02,4.94480318662997,0.19304483763935676,-0.0291257022262514
Salem,5-Day,5.0,2000-02-03,4.940491161294079,0.19325310397082934,-0.015748762072952917
Salem,5-Day,5.0,2000-02-04,4.936222531939681,0.19351373208911277,-0.0031586237460158127
Salem,5-Day,5.0,2000-02-05,4.931985256492528,0.19392116430922574,0.007624214580056419
Salem,5-Day,5.0,2000-02-06,4.927763362928187,0.19428759932239692,0.016191507375744155
Salem,5-Day,5.0,2000-02-07,4.9235400948633945,0.19442528819948104,0.022572851494462108
Salem,5-Day,5.0,2000-02-08,4.919301304281303,0.19448378920978093,0.027181179599317106
Salem,5-Day,5.0,2000-02-09,4.9150363647224244,0.1944983243591694,0.0307669890707753
Salem,5-Day,5.0,2000-02-10,4.91073913246694,0.1945035561659429,0.034006167343583124
Salem,5-Day,5.0,2000-02-11,4.906410407647867,0.19451735938106796,0.037041064766244136
Salem,5-Day,5.0,2000-02-12,4.902055252150248,0.19453587351796364,0.03946514209383507
Salem,5-Day,5.0,2000-02-13,4.897681632533621,0.1945407256152434,0.0408280493445725
Salem,5-Day,5.0,2000-02-14,4.893298499659992,0.19450717695450098,0.04089076882685239
Salem,5-Day,5.0,2000-02-15,4.8889134024507905,0.1944098330462964,0.039544559870416544
Salem,5-Day,5.0,2000-02-16,4.88453279963932,0.19415036373541505,0.040066324641828015
Salem,5-Day,5.0,2000-02-17,4.880164416817374,0.19389866362910083,0.038463544083181186
Salem,5-Day,5.0,2000-02-18,4.87581703329729,0.19354410455467655,0.036437734431103916
Salem,5-Day,5.0,2000-02-19,4.871497991859568,0.19309445549610965,0.035072920956734914
Salem,5-Day,5.0,2000-02-20,4.867213460416749,0.19257279517025683,0.03510961789637296
Salem,5-Day,5.0,2000-02-21,4.862970815339729,0.19201170060317108,0.036766384796688575
Salem,5-Day,5.0,2000-02-22,4.858779189295947,0.1914423938867592,0.03996071359950004
Salem,5-Day,5.0,2000-02-23,4.854646270646153,0.19088528403558563,0.04454217107606688
Salem,5-Day,5.0,2000-02-24,4.8505762977815605,0.19034779885222233,0.05039625658882571
Salem,5-Day,5.0,2000-02-25,4.846571160287989,0.18982820511992488,0.057355771308561544
Salem,5-Day,5.0,2000-02-26,4.842631641253865,0.18932027253723901,0.06506433430873731
Salem,5-Day,5.0,2000-02-27,4.838757398222003,0.18881921832172704,0.07297136575236249
Salem,5-Day,5.0,2000-02-28,4.8349473187053675,0.18832448555354298,0.0804798274096962
Salem,5-Day,5.0,2000-03-01,4.8275088114740905,0.18736712843494865,0.09305754464524074
Salem,5-Day,5.0,2000-03-02,4.8238695530233215,0.18689669343724064,0.09785776992379955
Salem,5-Day,5.0,2000-03-03,4.8202748327797345,0.18642783075187425,0.10163284576338712
Salem,5-Day,5.0,2000-03-04,4.8167197280217735,0.1859698353263405,0.10442711924787552
Salem,5-Day,5.0,2000-03-05,4.813201607184091,0.18553865073419223,0.10635069680848966
Salem,5-Day,5.0,2000-03-06,4.80972173719888,0.1851565615480523,0.10773875162221933
Salem,5-Day,5.0,2000-03-07,4.8062864202557884,0.18484925095668805,0.10929560988309049
Salem,5-Day,5.0,2000-03-08,4.802903250046676,0.18464017645497618,0.11197019113386565
Salem,5-Day,5.0,2000-03-09,4.799578032714039,0.1845369550488435,0.11656108735694182
Salem,5-Day,5.0,2000-03-10,4.796312599869084,0.18452692988427205,0.12344566847816765
Salem,5-Day,5.0,2000-03-11,4.793099634186667,0.18457934670735965,0.1324692539318227
Salem,5-Day,5.0,2000-03-12,4.7899194678245856,0.18465327574686888,0.14303998729016906
Salem,5-Day,5.0,2000-03-13,4.786740691601844,0.18471460790701102,0.154246200996327
Salem,5-Day,5.0,2000-03-14,4.783524843655114,0.1847504484810573,0.16351290261917248
Salem,5-Day,5.0,2000-03-15,4.780232255166156,0.18477511437572963,0.1755841983467191
Salem,5-Day,5.0,2000-03-16,4.7768275089750265,0.18475769280744478,0.18749091790737757
Salem,5-Day,5.0,2000-03-17,4.773284002643211,0.18471113642611062,0.19861275703794692
Salem,5-Day,5.0,2000-03-18,4.769586160079972,0.18466044474598858,0.2094252823704781
Salem,5-Day,5.0,2000-03-19,4.765730444808431,0.18463214069701106,0.2203774790777034
Salem,5-Day,5.0,2000-03-20,4.761717302223436,0.18464456053956632,0.23198790634748126
Salem,5-Day,5.0,2000-03-21,4.757542191776126,0.18470774397520695,0.24480128369979232
Salem,5-Day,5.0,2000-03-22,4.753200775668844,0.18482356668657623,0.2589584341845191
Salem,5-Day,5.0,2000-03-23,4.74868958960087,0.18498074510543897,0.2738058173167132
Salem,5-Day,5.0,2000-03-24,4.744008208945784,0.18514096146890774,0.2892183782189992
Salem,5-Day,5.0,2000-03-25,4.739161557968903,0.18521189745010855,0.30343167395820947
Salem,5-Day,5.0,2000-03-26,4.734159957048746,0.18510275614478128,0.3149116454027345
Salem,5-Day,5.0,2000-03-27,4.7290184193511315,0.1847701832458036,0.3228303355197594
Salem,5-Day,5.0,2000-03-28,4.723756522223661,0.1842053548697463,0.32698151758980293
Salem,5-Day,5.0,2000-03-29,4.718397182345333,0.1834262138515032,0.3280920754696065
Salem,5-Day,5.0,2000-03-30,4.7129639159162675,0.1824982109011221,0.32756647582539705
Salem,5-Day,5.0,2000-03-31,4.707476195553992,0.18152932534762428,0.32700316629255616
Salem,5-Day,5.0,2000-04-01,4.701946105183293,0.1806230325419238,0.3277599451306894
Salem,5-Day,5.0,2000-04-02,4.696378856893873,0.17984355020020504,0.33049870405691784
Salem,5-Day,5.0,2000-04-03,4.690774273462074,0.17920925723011427,0.3351364864761365
Salem,5-Day,5.0,2000-04-04,4.685129034454147,0.17868057452226602,0.34103756346459874
Salem,5-Day,5.0,2000-04-05,4.67943734285719,0.17816572591890295,0.347212992666844
Salem,5-Day,5.0,2000-04-06,4.673693259105774,0.17756295910495906,0.3528443447229781
Salem,5-Day,5.0,2000-04-07,4.667896200658253,0.17680381641543097,0.35764404807845185
Salem,5-Day,5.0,2000-04-08,4.66205432207303,0.17591497043295395,0.3617237930768979
Salem,5-Day,5.0,2000-04-09,4.656181573111658,0.175128137609409,0.36496295460544004
Salem,5-Day,5.0,2000-04-10,4.650293245509833,0.1747424232924391,0.36649985685174585
Salem,5-Day,5.0,2000-04-11,4.6444032153795884,0.17479757644022179,0.36492493247537033
Salem,5-Day,5.0,2000-04-12,4.638521945725696,0.1750954274246989,0.35946301433960476
Salem,5-Day,5.0,2000-04-13,4.632656042443487,0.17546599219532344,0.3506764784398428
Salem,5-Day,5.0,2000-04-14,4.626809209675316,0.17588296662258232,0.33994076858636973
Salem,5-Day,5.0,2000-04-15,4.620983778806119,0.17639490766196778,0.3286572821175402
Salem,5-Day,5.0,2000-04-16,4.615182788193381,0.17704218186477866,0.31763348842811123
Salem,5-Day,5.0,2000-04-17,4.609410334453105,0.17782184403636309,0.3066821405033833
Salem,5-Day,5.0,2000-04-18,4.603670343325695,0.17868656556572865,0.2952094465366328
Salem,5-Day,5.0,2000-04-19,4.597964961121889,0.1795862976053094,0.2828750092530204
Salem,5-Day,5.0,2000-04-20,4.592293002122059,0.1804822196445043,0.2692160055496047
Salem,5-Day,5.0,2000-04-21,4.58664769727841,0.18133836944312184,0.25344594657395375
Salem,5-Day,5.0,2000-04-22,4.581017231261835,0.1821384876721035,0.23519400004288837
Salem,5-Day,5.0,2000-04-23,4.575388214948738,0.18289583207045093,0.21511237429161723
Salem,5-Day,5.0,2000-04-24,4.5697488783521845,0.18364414294662035,0.19505626152752856
Salem,5-Day,5.0,2000-04-25,4.564090824511537,0.18443037782148416,0.17709361892458955
Salem,5-Day,5.0,2000-04-26,4.558409037295343,0.18530491011018577,0.1619551689355326
Salem,5-Day,5.0,2000-04-27,4.5527168047021505,0.18630585780866826,0.1490694250701782
Salem,5-Day,5.0,2000-04-28,4.5469932768775205,0.187440945935918,0.13752525937916182
Salem,5-Day,5.0,2000-04-29,4.541249928659913,0.18868395027879323,0.126674977580405
Salem,5-Day,5.0,2000-04-30,4.5354953481626,0.1899924780036101,0.11601664608194502
Salem,5-Day,5.0,2000-05-01,4.5297349467853785,0.19132821285451118,0.10497906363043834
Salem,5-Day,5.0,2000-05-02,4.523972342661626,0.19265724605131887,0.09271729696551825
Salem,5-Day,5.0,2000-05-03,4.51821013639003,0.19398048236639598,0.07294963263246255
Salem,5-Day,5.0,2000-05-04,4.512450240269628,0.19528701902850937,0.05110865991294278
Salem,5-Day,5.0,2000-05-05,4.5066940292854465,0.1965857897104015,0.028848530463505818
Salem,5-Day,5.0,2000-05-06,4.50094237658858,0.19788396667959549,0.006439996463843729
Salem,5-Day,5.0,2000-05-07,4.495195638994018,0.1991844850317741,-0.016133577742496914
Salem,5-Day,5.0,2000-05-08,4.489453679121928,0.2004888188952845,-0.03890636276871228
Salem,5-Day,5.0,2000-05-09,4.4837159609010815,0.20179783464035772,-0.061906170175194196
Salem,5-Day,5.0,2000-05-10,4.4779816687009175,0.2031116206487355,-0.0851735248140178
Salem,5-Day,5.0,2000-05-11,4.47224991036702,0.20442947835040057,-0.10876496361241081
Salem,5-Day,5.0,2000-05-12,4.466519845227986,0.20575067026031763,-0.13274391737363392
Salem,5-Day,5.0,2000-05-13,4.4607906723759,0.20707485595211983,-0.1571559207237313
Salem,5-Day,5.0,2000-05-14,4.455061635230967,0.20840114749720556,-0.1820193822577409
Salem,5-Day,5.0,2000-05-15,4.449332079947538,0.20972822805151103,-0.20732590712399065
Willamette Falls,1-Day,1.0,2000-01-01,5.236841315231011,0.17383365456819183,-0.37768032340990504
Willamette Falls,1-Day,1.0,2000-01-02,5.233458053940342,0.17356155557232114,-0.3604054999509306
Willamette Falls,1-Day,1.0,2000-01-03,5.230060021131873,0.17328673348997317,-0.343037159484411
Willamette Falls,1-Day,1.0,2000-01-04,5.226646865859171,0.17301041922952726,-0.32558515432844887
Willamette Falls,1-Day,1.0,2000-01-05,5.223218602894582,0.1727341588055383,-0.3080648230892847
Willamette Falls,1-Day,1.0,2000-01-06,5.219775606526939,0.172459944114481,-0.29049858765723396
Willamette Falls,1-Day,1.0,2000-01-07,5.216318599042095,0.1721899380459082,-0.27291299287049725
Willamette Falls,1-Day,1.0,2000-01-08,5.21284867092434,0.17192601314067546,-0.2553335982625155
Willamette Falls,1-Day,1.0,2000-01-09,5.209367241230468,0.17166972105479683,-0.23778433969619844
Willamette Falls,1-Day,1.0,2000-01-10,5.205875962060912,0.17142223954239688,-0.22028637242649995
Willamette Falls,1-Day,1.0,2000-01-11,5.202376638557761,0.1711839506344257,-0.2028526195201496
Willamette Falls,1-Day,1.0,2000-01-12,5.198871177353155,0.17095300846306857,-0.18547025780248808
Willamette Falls,1-Day,1.0,2000-01-13,5.195361560313944,0.170722571494743,-0.16806659572113034
Willamette Falls,1-Day,1.0,2000-01-14,5.191849884259895,0.17048057164515665,-0.15050410005940515
Willamette Falls,1-Day,1.0,2000-01-15,5.188338434189632,0.17075533872174148,-0.13916885635313894
Willamette Falls,1-Day,1.0,2000-01-16,5.184829655015891,0.17127482667683672,-0.13084691008160682
Willamette Falls,1-Day,1.0,2000-01-17,5.181325820218095,0.17197342337005947,-0.12475889022389525
Willamette Falls,1-Day,1.0,2000-01-18,5.177827473341415,0.17279891763738472,-0.12026879081505801
Willamette Falls,1-Day,1.0,2000-01-19,5.174327590653844,0.1737273389549595,-0.11704662760145218
Willamette Falls,1-Day,1.0,2000-01-20,5.170796220283022,0.17476297023181056,-0.11500596532287963
Willamette Falls,1-Day,1.0,2000-01-21,5.167000402983148,0.17599824218832352,-0.11428086849030035
Willamette Falls,1-Day,1.0,2000-01-22,5.163126521188717,0.17739756453372654,-0.1151745674456614
Willamette Falls,1-Day,1.0,2000-01-23,5.159172063192727,0.1789874632035389,-0.1179444203543736
Willamette Falls,1-Day,1.0,2000-01-24,5.155139718693388,0.18065125947861285,-0.12259463660115953
Willamette Falls,1-Day,1.0,2000-01-25,5.151037658962093,0.18085358391997178,-0.12882872686858643
Willamette Falls,1-Day,1.0,2000-01-26,5.146878728137231,0.1810159231488084,-0.13616652992182326
Willamette Falls,1-Day,1.0,2000-01-27,5.142678556990367,0.1811401151858386,-0.14386706579815772
Willamette Falls,1-Day,1.0,2000-01-28,5.138452708933281,0.1812317938153221,-0.15080735395984823
Willamette Falls,1-Day,1.0,2000-01-29,5.134214594009435,0.18130351593584554,-0.15594730952097915
Willamette Falls,1-Day,1.0,2000-01-30,5.129975610242132,0.1813789158498225,-0.15866310856372456
Willamette Falls,1-Day,1.0,2000-01-31,5.1257453661343195,0.18149144764457814,-0.15857843270799882
Willamette Falls,1-Day,1.0,2000-02-01,5.12153158313456,0.18167996789536256,-0.15559516274858218
Willamette Falls,1-Day,1.0,2000-02-02,5.117339562093894,0.18196445887228413,-0.150606728481208
Willamette Falls,1-Day,1.0,2000-02-03,5.113170459070808,0.18232374393588874,-0.14563678636862704
Willamette Falls,1-Day,1.0,2000-02-04,5.109019566610889,0.18271677980105822,-0.14213058925740982
Willamette Falls,1-Day,1.0,2000-02-05,5.104876662190392,0.18310659208639798,-0.1396504199279265
Willamette Falls,1-Day,1.0,2000-02-06,5.100727843904108,0.18346732492718223,-0.1370513744532078
Willamette Falls,1-Day,1.0,2000-02-07,5.0965581021537645,0.18378106145898168,-0.13371995725406677
Willamette Falls,1-Day,1.0,2000-02-08,5.0923538104742505,0.18404201333092313,-0.13000074000220777
Willamette Falls,1-Day,1.0,2000-02-09,5.088105069610844,0.18425779414934668,-0.12699372097822376
Willamette Falls,1-Day,1.0,2000-02-10,5.08380767504901,0.18444661683731972,-0.12562492764406682
Willamette Falls,1-Day,1.0,2000-02-11,5.0794644231258275,0.18462814342853445,-0.12583181347464614
Willamette Falls,1-Day,1.0,2000-02-12,5.075080944144904,0.18480915516200483,-0.12673294607799207
Willamette Falls,1-Day,1.0,2000-02-13,5.070664165586233,0.18497769000078249,-0.127601890120804
Willamette Falls,1-Day,1.0,2000-02-14,5.0662213218754255,0.18510759612738953,-0.12854528118127348
Willamette Falls,1-Day,1.0,2000-02-15,5.061759173206804,0.18517175338724198,-0.13042698971044883
Willamette Falls,1-Day,1.0,2000-02-16,5.057284397302696,0.18500419332625787,-0.13123874151847736
Willamette Falls,1-Day,1.0,2000-02-17,5.05280534969432,0.18491160394171935,-0.13373341863960186
Willamette Falls,1-Day,1.0,2000-02-18,5.048332763736391,0.18472540755930736,-0.13614085066959122
Willamette Falls,1-Day,1.0,2000-02-19,5.043878145547833,0.1844430206971451,-0.13715687907629853
Willamette Falls,1-Day,1.0,2000-02-20,5.039452030481116,0.18407615888095433,-0.13640570990331394
Willamette Falls,1-Day,1.0,2000-02-21,5.035062587546832,0.18365065846784762,-0.13423775604191804
Willamette Falls,1-Day,1.0,2000-02-22,5.030714976568371,0.18319763334293465,-0.13107712598750274
Willamette Falls,1-Day,1.0,2000-02-23,5.026410628977412,0.1827429901835738,-0.1270554099344493
Willamette Falls,1-Day,1.0,2000-02-24,5.022147555748051,0.18230055683936058,-0.1218140656684251
Willamette Falls,1-Day,1.0,2000-02-25,5.017922786249204,0.18187010397547715,-0.11479935857337752
Willamette Falls,1-Day,1.0,2000-02-26,5.013735785890298,0.18144382377471543,-0.10592769193583973
Willamette Falls,1-Day,1.0,2000-02-27,5.009588421484249,0.1810139733899996,-0.09577708770853983
Willamette Falls,1-Day,1.0,2000-02-28,5.005484868666758,0.18057823088733294,-0.08505330274558304
Willamette Falls,1-Day,1.0,2000-03-01,4.997429896024553,0.17970197035873045,-0.06340894085650009
Willamette Falls,1-Day,1.0,2000-03-02,4.993480831619111,0.1792648967705591,-0.05284367251663507
Willamette Falls,1-Day,1.0,2000-03-03,4.989575609901399,0.17883398888638669,-0.04260232840460804
Willamette Falls,1-Day,1.0,2000-03-04,4.985703141846239,0.17842531071557166,-0.03281898293930127
Willamette Falls,1-Day,1.0,2000-03-05,4.981852504373606,0.17806003583545138,-0.023557897941172874
Willamette Falls,1-Day,1.0,2000-03-06,4.978014541930938,0.17775816092996222,-0.014731727881613567
Willamette Falls,1-Day,1.0,2000-03-07,4.97418350306432,0.1775330805521544,-0.00606538411254492
Willamette Falls,1-Day,1.0,2000-03-08,4.970356281699837,0.17739249725313935,0.0028818910720987195
Willamette Falls,1-Day,1.0,2000-03-09,4.966528894297855,0.17734158492755223,0.01262188547248404
Willamette Falls,1-Day,1.0,2000-03-10,4.962693718963521,0.17738183247280195,0.023572474781650518
Willamette Falls,1-Day,1.0,2000-03-11,4.958834865273209,0.17750856150817818,0.035898616379288165
Willamette Falls,1-Day,1.0,2000-03-12,4.954926880118409,0.17766015012811973,0.04941311002876012
Willamette Falls,1-Day,1.0,2000-03-13,4.950938513551332,0.17777553267270654,0.06366088802918796
Willamette Falls,1-Day,1.0,2000-03-14,4.946838424058772,0.17802468410397349,0.07663608883914089
Willamette Falls,1-Day,1.0,2000-03-15,4.94260107104561,0.17815598841273894,0.09158712844784311
Willamette Falls,1-Day,1.0,2000-03-16,4.938210532849222,0.17836646969399741,0.10609861443773555
Willamette Falls,1-Day,1.0,2000-03-17,4.93366170839846,0.17930116814598898,0.112
Willamette Falls,1-Day,1.0,2000-03-18,4.928959595011394,0.1798749958885575,0.12298460375123511
Willamette Falls,1-Day,1.0,2000-03-19,4.9241161643615206,0.18049405936487078,0.13386558050449487
Willamette Falls,1-Day,1.0,2000-03-20,4.919142171870972,0.1811800784242774,0.1443199706004208
Willamette Falls,1-Day,1.0,2000-03-21,4.914036774833663,0.18193054302627906,0.15437683933088522
Willamette Falls,1-Day,1.0,2000-03-22,4.908797178408182,0.18274258487455483,0.1640780279013726
Willamette Falls,1-Day,1.0,2000-03-23,4.903414258401042,0.18360733776624294,0.17356557351179042
Willamette Falls,1-Day,1.0,2000-03-24,4.897874083737503,0.18450270663341606,0.18316587332229117
Willamette Falls,1-Day,1.0,2000-03-25,4.892164714771113,0.18535574641428662,0.19383677015835324
Willamette Falls,1-Day,1.0,2000-03-26,4.886280609937351,0.18600246770057696,0.20766050357039384
Willamette Falls,1-Day,1.0,2000-03-27,4.880225901944132,0.18635660784998964,0.22572519632252686
Willamette Falls,1-Day,1.0,2000-03-28,4.874017256347338,0.18647304990450417,0.2458771934546918
Willamette Falls,1-Day,1.0,2000-03-29,4.867683512622543,0.18643339618723564,0.24904638413358493
Willamette Falls,1-Day,1.0,2000-03-30,4.861259917783395,0.18627084963090934,0.25022567344894653
Willamette Falls,1-Day,1.0,2000-03-31,4.85477979723926,0.1860225768415876,0.2503482158577439
Willamette Falls,1-Day,1.0,2000-04-01,4.848268097013194,0.18576596758331865,0.2504545896879268
Willamette Falls,1-Day,1.0,2000-04-02,4.841740701031809,0.18558523253810524,0.25129259569073004
Willamette Falls,1-Day,1.0,2000-04-03,4.835205770984904,0.18552431649853796,0.2531356246425822
Willamette Falls,1-Day,1.0,2000-04-04,4.828664757395441,0.18556732039523036,0.2558276121291352
Willamette Falls,1-Day,1.0,2000-04-05,4.822115540984606,0.18563699741489975,0.2589447093598325
Willamette Falls,1-Day,1.0,2000-04-06,4.8155534986041415,0.18560002331126876,0.2620194115157472
Willamette Falls,1-Day,1.0,2000-04-07,4.808974838654083,0.18531900547127644,0.2647944398871417
Willamette Falls,1-Day,1.0,2000-04-08,4.80237954988985,0.1848389544140471,0.2672933333410112
Willamette Falls,1-Day,1.0,2000-04-09,4.795771276728435,0.1845250860051194,0.26956148748033093
Willamette Falls,1-Day,1.0,2000-04-10,4.789155036982944,0.18460055220346425,0.27078411902568694
Willamette Falls,1-Day,1.0,2000-04-11,4.782534954644033,0.18490796953211955,0.26935209520595443
Willamette Falls,1-Day,1.0,2000-04-12,4.775913780490558,0.18527399267741587,0.2645115820775745
Willamette Falls,1-Day,1.0,2000-04-13,4.76929414892982,0.1856483065030567,0.2572697747689267
Willamette Falls,1-Day,1.0,2000-04-14,4.7626792299887395,0.18604796763538803,0.2491571240994423
Willamette Falls,1-Day,1.0,2000-04-15,4.756071790576673,0.18651134772981298,0.24113137257994868
Willamette Falls,1-Day,1.0,2000-04-16,4.749473893687958,0.18707249774940016,0.2334127879525223
Willamette Falls,1-Day,1.0,2000-04-17,4.742887112203608,0.18774367904984882,0.22561273001509738
Willamette Falls,1-Day,1.0,2000-04-18,4.736312242395304,0.18850322269560457,0.21719210086859247
Willamette Falls,1-Day,1.0,2000-04-19,4.7297488364338465,0.189303428378174,0.20810288195148754
Willamette Falls,1-Day,1.0,2000-04-20,4.723194698677001,0.19010971097424953,0.19830710672808652
Willamette Falls,1-Day,1.0,2000-04-21,4.716645046447838,0.19090987466757278,0.18730760356963805
Willamette Falls,1-Day,1.0,2000-04-22,4.7100929409462164,0.19170280866341227,0.17434012686982536
Willamette Falls,1-Day,1.0,2000-04-23,4.703529571862083,0.1925024366114876,0.1592277462532895
Willamette Falls,1-Day,1.0,2000-04-24,4.696945414910701,0.19333406712573,0.14293062166980422
Willamette Falls,1-Day,1.0,2000-04-25,4.690332758623625,0.19422690452314456,0.12704341637584066
Willamette Falls,1-Day,1.0,2000-04-26,4.6836866621298,0.1952102840802709,0.11228029530800972
Willamette Falls,1-Day,1.0,2000-04-27,4.676995004233342,0.19630570620668739,0.09823655208230675
Willamette Falls,1-Day,1.0,2000-04-28,4.6702807111708,0.1975274340958904,0.08437441768219898
Willamette Falls,1-Day,1.0,2000-04-29,4.663550802296715,0.19887535239741386,0.07055554073303856
Willamette Falls,1-Day,1.0,2000-04-30,4.6568113249953305,0.20032783694681597,0.056851986013276214
Willamette Falls,1-Day,1.0,2000-05-01,4.650066566426691,0.20184605967134034,0.04317159652126265
Willamette Falls,1-Day,1.0,2000-05-02,4.64331962179307,0.20338756871695823,0.029219836273709526
Willamette Falls,1-Day,1.0,2000-05-03,4.636572765017772,0.20494624361880737,0.012605263038594609
Willamette Falls,1-Day,1.0,2000-05-04,4.629827641487615,0.20646479081814145,-0.005131350230848585
Willamette Falls,1-Day,1.0,2000-05-05,4.62308543545481,0.2079732477736434,-0.023183874872031773
Willamette Falls,1-Day,1.0,2000-05-06,4.616346953658208,0.2094841647199344,-0.041354471833538756
Willamette Falls,1-Day,1.0,2000-05-07,4.609612613701506,0.2110013581322424,-0.059614468035648474
Willamette Falls,1-Day,1.0,2000-05-08,4.602882446501019,0.21252520280403903,-0.07796465443421899
Willamette Falls,1-Day,1.0,2000-05-09,4.59615615284906,0.21405482484754842,-0.0964053059317943
Willamette Falls,1-Day,1.0,2000-05-10,4.589433199375794,0.21558898429336484,-0.1149380554589127
Willamette Falls,1-Day,1.0,2000-05-11,4.582712960784011,0.21712586827897412,-0.13357406507112235
Willamette Falls,1-Day,1.0,2000-05-12,4.575994802399078,0.21866328400115834,-0.15233749177196815
Willamette Falls,1-Day,1.0,2000-05-13,4.569278121887229,0.22019916498594497,-0.17125930113960414
Willamette Falls,1-Day,1.0,2000-05-14,4.5625623962121375,0.22173184079497138,-0.19035905337864853
Willamette Falls,1-Day,1.0,2000-05-15,4.555847133968925,0.22325996885997124,-0.20963996447696695
Willamette Falls,5-Day,5.0,2000-01-01,5.1876129319350035,0.17159905042458254,-0.4443604228944916
Willamette Falls,5-Day,5.0,2000-01-02,5.184188268980969,0.17163175725318444,-0.42985621835575444
Willamette Falls,5-Day,5.0,2000-01-03,5.180748849263477,0.17163280461975275,-0.4149930435258324
Willamette Falls,5-Day,5.0,2000-01-04,5.177294347080917,0.1716026870388926,-0.399768771048654
Willamette Falls,5-Day,5.0,2000-01-05,5.173824781072463,0.17154316628715008,-0.38419633563898026
Willamette Falls,5-Day,5.0,2000-01-06,5.1703405033610075,0.1714574528026052,-0.3683060943766639
Willamette Falls,5-Day,5.0,2000-01-07,5.166842206344931,0.17134951711721577,-0.3521387538074403
Willamette Falls,5-Day,5.0,2000-01-08,5.163330954629568,0.171222555389136,-0.3357287225063797
Willamette Falls,5-Day,5.0,2000-01-09,5.159808207275775,0.1710784017064874,-0.3190974094407561
Willamette Falls,5-Day,5.0,2000-01-10,5.156275688972515,0.1709169693571796,-0.3022458920767447
Willamette Falls,5-Day,5.0,2000-01-11,5.152735211960614,0.1707348979264884,-0.28513798237077187
Willamette Falls,5-Day,5.0,2000-01-12,5.149188601327872,0.17052156396845683,-0.2676526254989657
Willamette Falls,5-Day,5.0,2000-01-13,5.145637729032,0.1702440755501579,-0.24940657177034115
Willamette Falls,5-Day,5.0,2000-01-14,5.142084593710851,0.16980951279527223,-0.22930015583256902
Willamette Falls,5-Day,5.0,2000-01-15,5.13853138255554,0.16938135091666034,-0.20922082877646564
Willamette Falls,5-Day,5.0,2000-01-16,5.134980388562511,0.16920392630978626,-0.19209346978669511
Willamette Falls,5-Day,5.0,2000-01-17,5.131433543521264,0.16929998951088535,-0.1782630562887392
Willamette Falls,5-Day,5.0,2000-01-18,5.1278907150154325,0.16963777665604415,-0.16739177337125655
Willamette Falls,5-Day,5.0,2000-01-19,5.124343793486574,0.1701663426249321,-0.1588515428754262
Willamette Falls,5-Day,5.0,2000-01-20,5.120761881924563,0.17084860100127972,-0.15206937197118456
Willamette Falls,5-Day,5.0,2000-01-21,5.116940262278293,0.17173566301310275,-0.14680056841915853
Willamette Falls,5-Day,5.0,2000-01-22,5.113038156143935,0.1727748954879714,-0.1430676772836745
Willamette Falls,5-Day,5.0,2000-01-23,5.109050943196323,0.17398917438485753,-0.1411024660130192
Willamette Falls,5-Day,5.0,2000-01-24,5.104980454689621,0.1754133673756559,-0.14128897910202612
Willamette Falls,5-Day,5.0,2000-01-25,5.1008346531184285,0.1770804861420973,-0.14398953735363473
Willamette Falls,5-Day,5.0,2000-01-26,5.096625858756275,0.1790050941711325,-0.14934080773812836
Willamette Falls,5-Day,5.0,2000-01-27,5.092368690273784,0.18117270220323675,-0.15713433952929198
Willamette Falls,5-Day,5.0,2000-01-28,5.088077566142147,0.183512695651077,-0.16653218888074992
Willamette Falls,5-Day,5.0,2000-01-29,5.083763754347267,0.18366886888247091,-0.17596078168620938
Willamette Falls,5-Day,5.0,2000-01-30,5.079436226806075,0.18373533827973382,-0.18354325693948942
Willamette Falls,5-Day,5.0,2000-01-31,5.075104793486625,0.18384411746471288,-0.18779332320084186
Willamette Falls,5-Day,5.0,2000-02-01,5.070781189666099,0.1840553998221935,-0.18812568152293732
Willamette Falls,5-Day,5.0,2000-02-02,5.06647695609653,0.18440719545943451,-0.1850472529148974
Willamette Falls,5-Day,5.0,2000-02-03,5.062200130813848,0.18488580752267078,-0.17988006759549566
Willamette Falls,5-Day,5.0,2000-02-04,5.057952257569204,0.18544260636719545,-0.17422239473391507
Willamette Falls,5-Day,5.0,2000-02-05,5.0537273537881875,0.1860204155121615,-0.16923371429057577
Willamette Falls,5-Day,5.0,2000-02-06,5.049513446533761,0.18656962073948188,-0.1651977856795727
Willamette Falls,5-Day,5.0,2000-02-07,5.045295169665669,0.18705387866016174,-0.16197109941432322
Willamette Falls,5-Day,5.0,2000-02-08,5.041056992542381,0.18746059805392618,-0.1595150214248158
Willamette Falls,5-Day,5.0,2000-02-09,5.0367867044930925,0.1878033812622778,-0.1578749222410463
Willamette Falls,5-Day,5.0,2000-02-10,5.032477547434149,0.1881106034315475,-0.15685726646557968
Willamette Falls,5-Day,5.0,2000-02-11,5.028129069547027,0.1884092057063498,-0.1561822261422599
Willamette Falls,5-Day,5.0,2000-02-12,5.023744574284022,0.18870760799299854,-0.15573652464610568
Willamette Falls,5-Day,5.0,2000-02-13,5.019329371553414,0.18899031431063837,-0.15565323807684497
Willamette Falls,5-Day,5.0,2000-02-14,5.014890060952848,0.18922770358703503,-0.15610606866558535
Willamette Falls,5-Day,5.0,2000-02-15,5.010433298154873,0.1893915712173765,-0.15718053150415817
Willamette Falls,5-Day,5.0,2000-02-16,5.005965250196498,0.18929257716645587,-0.1570101571084998
Willamette Falls,5-Day,5.0,2000-02-17,5.0014929565368265,0.18928421480862997,-0.15767507138426842
Willamette Falls,5-Day,5.0,2000-02-18,4.997025707345813,0.1891677401996998,-0.15887810031400967
Willamette Falls,5-Day,5.0,2000-02-19,4.992573564695785,0.18893396654290814,-0.15964045196325588
Willamette Falls,5-Day,5.0,2000-02-20,4.988145910979152,0.18858390645811937,-0.1588126933422446
Willamette Falls,5-Day,5.0,2000-02-21,4.983750957946831,0.18813511678781658,-0.15574539711800284
Willamette Falls,5-Day,5.0,2000-02-22,4.9793967098372995,0.18761875683078372,-0.15045994781653918
Willamette Falls,5-Day,5.0,2000-02-23,4.97509015880975,0.18706859618917446,-0.14332217951433346
Willamette Falls,5-Day,5.0,2000-02-24,4.970835667211476,0.18650915571355264,-0.13462190848831243
Willamette Falls,5-Day,5.0,2000-02-25,4.966635055025725,0.18595064926240262,-0.12442449982327825
Willamette Falls,5-Day,5.0,2000-02-26,4.962489756727146,0.18539280632825714,-0.11281909580573138
Willamette Falls,5-Day,5.0,2000-02-27,4.958401568935792,0.18483243871596952,-0.10017306084265636
Willamette Falls,5-Day,5.0,2000-02-28,4.954372272240377,0.184270185143789,-0.08711403888658004
Willamette Falls,5-Day,5.0,2000-03-01,4.946492817849331,0.18316965137483823,-0.062346264484735514
Willamette Falls,5-Day,5.0,2000-03-02,4.942635864216855,0.1826449139092533,-0.05141609291759469
Willamette Falls,5-Day,5.0,2000-03-03,4.938822762952852,0.1821415253740248,-0.04160334842717752
Willamette Falls,5-Day,5.0,2000-03-04,4.935043463217187,0.1816685238092839,-0.032968574868994016
Willamette Falls,5-Day,5.0,2000-03-05,4.931290548769194,0.18124017877680193,-0.025596454829060474
Willamette Falls,5-Day,5.0,2000-03-06,4.927560563630282,0.18087070327086,-0.019541782649454928
Willamette Falls,5-Day,5.0,2000-03-07,4.923854249168194,0.18057151194235627,-0.0146678096390502
Willamette Falls,5-Day,5.0,2000-03-08,4.920175929496339,0.1803527095295919,-0.010462606972587317
Willamette Falls,5-Day,5.0,2000-03-09,4.91652936079704,0.18022478118898896,-0.006133382049899454
Willamette Falls,5-Day,5.0,2000-03-10,4.912914286504793,0.1801925521295781,-0.0008781581442214467
Willamette Falls,5-Day,5.0,2000-03-11,4.909322522529679,0.18024915742636122,0.005846633175882807
Willamette Falls,5-Day,5.0,2000-03-12,4.905733574743756,0.18037363911641935,0.014126050568560478
Willamette Falls,5-Day,5.0,2000-03-13,4.902115265127075,0.18053773112834182,0.02364647371735505
Willamette Falls,5-Day,5.0,2000-03-14,4.8984285257189235,0.18065814675260028,0.030442445160221526
Willamette Falls,5-Day,5.0,2000-03-15,4.89463375504775,0.18086895772967534,0.04170297317194106
Willamette Falls,5-Day,5.0,2000-03-16,4.8906970700411625,0.18108953533840141,0.0532570293730588
Willamette Falls,5-Day,5.0,2000-03-17,4.886593947098368,0.18132185431718054,0.06479083713489676
Willamette Falls,5-Day,5.0,2000-03-18,4.882312259396097,0.181573098698409,0.07633946441801302
Willamette Falls,5-Day,5.0,2000-03-19,4.877852422196894,0.1818523327186466,0.08826151790841771
Willamette Falls,5-Day,5.0,2000-03-20,4.8732209244405285,0.18216497763986048,0.10101280920240668
Willamette Falls,5-Day,5.0,2000-03-21,4.868418062201215,0.18251585818453167,0.11501658608668068
Willamette Falls,5-Day,5.0,2000-03-22,4.863443269766467,0.18291474995233223,0.12901212093388947
Willamette Falls,5-Day,5.0,2000-03-23,4.858293005916812,0.18336984112388596,0.14290002482594455
Willamette Falls,5-Day,5.0,2000-03-24,4.85296139937381,0.18387863800742812,0.15672244693867474
Willamette Falls,5-Day,5.0,2000-03-25,4.847445238272533,0.18440720522780468,0.17090676189464635
Willamette Falls,5-Day,5.0,2000-03-26,4.841747283158344,0.18483011551725798,0.18701576625273347
Willamette Falls,5-Day,5.0,2000-03-27,4.835876658454889,0.18499516612759115,0.20695789439722503
Willamette Falls,5-Day,5.0,2000-03-28,4.829849436611893,0.1848540921968273,0.23071181721729994
Willamette Falls,5-Day,5.0,2000-03-29,4.8236888488259195,0.1844661702989653,0.23927032833916734
Willamette Falls,5-Day,5.0,2000-03-30,4.817422788266774,0.18392033439440647,0.24489566204050806
Willamette Falls,5-Day,5.0,2000-03-31,4.811079625477037,0.18331973696973708,0.24877723059763665
Willamette Falls,5-Day,5.0,2000-04-01,4.804683097546028,0.18275038286474954,0.25240107218605806
Willamette Falls,5-Day,5.0,2000-04-02,4.798249439644161,0.18226294877482666,0.2570072110513252
Willamette Falls,5-Day,5.0,2000-04-03,4.791786719176669,0.18187886097353215,0.2631859778327038
Willamette Falls,5-Day,5.0,2000-04-04,4.785295747102612,0.18158636700879294,0.270850713796375
Willamette Falls,5-Day,5.0,2000-04-05,4.778773948744678,0.18132882570633743,0.2793332243857369
Willamette Falls,5-Day,5.0,2000-04-06,4.772217096842342,0.1810051950143405,0.28761397450963416
Willamette Falls,5-Day,5.0,2000-04-07,4.765623073496872,0.18050158860220114,0.29486449281084126
Willamette Falls,5-Day,5.0,2000-04-08,4.758995822982786,0.17977567672416364,0.3008307473663814
Willamette Falls,5-Day,5.0,2000-04-09,4.752345478913177,0.17902252088112663,0.3060131021331129
Willamette Falls,5-Day,5.0,2000-04-10,4.745684521463684,0.1786033087683668,0.31115469941827545
Willamette Falls,5-Day,5.0,2000-04-11,4.7390240567503445,0.17859801063637165,0.3161013170608079
Willamette Falls,5-Day,5.0,2000-04-12,4.732371581185463,0.17880049556381344,0.31933825269755406
Willamette Falls,5-Day,5.0,2000-04-13,4.7257320897884645,0.17903506552680865,0.31978787853289325
Willamette Falls,5-Day,5.0,2000-04-14,4.71910948017652,0.17926588388124093,0.31809940848099394
Willamette Falls,5-Day,5.0,2000-04-15,4.71250681105888,0.17953288462420672,0.3156455525248308
Willamette Falls,5-Day,5.0,2000-04-16,4.705927276455564,0.1798846328747725,0.3134619834033186
Willamette Falls,5-Day,5.0,2000-04-17,4.699375258747048,0.18034741805560964,0.3117134490210852
Willamette Falls,5-Day,5.0,2000-04-18,4.692855122696936,0.18091188425987112,0.3096606920091606
Willamette Falls,5-Day,5.0,2000-04-19,4.686368866735481,0.1815348914108798,0.3064972323441747
Willamette Falls,5-Day,5.0,2000-04-20,4.679914763201069,0.18216673512923118,0.3019217347087128
Willamette Falls,5-Day,5.0,2000-04-21,4.673486170398309,0.18277582958614352,0.295689350254603
Willamette Falls,5-Day,5.0,2000-04-22,4.667071864910251,0.18334956603666233,0.28730965030532657
Willamette Falls,5-Day,5.0,2000-04-23,4.660658972234348,0.1839024055692135,0.2763465371502754
Willamette Falls,5-Day,5.0,2000-04-24,4.6542354343236205,0.18446891990039926,0.2627384840571361
Willamette Falls,5-Day,5.0,2000-04-25,4.6477926174014845,0.18508928831293775,0.24709293286143244
Willamette Falls,5-Day,5.0,2000-04-26,4.6413250881400465,0.1858050095477802,0.23041857808295102
Willamette Falls,5-Day,5.0,2000-04-27,4.634846443428183,0.18665226587583103,0.21351535810261282
Willamette Falls,5-Day,5.0,2000-04-28,4.628345855596727,0.1876562334264784,0.19679098621796695
Willamette Falls,5-Day,5.0,2000-04-29,4.621828107915292,0.1888201260871852,0.18042288054192343
Willamette Falls,5-Day,5.0,2000-04-30,4.615299199276958,0.19011853272818202,0.1644222435665896
Willamette Falls,5-Day,5.0,2000-05-01,4.608763833622427,0.1915080080362549,0.14846138891279162
Willamette Falls,5-Day,5.0,2000-05-02,4.602225571168823,0.1929400558184585,0.13190784760633062
Willamette Falls,5-Day,5.0,2000-05-03,4.595687149750144,0.19442646709796074,0.11125839568426846
Willamette Falls,5-Day,5.0,2000-05-04,4.589150704550706,0.19586534440311393,0.08837754755108232
Willamette Falls,5-Day,5.0,2000-05-05,4.582617949826196,0.19728579496728232,0.0648094273755652
Willamette Falls,5-Day,5.0,2000-05-06,4.57609021232453,0.19870513595843256,0.04102390751268206
Willamette Falls,5-Day,5.0,2000-05-07,4.569568319109272,0.2001305702663377,0.017134938860825656
Willamette Falls,5-Day,5.0,2000-05-08,4.5630525475889385,0.20156466675788048,-0.006826125601473228
Willamette Falls,5-Day,5.0,2000-05-09,4.556542707280392,0.2030080467076918,-0.03084619509311231
Willamette Falls,5-Day,5.0,2000-05-10,4.550038279421545,0.20446025777957347,-0.054931231745881395
Willamette Falls,5-Day,5.0,2000-05-11,4.543538598656951,0.20591975403619614,-0.07911296903938414
Willamette Falls,5-Day,5.0,2000-05-12,4.537043005139338,0.20738430515384154,-0.10344591421357859
Willamette Falls,5-Day,5.0,2000-05-13,4.5305508513302515,0.20885160840308192,-0.1279960866480392
Willamette Falls,5-Day,5.0,2000-05-14,4.52406153554123,0.2103193943086103,-0.15281265026004504
Willamette Falls,5-Day,5.0,2000-05-15,4.517574491892338,0.2117853795556478,-0.17792066425842493
